"SAMPLE_CODE","TRACK_TIME_SEC","SR_87_86","Region_ID"
1,1,18.6372961465869,5
1,2,18.3284154922992,5
1,3,19.4575214563535,5
1,4,19.204744365514,5
1,5,20.1602767371178,5
1,6,18.7761088921213,5
1,7,19.5278354599841,5
1,8,18.5301879793604,5
1,9,19.1995198514584,5
1,10,19.4750131589763,5
1,11,18.598331238268,5
1,12,19.023581359992,5
1,13,18.6964319339017,5
1,14,19.4491434676371,5
1,15,19.4180353032069,5
1,16,18.9343116508981,5
1,17,19.2121638737193,5
1,18,18.3634581737483,5
1,19,18.1801487181805,5
1,20,19.0733727073992,5
1,21,20.0598527046222,5
1,22,19.3529534186248,5
1,23,20.2830558388612,5
1,24,18.7451513658944,5
1,25,18.7743561791512,5
1,26,18.9876628202801,5
1,27,18.6752480184651,5
1,28,18.9799848468206,5
1,29,18.8497499731983,5
1,30,18.2073499542524,5
1,31,19.2697637889267,5
1,32,20.1375162144543,5
1,33,18.6349954425325,5
1,34,18.0742275856793,5
1,35,19.0122165998294,5
1,36,18.5142160451935,5
1,37,18.3099081678027,5
1,38,19.6597616872954,5
1,39,19.1985926131897,5
1,40,19.0479922223248,5
1,41,20.0036080794116,5
1,42,19.155438501803,5
1,43,20.0080283501849,5
1,44,19.2086789449119,5
1,45,18.137874642075,5
1,46,18.9520884838541,5
1,47,18.5978224800037,5
1,48,18.4102763483638,5
1,49,18.9757883306501,5
1,50,18.7081159238312,5
1,51,19.3017421093008,5
1,52,19.2996841322238,5
1,53,19.0028477178195,5
1,54,19.3230149237119,5
1,55,19.2503030654902,5
1,56,19.6314665963242,5
1,57,18.9064516816275,5
1,58,19.3698907746726,5
1,59,19.2984204163898,5
1,60,19.0459974781853,5
1,61,18.0487140731139,5
1,62,18.9537400040157,5
1,63,19.3946442828352,5
1,64,20.0395075483706,5
1,65,19.5409956441859,5
1,66,19.2169024558471,5
1,67,19.0154490875517,5
1,68,18.6525393397848,5
1,69,19.391177127505,5
1,70,19.3776784930637,5
1,71,17.8485493020633,5
1,72,19.1189328638817,5
1,73,18.8489137064543,5
1,74,18.7376145170144,5
1,75,19.432963964001,5
1,76,18.9169657625088,5
1,77,17.4313618826968,4
1,78,17.9366577288021,4
1,79,17.5727228008482,4
1,80,16.9328760727515,4
1,81,17.3063187135271,4
1,82,17.2166928532419,4
1,83,16.2488664178105,4
1,84,16.4945329724116,4
1,85,16.8050424775825,4
1,86,17.5254245503414,4
1,87,17.199473733142,4
1,88,17.2130012035826,4
1,89,17.1783630172984,4
1,90,16.9387117154949,4
1,91,16.9957986115425,4
1,92,17.0310620128436,4
1,93,16.5275808273816,4
1,94,16.4434952599273,4
1,95,15.8821611011207,4
1,96,16.7419906548448,4
1,97,17.1226990849117,4
1,98,16.3171224676035,4
1,99,17.3378173476097,4
1,100,16.9955569630401,4
2,1,13.350498945634,6
2,2,14.8096855040633,3
2,3,15.2418919219158,3
2,4,15.1170880968165,3
2,5,16.4655355466197,4
2,6,17.6933894919505,4
2,7,16.4806201560825,4
2,8,16.4654538836977,4
2,9,17.6269349452787,4
2,10,17.5237954325355,4
2,11,17.2616482497595,4
2,12,17.0169607655756,4
2,13,17.4279119682541,4
2,14,16.7553427596659,4
2,15,17.0376807666148,4
2,16,17.2118048523163,4
2,17,15.1014688720112,3
2,18,12.7798329964869,6
2,19,12.9337194428313,6
2,20,11.8710125447665,6
2,21,12.2502571941357,6
2,22,12.9688192431194,6
2,23,14.871247884257,3
2,24,15.5699194319153,3
2,25,15.2675247628739,3
2,26,14.5571241167435,3
2,27,14.5638907065995,3
2,28,14.8201205239635,3
2,29,14.640680014897,3
2,30,14.4530035697672,3
2,31,15.6167993113776,3
2,32,14.3898562736278,3
2,33,15.6567226896718,3
2,34,14.9718112533849,3
2,35,14.54363854866,3
2,36,14.168793938307,3
2,37,14.8541064132935,3
2,38,14.6311016657467,3
2,39,15.043251876282,3
2,40,15.0279156558402,3
2,41,14.8501674044468,3
2,42,14.6963235443499,3
2,43,15.4003639026712,3
2,44,14.8641610535535,3
2,45,14.9195714626005,3
2,46,14.9083232877523,3
2,47,14.4301239308746,3
2,48,15.461844977349,3
2,49,15.1926075407592,3
2,50,13.6876488486573,6
2,51,12.5935068672223,6
2,52,12.8307699031106,6
2,53,12.3849547389738,6
2,54,13.1612351026287,6
2,55,12.6374538005263,6
2,56,13.0544029301939,6
2,57,13.2150233712191,6
2,58,13.4320939963202,6
2,59,14.1225875588509,6
2,60,12.6737765466886,6
2,61,13.3123667697179,6
2,62,12.9422507699646,6
2,63,12.824933300198,6
2,64,12.5380725072877,6
2,65,13.1285528302976,6
2,66,12.1973265188966,6
2,67,13.0964407557419,6
2,68,13.3612318534947,3
2,69,14.4475672517546,3
2,70,15.0034302230579,3
2,71,15.0090939069115,3
2,72,15.4766741509251,3
2,73,14.7011301560799,3
2,74,14.6718606701356,3
2,75,13.2085681997339,6
2,76,13.2077074350418,6
2,77,13.4589436814148,6
2,78,12.8283256930241,6
2,79,13.1747801935348,6
2,80,13.0608877411684,6
2,81,12.6016730457769,6
2,82,12.5326830480766,6
2,83,13.335856286776,6
2,84,15.086335364161,3
2,85,14.2244225616289,3
2,86,13.19376089421,6
2,87,13.498385481145,6
2,88,11.9644873949114,6
2,89,12.2693198143884,6
2,90,13.3742299555735,6
2,91,13.1510033175001,6
2,92,12.0409075440738,6
2,93,14.9647928569156,3
2,94,12.990516359919,6
2,95,12.898195249882,6
2,96,12.4176136274937,6
2,97,12.9443350070189,6
2,98,12.5443420204073,6
2,99,13.0879652129143,6
2,100,12.9226487538007,6
3,1,12.3590879887121,6
3,2,12.3312688649577,6
3,3,14.0093893297522,6
3,4,12.8558376889354,6
3,5,13.3243604726209,6
3,6,12.3599634377733,6
3,7,14.6646042992591,3
3,8,13.7130512799296,6
3,9,13.59328613628,6
3,10,12.4450018012045,6
3,11,12.8454285528095,6
3,12,12.8262875905814,6
3,13,12.6996857384632,6
3,14,14.0496566989069,3
3,15,12.5198047770344,6
3,16,13.8496377669559,6
3,17,14.6697295234902,3
3,18,16.032413203323,3
3,19,14.5824698744601,3
3,20,14.8850214103563,3
3,21,12.8384723316388,6
3,22,13.8357102459841,6
3,23,12.6694227540681,6
3,24,12.6814742579374,6
3,25,12.9548400958504,6
3,26,12.9802090137667,6
3,27,12.8871527000631,6
3,28,13.8409953995834,6
3,29,12.4159492879538,6
3,30,12.2541597623355,6
3,31,14.9046119955052,3
3,32,15.434164192057,3
3,33,15.4812846732132,3
3,34,14.479826010961,3
3,35,15.0741304665873,3
3,36,14.7454820126423,3
3,37,15.5617571717771,3
3,38,15.2813971893503,3
3,39,14.508905165391,3
3,40,15.7350514795533,3
3,41,15.3879107761895,3
3,42,15.1246669556127,3
3,43,15.1147697751872,3
3,44,14.5036207624751,3
3,45,14.9302152578507,3
3,46,14.6763771111912,3
3,47,14.9004756722512,3
3,48,16.9884244532314,4
3,49,17.1429953420416,4
3,50,17.5085472136802,4
3,51,16.3570467234915,4
3,52,16.3308674390965,4
3,53,16.9965764606058,4
3,54,17.0649137063533,4
3,55,16.83482838438,4
3,56,16.6368340868837,4
3,57,17.3250078355292,4
3,58,16.0542565270285,4
3,59,16.7860960938999,4
3,60,16.7692665433825,4
3,61,16.5182728508338,4
3,62,17.9996076761922,4
3,63,16.4422008092516,4
3,64,17.3802383609221,4
3,65,17.6765361604207,4
3,66,17.3999555291361,4
3,67,16.3595166950851,4
3,68,17.0594537230973,4
3,69,17.4345811796528,4
3,70,18.573575481065,4
3,71,16.5384338217246,4
3,72,16.4764247205882,4
3,73,16.9085289933386,4
3,74,16.8098370502555,4
3,75,16.7477044426424,4
3,76,16.6135745155245,4
3,77,16.8539518501153,4
3,78,17.1195537285362,4
3,79,16.6083377484518,4
3,80,17.0433925838902,4
3,81,16.568036378573,4
3,82,17.6462455909618,4
3,83,17.3303918979498,4
3,84,17.0738989296621,4
3,85,15.2942054298757,3
3,86,14.5268898405608,3
3,87,15.5506401572278,3
3,88,14.8353194602658,3
3,89,14.5989211639302,3
3,90,15.9166760139997,3
3,91,13.9155102305176,6
3,92,12.7399874745662,6
3,93,12.4042791356705,6
3,94,12.9275761734724,6
3,95,14.7042555069465,3
3,96,14.2253201076601,3
3,97,15.0561988946263,3
3,98,15.3739910944696,3
3,99,15.2311201246646,3
3,100,13.5270790240968,6
4,1,10.5859108134587,8
4,2,9.26166754705444,9
4,3,8.89498407200685,9
4,4,9.10295920700383,9
4,5,7.7456202032211,9
4,6,11.4617213695751,8
4,7,11.0953848539433,8
4,8,10.8476983040382,8
4,9,17.0652864558419,11
4,10,17.2509316668934,11
4,11,18.1555428775515,11
4,12,16.6069579917384,11
4,13,17.3249132441446,11
4,14,17.2306945279999,11
4,15,17.4842260829692,11
4,16,17.0693018878355,11
4,17,17.5622056072332,11
4,18,16.9137196182336,11
4,19,16.9613039824544,11
4,20,17.3827953839435,11
4,21,16.8221362473191,11
4,22,17.0448762011655,11
4,23,17.385642295655,11
4,24,16.8150736412266,11
4,25,17.5452149844352,11
4,26,18.0598906262682,11
4,27,15.8517576574551,11
4,28,16.753027270778,11
4,29,16.558951492583,11
4,30,16.7780376973767,11
4,31,16.8460208528235,11
4,32,17.5212304474123,11
4,33,17.6022599401507,11
4,34,11.3819984709125,8
4,35,11.3605942872394,8
4,36,12.378939747924,8
4,37,10.2688735602233,8
4,38,10.8824032143591,8
4,39,11.5190232428378,8
4,40,11.6072172237558,8
4,41,17.2452608427732,11
4,42,17.0633676316785,11
4,43,17.0182494487367,11
4,44,17.2653537502627,11
4,45,17.6097633463342,11
4,46,17.0238145605484,11
4,47,17.0951763205307,11
4,48,17.7560967028291,11
4,49,16.6464286715096,11
4,50,17.1907382287495,11
4,51,16.743252443779,11
4,52,16.9768554604065,11
4,53,17.4777579945494,11
4,54,17.3075768857236,11
4,55,16.4024786816618,11
4,56,11.1586290845614,8
4,57,11.1002136110356,8
4,58,10.9966915356877,8
4,59,9.85872140734326,9
4,60,9.65453046607884,9
4,61,8.70420078990689,9
4,62,11.5586356136791,8
4,63,8.11183813179928,9
4,64,9.90554743732146,9
4,65,8.92088318110533,9
4,66,9.02308736560109,9
4,67,8.57623252839494,9
4,68,8.98715631841291,9
4,69,10.3369618946483,8
4,70,9.80988522984286,9
4,71,8.88457143061749,9
4,72,9.40937585112125,9
4,73,9.64133659208614,8
4,74,9.20576643395477,9
4,75,11.1261535732323,8
4,76,11.2469116715239,8
4,77,10.6992521084042,8
4,78,10.2090485821161,8
4,79,8.75918746532293,9
4,80,8.36637035224194,9
4,81,10.3234748674146,9
4,82,11.5642115195946,8
4,83,9.00423876885107,9
4,84,11.8663514716804,8
4,85,10.7913887011714,8
4,86,11.8917772446767,8
4,87,11.0973278043646,8
4,88,10.4602693581594,8
4,89,16.5926132428262,11
4,90,16.7916020505366,11
4,91,16.7737250755981,11
4,92,11.2777647590746,8
4,93,9.10663582320272,9
4,94,9.35953502692971,9
4,95,8.52349224399667,9
4,96,9.68235878096723,9
4,97,9.30273794405529,9
4,98,10.7538004622487,8
4,99,10.5622308122586,8
4,100,9.39192824050875,9
5,1,19.336263234399,12
5,2,18.4515635950121,12
5,3,19.5246510258771,12
5,4,19.1763548164992,12
5,5,19.3048319702436,12
5,6,19.0046928128634,12
5,7,19.1277279493186,12
5,8,18.7274426177019,12
5,9,18.556383063075,12
5,10,18.8844385615383,12
5,11,19.1511344219965,12
5,12,18.8073711883564,12
5,13,19.4433089604685,12
5,14,19.4564159142124,12
5,15,18.1388071105601,12
5,16,18.8900726892136,12
5,17,18.5323391592881,12
5,18,18.9764215703544,12
5,19,19.2764647529002,12
5,20,18.289954087472,12
5,21,19.3126359215977,12
5,22,18.5036425854948,12
5,23,18.8663303276721,12
5,24,19.6089511258969,12
5,25,18.6789578797322,12
5,26,19.8293331168431,12
5,27,18.2954730809928,12
5,28,18.8821842155169,12
5,29,19.2566574418869,12
5,30,18.8147408618856,12
5,31,19.4723069953169,12
5,32,18.7751323563091,12
5,33,18.993248459436,12
5,34,17.7287779129931,12
5,35,18.8850657706467,12
5,36,19.5119281329769,12
5,37,19.1359672871023,12
5,38,19.9550759558711,12
5,39,20.307377925427,12
5,40,19.4772491612236,12
5,41,19.01763828894,12
5,42,18.1675125294921,12
5,43,18.7684705612265,12
5,44,19.3498562810731,12
5,45,19.788217869163,12
5,46,19.286837563666,12
5,47,19.3621779644623,12
5,48,19.4191403811836,12
5,49,19.3656962339786,12
5,50,18.0913717277711,12
5,51,20.0889301412833,12
5,52,19.2874909474428,12
5,53,18.8292290907747,12
5,54,18.0408694184508,12
5,55,19.4679196635548,12
5,56,18.4611952893882,12
5,57,18.4089228202377,12
5,58,19.9167681981381,12
5,59,19.6048535590233,12
5,60,19.6264759012567,12
5,61,18.7323901022637,12
5,62,19.1033097169974,12
5,63,19.4620869898638,12
5,64,18.7366105257616,12
5,65,18.8402416043365,12
5,66,19.8884823993433,12
5,67,18.7664900790667,12
5,68,18.968656886097,12
5,69,18.3354163397537,12
5,70,18.7742582531359,12
5,71,19.9503578406748,12
5,72,19.0490364144132,12
5,73,18.5950118367271,12
5,74,19.2859723807841,12
5,75,19.3519212177494,12
5,76,19.1351451471123,12
5,77,19.6005413217901,12
5,78,18.132934018914,12
5,79,18.811779017227,12
5,80,18.4791813311021,12
5,81,18.3866141993795,12
5,82,18.9561632639593,12
5,83,18.5108401671492,12
5,84,19.012632779429,12
5,85,18.7841476420361,12
5,86,18.8970532124325,12
5,87,19.3693144689539,12
5,88,17.6026839126965,12
5,89,18.8549504267691,12
5,90,18.6864728760446,12
5,91,17.9998867141814,12
5,92,19.4312962885867,12
5,93,18.8578258490072,12
5,94,19.4710290878003,12
5,95,19.4275389351899,12
5,96,18.9108051308667,12
5,97,18.7438341088699,12
5,98,19.1092861319644,12
5,99,17.4397305310148,12
5,100,19.2235662742655,12
6,1,9.14458273052508,2
6,2,10.1399330908601,2
6,3,9.55064819259268,2
6,4,10.1148604273826,2
6,5,9.71424642210307,2
6,6,10.1668013039889,2
6,7,10.4220726094892,2
6,8,9.71671527381795,2
6,9,10.4338079389302,2
6,10,8.90448019529947,2
6,11,9.55240847888054,2
6,12,9.42843712092795,2
6,13,9.95640818425725,2
6,14,9.9572641589061,2
6,15,10.186985412593,2
6,16,9.84828932244246,2
6,17,10.73700699499,8
6,18,10.7211439235563,8
6,19,11.4244708270046,8
6,20,11.7895356813229,8
6,21,11.792728233488,8
6,22,10.7995874559757,8
6,23,11.0889338884628,8
6,24,8.91646563745106,9
6,25,8.67486625671917,9
6,26,8.90590822967903,9
6,27,10.9289029789891,8
6,28,10.9160910344487,8
6,29,10.8667210571359,8
6,30,8.69922624900597,9
6,31,9.77485263590059,9
6,32,11.2514781507422,8
6,33,8.34865139014577,9
6,34,8.6317262943935,9
6,35,9.32919673566354,9
6,36,10.8363770822852,8
6,37,11.3841355351169,8
6,38,10.4840709668112,8
6,39,10.9419645607808,8
6,40,10.6938307110006,8
6,41,11.0239921223322,8
6,42,11.5950603477556,8
6,43,8.81874863916162,9
6,44,10.6031878498381,8
6,45,11.3423388722095,8
6,46,11.2407231198868,8
6,47,11.4625159039551,8
6,48,8.92679553869632,9
6,49,11.0216245578894,8
6,50,9.3122818869274,9
6,51,11.1909340281855,8
6,52,11.9785482172488,8
6,53,8.75461839904804,9
6,54,9.37607923476789,9
6,55,9.04321239437234,9
6,56,10.9169057213771,8
6,57,10.4757557278627,8
6,58,10.4800335836538,8
6,59,10.8476476254779,8
6,60,11.2701626028923,8
6,61,9.31264448451088,9
6,62,9.37178654231118,9
6,63,8.48287968154451,9
6,64,8.60721328470741,9
6,65,9.50206199490674,9
6,66,11.7737923655726,8
6,67,8.40633240158484,9
6,68,8.84773749109499,9
6,69,11.4450827504888,8
6,70,10.3443263709334,8
6,71,9.292396126281,9
6,72,8.57946087923219,9
6,73,8.93948744587708,9
6,74,11.4979321792548,8
6,75,10.9156192041288,8
6,76,11.0764518093652,8
6,77,11.2592106087133,8
6,78,11.1833576202246,8
6,79,9.65628275065266,9
6,80,8.70054447359386,9
6,81,11.1858370564483,8
6,82,10.1325505709006,8
6,83,9.35678047079242,9
6,84,11.4554513964534,8
6,85,12.0349332352035,8
6,86,8.95603212698608,9
6,87,9.74887777473157,9
6,88,10.6074114170434,8
6,89,9.2250859775235,9
6,90,9.21512258679796,9
6,91,8.6732374302746,9
6,92,11.1810746216561,8
6,93,10.9341637333428,8
6,94,9.3680102652047,9
6,95,10.9880388685744,8
6,96,10.7443594905821,8
6,97,10.8954609121464,8
6,98,10.8420570112915,8
6,99,8.89715747531542,9
6,100,8.65766825443369,9
7,1,16.6277452380364,11
7,2,16.0570394190745,11
7,3,17.3259942320756,11
7,4,17.055781769462,11
7,5,16.8359346847576,11
7,6,16.676360940176,11
7,7,17.7408902344251,11
7,8,17.4636492112867,11
7,9,17.3830009856887,11
7,10,17.6858550061248,11
7,11,17.0729453573033,11
7,12,17.549214057319,11
7,13,16.5592816302849,11
7,14,10.7216390213941,8
7,15,11.2098347698898,8
7,16,9.2361887456219,9
7,17,10.2608486192304,8
7,18,11.0830890458426,8
7,19,11.3214030992376,8
7,20,10.9585343577014,8
7,21,10.7826575171104,8
7,22,10.7016121086321,8
7,23,11.5208744612122,8
7,24,11.1327223515384,8
7,25,10.9270348110493,8
7,26,11.2624469498716,8
7,27,9.02258343458188,9
7,28,11.0253485516254,8
7,29,11.8458847469496,8
7,30,10.6266123482466,8
7,31,10.7718866204428,8
7,32,10.5293715410474,8
7,33,9.64231516739489,9
7,34,8.88622557732512,9
7,35,8.48167600391921,9
7,36,9.17254633243974,9
7,37,8.73595699598549,9
7,38,8.39525042974648,9
7,39,11.0692988276949,8
7,40,10.7544804399039,8
7,41,11.0147392770922,8
7,42,11.3416568536666,8
7,43,11.2666095148062,8
7,44,11.0825768914775,8
7,45,11.4815723973178,8
7,46,8.79112852346615,9
7,47,9.31180853398262,9
7,48,9.92518618497943,9
7,49,8.8239450636472,9
7,50,8.39090485935363,9
7,51,10.9198903008679,8
7,52,11.2212165144809,8
7,53,10.4672204921931,8
7,54,10.534644363899,8
7,55,10.1668394204796,8
7,56,10.8431363244127,8
7,57,11.539846856405,8
7,58,10.9702862559274,8
7,59,11.4094064857257,8
7,60,10.2591654716112,8
7,61,10.2134626088695,8
7,62,11.1275367010782,8
7,63,11.3902795406486,8
7,64,10.6396760490856,8
7,65,8.56578392069824,9
7,66,10.8039393853586,8
7,67,9.62492250294616,9
7,68,8.883084933148,9
7,69,10.5664085528795,8
7,70,9.36098857071242,9
7,71,10.4109589992002,8
7,72,9.83959427307166,9
7,73,8.96397181064144,9
7,74,9.40366289279931,9
7,75,8.40957194120958,9
7,76,9.56831271190181,9
7,77,10.5023180461796,8
7,78,10.3460094029939,8
7,79,11.0705124196266,8
7,80,8.81558228745967,9
7,81,9.42378185299549,9
7,82,11.9389311140879,8
7,83,11.0364202512421,8
7,84,8.24151033241901,9
7,85,8.30673191787716,9
7,86,9.65390671396401,9
7,87,8.47166251054573,9
7,88,8.23776170512292,9
7,89,10.0721551057124,8
7,90,8.57372006503898,9
7,91,8.11945830394874,9
7,92,8.52774714614518,9
7,93,11.1587580281163,8
7,94,9.05371812617704,9
7,95,11.4359969029743,8
7,96,12.0968283875422,8
7,97,9.45778754484556,9
7,98,8.4717152241853,9
7,99,16.9540020773974,11
7,100,16.2624785307104,11
8,1,19.1279868970965,12
8,2,18.564540086571,12
8,3,19.2291918326561,12
8,4,19.0745127028971,12
8,5,19.5955709640449,12
8,6,19.6891032514257,12
8,7,18.2827605437746,12
8,8,18.8395875710236,12
8,9,19.6765767747584,12
8,10,19.7039864099605,12
8,11,19.0284002659538,12
8,12,18.7355324713335,12
8,13,19.0160351195081,12
8,14,19.1341161280542,12
8,15,19.1392045942119,12
8,16,19.1776187642084,12
8,17,18.5595618352724,12
8,18,18.8979924723852,12
8,19,19.5255072970125,12
8,20,19.3248742468279,12
8,21,18.7048359490417,12
8,22,18.3616513231536,12
8,23,18.7383751607876,12
8,24,18.6172987397651,12
8,25,19.3241459344963,12
8,26,19.1496572111135,12
8,27,18.7396522284518,12
8,28,18.4357154517009,12
8,29,19.5235263518512,12
8,30,19.2743081835714,12
8,31,18.8042322429798,12
8,32,19.1085305986757,12
8,33,18.9512807887767,12
8,34,18.8237364107708,12
8,35,18.7375853477982,12
8,36,18.8026245845909,12
8,37,18.6443049253552,12
8,38,19.3768659192674,12
8,39,18.289226158279,12
8,40,19.242169181866,12
8,41,19.2666348724273,12
8,42,19.0008001991171,12
8,43,18.84616865784,12
8,44,18.541472917208,12
8,45,19.1632462689926,12
8,46,19.1348846939781,12
8,47,18.712571961268,12
8,48,18.2913854652284,12
8,49,19.3813791781149,12
8,50,18.7269082411859,12
8,51,18.7853813756936,12
8,52,19.0482644102955,12
8,53,20.0438994291487,12
8,54,18.657151252163,12
8,55,17.4087464957597,12
8,56,19.4012031577115,12
8,57,18.4580292496498,12
8,58,18.7149926312233,12
8,59,18.576558653428,12
8,60,19.3587327854692,12
8,61,19.4367906770833,12
8,62,18.2631138415425,12
8,63,18.3887888123719,12
8,64,19.7967422822582,12
8,65,19.6299124336095,12
8,66,19.3550219810534,12
8,67,18.5026350004979,12
8,68,19.6427839381992,12
8,69,19.01494581712,12
8,70,18.9636631252214,12
8,71,19.1012925347659,12
8,72,19.43122625108,12
8,73,19.0801376945202,12
8,74,18.6730013266183,12
8,75,18.4038515198465,12
8,76,19.3941359954583,12
8,77,18.7513789242115,12
8,78,18.9426725159837,12
8,79,19.5918573564377,12
8,80,19.4091517774284,12
8,81,18.7166916996272,12
8,82,19.2402675706261,12
8,83,18.6740023382781,12
8,84,20.1902488956553,12
8,85,19.0819891516465,12
8,86,19.2354410728265,12
8,87,18.9222115373766,12
8,88,18.6521354222855,12
8,89,19.310911926482,12
8,90,19.1285100578746,12
8,91,18.9885132253811,12
8,92,18.9679615798704,12
8,93,19.885149217468,12
8,94,20.1098332979816,12
8,95,19.2805199762701,12
8,96,18.5115006932275,12
8,97,19.7606860186312,12
8,98,18.5986538489442,12
8,99,18.8100829704222,12
8,100,18.6870531117258,12
9,1,13.267973218335,6
9,2,13.8147411096279,6
9,3,12.0371733290452,6
9,4,12.1203758244687,6
9,5,13.3308265453504,6
9,6,12.2843450522724,6
9,7,12.8600085585201,6
9,8,12.5838411641223,6
9,9,13.4173447071095,6
9,10,13.267031222508,6
9,11,12.8080638412989,6
9,12,12.6165039418197,6
9,13,13.1985130809292,6
9,14,14.6991615605947,3
9,15,17.1682490218436,4
9,16,16.5875905871713,4
9,17,19.7255572268312,5
9,18,18.299422857151,5
9,19,20.0195313418151,5
9,20,18.5594312452367,5
9,21,17.8897600820636,5
9,22,19.023942706023,5
9,23,18.3923582340559,5
9,24,19.7327610974415,5
9,25,19.3673642022103,5
9,26,18.9183834451406,5
9,27,19.2859499253066,5
9,28,18.774132907421,5
9,29,19.0968315664254,5
9,30,18.2804036203833,5
9,31,18.7150259723589,5
9,32,19.2719730721303,5
9,33,19.2483348485562,5
9,34,18.8831994869699,5
9,35,18.7167022093071,5
9,36,19.3207426544875,5
9,37,19.46506778772,5
9,38,19.6115675453306,5
9,39,19.7219931661156,5
9,40,19.6704461900909,5
9,41,19.9743528139717,5
9,42,19.0059626686751,5
9,43,17.2866754021095,4
9,44,17.3689767018906,4
9,45,16.4224283307615,4
9,46,17.4905435558262,4
9,47,16.5339943253139,4
9,48,16.6449417666531,4
9,49,17.5361130547616,4
9,50,17.2374043326974,4
9,51,17.0992661973012,4
9,52,16.8550332131899,4
9,53,17.6140942061854,4
9,54,16.6281064600006,4
9,55,17.3731172094085,4
9,56,16.7976519724427,4
9,57,16.1645671017827,4
9,58,17.0082018724301,4
9,59,16.5807543541201,4
9,60,17.1464744100772,4
9,61,16.7705593050119,4
9,62,16.3034232811232,4
9,63,17.0857846998868,4
9,64,17.4553408633871,4
9,65,17.12834907928,4
9,66,16.6165290526442,4
9,67,17.3178450212673,4
9,68,17.1605892876826,4
9,69,17.1887521126104,4
9,70,16.7718843437752,4
9,71,17.1984350539286,4
9,72,16.9467327739964,4
9,73,16.6029339216642,4
9,74,16.799594361264,4
9,75,17.2785830253846,4
9,76,16.5540898714376,4
9,77,17.4339617899517,4
9,78,16.5947673461891,4
9,79,16.4822320293279,4
9,80,16.5281710838425,4
9,81,17.2753335537203,4
9,82,16.964743096494,4
9,83,17.527790314918,4
9,84,17.8342840479272,4
9,85,16.8181532886809,4
9,86,17.3680195749764,4
9,87,16.7903123859863,4
9,88,16.9018354786902,4
9,89,16.04324438564,4
9,90,17.5730073695137,4
9,91,17.1898116264483,4
9,92,16.7164329887339,4
9,93,17.1083820005421,4
9,94,16.2028636330931,4
9,95,17.0794345750745,4
9,96,13.8849525460163,3
9,97,13.7911186373597,6
9,98,12.6072351988315,6
9,99,13.3178429471997,6
9,100,12.1501922930851,6
10,1,0.0705760473872734,1
10,2,-0.00933261866805019,1
10,3,-1.08869420467178,1
10,4,0.243287308158248,1
10,5,-0.643651195490441,1
10,6,0.0622155328013833,1
10,7,-0.0579994339804462,1
10,8,-0.295745004119851,1
10,9,-0.356989344729481,1
10,10,-0.0641825980074095,1
10,11,-1.31162649627875,1
10,12,0.222001403707851,1
10,13,-0.788701977514239,1
10,14,-0.0163072005795345,1
10,15,-0.964372834728346,1
10,16,0.101295269156234,1
10,17,0.393739370153011,1
10,18,-0.530160103047442,1
10,19,-0.454232118448375,1
10,20,-0.277828626149554,1
10,21,-0.593558235128062,1
10,22,0.360686682594051,1
10,23,0.0969938091773115,1
10,24,0.201021394919449,1
10,25,-0.842839477993616,1
10,26,0.0401819231857909,1
10,27,0.609529671244156,1
10,28,-0.118542414077015,1
10,29,0.419666021179963,1
10,30,-0.0687592940402438,1
10,31,0.141484950836546,1
10,32,0.475635115983995,1
10,33,-0.1767869581318,1
10,34,-0.277107034726744,1
10,35,-0.061921843768533,1
10,36,0.25105508122257,1
10,37,-0.42641020058733,1
10,38,0.00462496456845431,1
10,39,-0.160886452668869,1
10,40,0.405723792675411,1
10,41,1.03699184311666,1
10,42,-0.350182273414195,1
10,43,-1.34423351055019,1
10,44,-0.747997369931702,1
10,45,0.12510521319392,1
10,46,-0.127647121920734,1
10,47,0.0926491664630241,1
10,48,-0.462234796328341,1
10,49,0.17530073765601,1
10,50,0.265395780965266,1
10,51,0.461248075697753,1
10,52,0.121887573261646,1
10,53,0.458165893237346,1
10,54,-0.203047989994728,1
10,55,0.327110632278,1
10,56,0.499293268830518,1
10,57,-0.680226084511726,1
10,58,0.694727442577599,1
10,59,-0.207431822961691,1
10,60,0.196028403225611,1
10,61,-0.279281491472735,1
10,62,0.729771284552383,1
10,63,-0.185894776761045,1
10,64,0.110109912531462,1
10,65,-0.328554876209884,1
10,66,-0.465706535466524,1
10,67,0.134743527512094,1
10,68,0.292589555801987,1
10,69,-0.409509228177642,1
10,70,0.351889814906738,1
10,71,-0.158987523893484,1
10,72,0.0280918856806899,1
10,73,0.878661173705227,1
10,74,0.0666221098975378,1
10,75,-0.449040129551001,1
10,76,-0.269104837180492,1
10,77,-0.578374547416385,1
10,78,-0.550858231330368,1
10,79,-0.0475487711866724,1
10,80,1.02037861672896,1
10,81,0.374431373457307,1
10,82,0.254927805943381,1
10,83,0.801860035978828,1
10,84,-0.853311040516002,1
10,85,0.229748455917506,1
10,86,0.163971689452055,1
10,87,-0.800052949644168,1
10,88,0.38452937132859,1
10,89,-0.472562331630924,1
10,90,-0.240315523848675,1
10,91,0.259708983502859,1
10,92,0.104590248080899,1
10,93,0.0202153480032287,1
10,94,0.343381518165168,1
10,95,0.0420473134385553,1
10,96,-0.0247632667028564,1
10,97,-0.239482823985906,1
10,98,-0.44610456195341,1
10,99,0.342509237759743,1
10,100,-0.488257844530094,1
11,1,19.3049094728895,5
11,2,18.4812277585522,5
11,3,18.3951530561253,5
11,4,18.9630406490734,5
11,5,18.7940929486971,5
11,6,18.2116783960773,5
11,7,20.0278313959273,5
11,8,19.9696403653183,5
11,9,19.4803162956974,5
11,10,18.9610649087167,5
11,11,18.394343941635,5
11,12,19.2826469205673,5
11,13,19.561953635958,5
11,14,20.2237637638137,5
11,15,19.4962847717973,5
11,16,18.4399712003755,5
11,17,18.9649545831591,5
11,18,20.1100617211411,5
11,19,19.295247266937,5
11,20,18.4907479215765,5
11,21,19.3130259876747,5
11,22,19.2443569951574,5
11,23,18.9581074322777,5
11,24,19.1112212468903,5
11,25,18.8734801692032,5
11,26,18.9147389995343,5
11,27,19.2861185913185,5
11,28,19.4811529166896,5
11,29,18.86438488745,5
11,30,19.6236762990644,5
11,31,18.1409334706565,5
11,32,18.9583088959689,5
11,33,19.1509808579359,5
11,34,19.151162596432,5
11,35,19.7337959986447,5
11,36,19.0080126870187,5
11,37,19.4067100472359,5
11,38,19.4383295735615,5
11,39,19.9650307006489,5
11,40,18.6411647726185,5
11,41,19.7791994438682,5
11,42,18.8302498526504,5
11,43,18.636232053935,5
11,44,18.608697840078,5
11,45,18.536630461644,5
11,46,18.1570869151925,5
11,47,19.1966686102122,5
11,48,17.8918220211184,5
11,49,18.5417277604916,5
11,50,18.9625886112309,5
11,51,19.2866005173687,5
11,52,19.3092479498831,5
11,53,19.5227365232082,5
11,54,18.6902187778735,5
11,55,19.7217872022132,5
11,56,18.7945542045925,5
11,57,19.9816136991268,5
11,58,19.0138285537862,5
11,59,17.6732181428428,5
11,60,18.4501168164152,5
11,61,18.4569439987485,5
11,62,19.473865666111,5
11,63,20.0628542976746,5
11,64,18.9640628318525,5
11,65,18.7646490780179,5
11,66,19.2974651205525,5
11,67,19.1701519878409,5
11,68,18.6967697089026,5
11,69,19.1088469902625,5
11,70,18.9909744112187,5
11,71,19.4026149804927,5
11,72,18.3822562409144,5
11,73,19.6579704735569,5
11,74,18.6051019323219,5
11,75,18.4179122467179,5
11,76,18.797284678799,5
11,77,18.6313344645198,5
11,78,18.6577642867426,5
11,79,19.5842484986542,5
11,80,18.4918004480444,5
11,81,18.9038360365262,5
11,82,18.772903974989,5
11,83,19.7743932030625,5
11,84,18.8490506503952,5
11,85,19.4238954595167,5
11,86,19.1429247379315,5
11,87,19.8583814025496,5
11,88,19.0985211782784,5
11,89,18.5662664800119,5
11,90,18.7940948165829,5
11,91,19.3523432334732,5
11,92,19.0038485531111,5
11,93,19.5298651383676,5
11,94,18.8986812469805,5
11,95,19.5705655269321,5
11,96,18.5412387805465,5
11,97,18.5143750599777,5
11,98,19.1684011949152,5
11,99,18.6878236631234,5
11,100,18.8617678567199,5
12,1,10.5955587996968,8
12,2,11.3420006505128,8
12,3,10.9596332518809,8
12,4,11.0086265936014,8
12,5,11.1194165635685,8
12,6,10.9978942175206,8
12,7,10.155818808891,9
12,8,8.77115232875357,9
12,9,7.94269709699554,9
12,10,9.5510377350314,9
12,11,8.95494215467951,9
12,12,7.91082011157173,9
12,13,10.3243439897505,8
12,14,10.1850343321367,8
12,15,10.4111800359028,8
12,16,8.89481970003491,9
12,17,8.8476267831168,9
12,18,10.5639935631644,8
12,19,10.7407178590331,8
12,20,10.583580030559,8
12,21,10.5447101139672,8
12,22,11.3992857992335,8
12,23,16.3717599423311,11
12,24,18.1142984724601,11
12,25,11.2413706270154,8
12,26,11.3479658450855,8
12,27,9.52303169514057,9
12,28,11.4013557200332,8
12,29,10.376603867722,8
12,30,10.7917524012481,8
12,31,11.7137385950963,8
12,32,10.9026729366426,8
12,33,10.2359432131324,8
12,34,8.30069447703664,9
12,35,8.69932187230937,9
12,36,9.51512100303258,9
12,37,9.79516684867642,9
12,38,10.6963635254061,8
12,39,11.7468825944021,8
12,40,9.86801866834062,8
12,41,10.3805432458665,8
12,42,9.63983480326241,9
12,43,9.49364658195843,9
12,44,8.79807795744089,9
12,45,9.75088028038871,9
12,46,8.98368861959,9
12,47,10.4464360585743,8
12,48,11.3449924565195,8
12,49,10.3954909986861,8
12,50,8.85193463012475,9
12,51,9.39250513291379,9
12,52,10.4550368055992,8
12,53,10.7183299639305,8
12,54,10.9649613051402,8
12,55,9.26323400023339,9
12,56,10.5511354454638,8
12,57,9.11236149072004,9
12,58,10.409830236856,8
12,59,11.1396969020376,8
12,60,8.83665313152043,9
12,61,9.20337269126802,9
12,62,10.7731186730955,8
12,63,11.2551624041418,8
12,64,10.9234223378078,8
12,65,11.5923199846056,8
12,66,11.782173019848,8
12,67,11.101950213161,8
12,68,8.90929721944689,9
12,69,9.70424777906263,9
12,70,10.8465550704219,8
12,71,11.5264906515744,8
12,72,8.93222671694585,9
12,73,9.11280420151257,9
12,74,10.5088864830737,8
12,75,10.3368728258081,8
12,76,11.0196876058798,8
12,77,10.6364942548097,8
12,78,10.7240952060305,8
12,79,11.8417289774781,8
12,80,8.89983960494158,9
12,81,11.2227374189532,8
12,82,11.5690005887101,8
12,83,11.2450994464774,8
12,84,11.2622273630043,8
12,85,17.2949502177486,11
12,86,16.5021011028054,11
12,87,17.2957778184759,11
12,88,16.3068562004863,11
12,89,17.6486595086329,11
12,90,16.4218415078375,11
12,91,17.1559278861545,11
12,92,16.5594429689911,11
12,93,16.4867838861312,11
12,94,16.2528490814805,11
12,95,16.6372237764678,11
12,96,17.1052221563538,11
12,97,16.9710196781067,11
12,98,17.5636661144728,11
12,99,16.213046946063,11
12,100,17.1063222971633,11
13,1,14.7559540463583,7
13,2,13.983657616418,7
13,3,13.5469792084134,7
13,4,14.13746248071,7
13,5,14.3492202517974,7
13,6,14.6578124007041,7
13,7,13.3834747290959,7
13,8,13.9714579551654,7
13,9,12.6338427563189,7
13,10,13.8439025800463,7
13,11,13.8252751454128,7
13,12,13.5138707434543,7
13,13,13.9195706077492,7
13,14,14.9641239768591,7
13,15,13.3687739740563,7
13,16,14.5336750267934,7
13,17,13.4219367060253,7
13,18,15.1622097726051,7
13,19,13.9999695134634,7
13,20,13.9996573966401,7
13,21,13.3653599789137,7
13,22,13.8261837356895,7
13,23,14.1138302817581,7
13,24,14.5683252022499,7
13,25,14.0727756010367,7
13,26,13.74963623727,7
13,27,14.0376936246344,7
13,28,13.8143155378362,7
13,29,13.8507030554421,7
13,30,13.2709653239106,7
13,31,14.2738570031787,7
13,32,13.7085873745672,7
13,33,14.4728267922268,7
13,34,14.4378833501122,7
13,35,13.8556441124343,7
13,36,14.6367238145589,7
13,37,13.9892466693731,7
13,38,13.8660916609865,7
13,39,13.9417093266995,7
13,40,13.8539379885395,7
13,41,13.9683052654676,7
13,42,13.3921975390001,7
13,43,14.2415970790108,7
13,44,14.5684455612941,7
13,45,14.9150970899895,7
13,46,14.1813485053588,7
13,47,13.667231890622,7
13,48,14.4953901351864,7
13,49,14.2931934856057,7
13,50,14.108503910894,7
13,51,14.2217844328569,7
13,52,13.2470024590009,7
13,53,14.4740295145894,7
13,54,13.4056565835052,7
13,55,14.1280791088863,7
13,56,13.9187907840432,7
13,57,14.8937902303455,7
13,58,14.1052159602094,7
13,59,13.9272132510556,7
13,60,14.4519563284749,7
13,61,12.7772442112408,7
13,62,13.8579851587508,7
13,63,13.9196370721918,7
13,64,14.6165288527182,7
13,65,14.0239205408668,7
13,66,14.0867859666211,7
13,67,13.308703876597,7
13,68,13.6735272584159,7
13,69,13.6153953485219,7
13,70,13.6456333299465,7
13,71,15.0651978950139,7
13,72,12.8262871822825,7
13,73,13.7606823583044,7
13,74,13.9424156833498,7
13,75,13.2122622753077,7
13,76,14.5188703833313,7
13,77,14.2914422279089,7
13,78,14.4457620463228,7
13,79,13.425804373341,7
13,80,14.429917460133,7
13,81,13.3594658791566,7
13,82,13.5819585537222,7
13,83,14.7789250700571,7
13,84,13.8354269238225,7
13,85,13.4907027442046,7
13,86,13.9223526270026,7
13,87,14.1678891693519,7
13,88,13.3533317032306,7
13,89,14.2179857925958,7
13,90,14.365490479342,7
13,91,14.3456802075179,7
13,92,13.5888742003934,7
13,93,13.9424087282955,7
13,94,14.8949074766856,7
13,95,14.1365652300558,7
13,96,13.4860414464195,7
13,97,14.8888640853089,7
13,98,13.83351746639,7
13,99,14.0915459361065,7
13,100,14.5679155999319,7
14,1,18.5427170297856,12
14,2,20.2784765628075,12
14,3,19.0589615474515,12
14,4,18.7199272002298,12
14,5,19.2068184346021,12
14,6,17.5838851693712,12
14,7,19.1428279817788,12
14,8,18.4239160469645,12
14,9,18.9088241490735,12
14,10,18.7428260265254,12
14,11,18.9091579066259,12
14,12,17.3308067543854,12
14,13,19.8082167232837,12
14,14,18.7800473866107,12
14,15,18.4735310326147,12
14,16,18.3684787796154,12
14,17,19.1118604576304,12
14,18,19.4158137674276,12
14,19,20.0627963936729,12
14,20,18.6668233217816,12
14,21,19.1351322639686,12
14,22,19.6956544366697,12
14,23,18.6233603654582,12
14,24,19.9446455275769,12
14,25,19.1772428371276,12
14,26,19.6822091950104,12
14,27,19.0702890074129,12
14,28,18.8016746284955,12
14,29,18.5687011251365,12
14,30,18.7879275758054,12
14,31,18.610432793981,12
14,32,18.3320741621907,12
14,33,19.1098754826803,12
14,34,19.2314986264213,12
14,35,18.8555882177147,12
14,36,18.9044649516084,12
14,37,18.9313519678145,12
14,38,18.791036187067,12
14,39,18.2594470203831,12
14,40,18.3492862398901,12
14,41,19.2584956087244,12
14,42,19.310418887143,12
14,43,18.8821382345492,12
14,44,19.5659156779558,12
14,45,19.2565596455267,12
14,46,18.8462653756373,12
14,47,19.0633262687582,12
14,48,18.6411810856028,12
14,49,19.1652522727355,12
14,50,19.5602248171765,12
14,51,18.2258375882309,12
14,52,18.7242831477907,12
14,53,19.0631331694023,12
14,54,18.433012059435,12
14,55,18.3303762389244,12
14,56,19.5516537383224,12
14,57,18.3363481544558,12
14,58,18.8298274331497,12
14,59,19.026437872838,12
14,60,18.9729328057665,12
14,61,18.8647063349449,12
14,62,18.5782455514668,12
14,63,19.0826845721148,12
14,64,19.3016694461791,12
14,65,19.3616412338564,12
14,66,18.7494397399664,12
14,67,18.5161032015431,12
14,68,18.9089988388702,12
14,69,19.7446611484483,12
14,70,19.4319668677364,12
14,71,19.0402774007536,12
14,72,19.9826220276767,12
14,73,19.0892341792052,12
14,74,18.7542643934531,12
14,75,18.0618085723037,12
14,76,19.8861185867332,12
14,77,19.1704229861072,12
14,78,18.3988924036046,12
14,79,19.2845096257192,12
14,80,18.3832215334445,12
14,81,19.1593679969157,12
14,82,19.0394839837884,12
14,83,18.7533009983051,12
14,84,18.5666675491434,12
14,85,17.871234084878,12
14,86,18.6875375384675,12
14,87,19.4261618927088,12
14,88,18.6264925847089,12
14,89,19.3874572573177,12
14,90,19.4719951568727,12
14,91,18.5246729388628,12
14,92,19.1716723780272,12
14,93,18.9377649434584,12
14,94,19.084658899701,12
14,95,19.0843735594939,12
14,96,18.4066287666158,12
14,97,18.5936685601489,12
14,98,18.4008321147008,12
14,99,19.9433031365119,12
14,100,18.3979502068789,12
15,1,11.0632992851312,8
15,2,11.3707864260492,8
15,3,9.32287085991915,9
15,4,10.8006365183956,8
15,5,11.4678225977679,8
15,6,17.9840695383649,11
15,7,17.846729912836,11
15,8,16.8574642798127,11
15,9,16.9888404327156,11
15,10,18.0839349068333,11
15,11,8.74414690918957,9
15,12,8.44154302002773,9
15,13,8.95815665164592,9
15,14,11.3420832130572,8
15,15,11.0083676714557,8
15,16,10.6046912603847,8
15,17,10.8292950949679,8
15,18,11.4085475413088,8
15,19,17.4212787355937,11
15,20,17.3236314081744,11
15,21,10.6986135884908,8
15,22,10.9932746335331,8
15,23,9.18217357968492,9
15,24,8.3917557502932,9
15,25,9.19863519594021,9
15,26,8.77416094184643,9
15,27,7.57823957805199,10
15,28,7.08515588477312,10
15,29,5.88130262496506,10
15,30,6.92333018131864,10
15,31,6.33325239589805,10
15,32,7.47749653876836,10
15,33,7.14354216479212,10
15,34,6.82299884067976,10
15,35,7.28635656628799,10
15,36,7.58055172469316,10
15,37,6.8962572987043,10
15,38,6.91396642860664,10
15,39,6.92064696187229,10
15,40,7.01709944697777,10
15,41,6.27669368066913,10
15,42,7.1278938858681,10
15,43,7.53488634311718,10
15,44,7.64289930693509,10
15,45,6.7595765656794,10
15,46,6.17678376066299,10
15,47,7.28114612126854,10
15,48,7.82542098884229,10
15,49,6.36152443319283,10
15,50,7.44515042087986,10
15,51,6.28016399724379,10
15,52,6.71850452644126,10
15,53,7.12101178434154,10
15,54,6.55682135197639,10
15,55,6.08725861009727,10
15,56,7.03348576954414,10
15,57,6.7697506974439,10
15,58,6.7643464273989,10
15,59,7.26868827743003,10
15,60,7.93120403358486,10
15,61,6.87615886242154,10
15,62,7.49321012061292,10
15,63,6.96434050189399,10
15,64,6.8259132010074,10
15,65,8.89522347811516,10
15,66,6.42489539698288,10
15,67,6.74278891003598,10
15,68,6.52500177223549,10
15,69,7.03397518934915,10
15,70,7.16278321431363,10
15,71,7.17383909299973,10
15,72,7.29422306198231,10
15,73,7.03387732283352,10
15,74,6.62737548965591,10
15,75,6.74759548486405,10
15,76,7.41458517407397,10
15,77,6.5902215233537,10
15,78,7.70506418865549,10
15,79,7.05820468002619,10
15,80,6.5144236939015,10
15,81,6.63909661194304,10
15,82,6.51196734150185,10
15,83,6.46948047573664,10
15,84,7.15806745794764,10
15,85,7.350280310435,10
15,86,7.13165212526983,10
15,87,5.93653606060443,10
15,88,9.12456874974261,9
15,89,11.3742172912837,8
15,90,10.2784567725243,8
15,91,11.3043119397187,8
15,92,9.18669233571727,9
15,93,10.8089624675228,8
15,94,10.7278698831419,8
15,95,10.9934637011914,8
15,96,11.7839497234501,8
15,97,11.2918825460383,8
15,98,10.861841857254,8
15,99,11.6616146393964,8
15,100,11.2700496639207,8
16,1,6.83402131773378,10
16,2,7.55561398205796,10
16,3,7.48723523907757,10
16,4,6.90404812412083,10
16,5,6.35386138847107,10
16,6,7.04409330895057,10
16,7,6.56780473411455,10
16,8,6.82039923349364,10
16,9,7.31445442157738,10
16,10,6.38582587044007,10
16,11,7.54701776446798,10
16,12,7.0110794931636,10
16,13,6.68124866875565,10
16,14,7.25431635736029,10
16,15,6.28852600352002,10
16,16,6.14604648400946,10
16,17,6.78977590706185,10
16,18,7.26586574299028,10
16,19,7.32918243971034,10
16,20,7.34617733988724,10
16,21,6.66945204072991,10
16,22,6.49606925320795,10
16,23,6.60753408234196,10
16,24,6.21184438259971,10
16,25,9.6410264494803,9
16,26,7.81709160887347,9
16,27,11.2335337848457,8
16,28,10.4814527109866,8
16,29,9.043817147724,9
16,30,9.63100197060519,9
16,31,9.18138816001436,9
16,32,9.14260960679335,9
16,33,11.8102762431511,8
16,34,10.3185400470634,8
16,35,11.2458766725948,8
16,36,11.1532236352349,8
16,37,10.3886378422403,8
16,38,9.8367957801826,8
16,39,11.4673629383004,8
16,40,10.1700801137157,8
16,41,11.2528706611675,8
16,42,9.39312361700653,9
16,43,8.6690897373548,9
16,44,11.2019981679214,8
16,45,10.8384290569502,8
16,46,10.5890569328403,8
16,47,10.2862674455454,8
16,48,10.4756843022404,8
16,49,11.0029532352695,8
16,50,9.53651805289829,9
16,51,9.08654042701809,9
16,52,10.5940416659494,8
16,53,8.44045336988508,9
16,54,8.23237492664096,9
16,55,17.446421326802,11
16,56,17.6046685475475,11
16,57,16.5748297229053,11
16,58,17.4159151168001,11
16,59,11.1086918909802,8
16,60,11.5801952251892,8
16,61,10.4180290749251,8
16,62,11.0127213077858,8
16,63,9.06595135713103,9
16,64,10.5199044378079,2
16,65,10.472114683667,2
16,66,9.19364129944418,2
16,67,10.1746657653879,2
16,68,10.040343691205,2
16,69,9.38640933998433,2
16,70,9.61450701603589,2
16,71,9.5147027313103,2
16,72,9.34064750548636,2
16,73,9.62842583775366,2
16,74,10.2733135372694,2
16,75,9.71760343192324,2
16,76,9.96087233267605,2
16,77,10.5889407524196,2
16,78,9.95010224911106,2
16,79,10.447121656607,2
16,80,10.0449941505957,2
16,81,9.14538700007479,2
16,82,10.6395903036593,2
16,83,10.2119920139635,2
16,84,9.752626471207,2
16,85,10.3384006713617,2
16,86,10.2005463717693,2
16,87,10.3136161079642,2
16,88,10.2706381498979,2
16,89,9.35121885430408,2
16,90,10.106249352629,2
16,91,10.5067350083098,2
16,92,9.79960599053384,2
16,93,9.48795215864792,2
16,94,9.63700003224058,2
16,95,10.1279787503462,2
16,96,9.75544418761979,2
16,97,10.7128717063886,2
16,98,11.2679344050021,2
16,99,10.1391189877432,2
16,100,9.65974376691904,2
17,1,14.301731043038,7
17,2,12.7936966826353,7
17,3,13.6366097332207,7
17,4,13.2932676643739,7
17,5,14.036294235319,7
17,6,13.5688241588517,7
17,7,13.5928946005296,7
17,8,14.424568406331,7
17,9,14.2452635404673,7
17,10,13.9532385631999,7
17,11,13.9706399288776,7
17,12,13.6485721724952,7
17,13,12.5081678870038,7
17,14,14.2234328422455,7
17,15,14.4467094595775,7
17,16,13.9401183493005,7
17,17,14.8315834561481,7
17,18,13.4068320205397,7
17,19,14.4389330776799,7
17,20,12.777240344832,7
17,21,13.4969284317879,7
17,22,14.2017051015665,7
17,23,14.0588626668795,7
17,24,14.1578513533966,7
17,25,13.7436807838728,7
17,26,12.9828813365087,7
17,27,13.3406332783895,7
17,28,13.7152616067026,7
17,29,13.252726031093,7
17,30,14.6843601042083,7
17,31,14.8804133031591,7
17,32,14.092711093505,7
17,33,13.8424650805297,7
17,34,14.3035688939259,7
17,35,13.7130767508676,7
17,36,13.8039128477638,7
17,37,13.8003154952471,7
17,38,13.7317973705127,7
17,39,13.7761556082893,7
17,40,14.7894011952466,7
17,41,13.7613181037948,7
17,42,13.9399542974712,7
17,43,14.6576349523415,7
17,44,14.4323784750618,7
17,45,14.6178080656452,7
17,46,14.452779910909,7
17,47,14.040490770491,7
17,48,13.6562797274917,7
17,49,13.1036137700435,7
17,50,13.5540509032454,7
17,51,14.1430339601677,7
17,52,14.3296542281762,7
17,53,13.5900365970484,7
17,54,13.6151759994522,7
17,55,13.9090845108712,7
17,56,14.8189774547618,7
17,57,13.4392422083937,7
17,58,13.2965635368487,7
17,59,13.9592288944807,7
17,60,14.4031874390058,7
17,61,13.92245716454,7
17,62,13.5475970318844,7
17,63,14.0040410182713,7
17,64,14.2695715609339,7
17,65,13.735745635115,7
17,66,13.1973592830485,7
17,67,14.0860056063677,7
17,68,14.4811400851198,7
17,69,13.6400176977107,7
17,70,14.7073011297447,7
17,71,14.1186341512141,7
17,72,13.411297152111,7
17,73,13.8042881904056,7
17,74,14.3823889204592,7
17,75,13.2567866126462,7
17,76,13.9237463304032,7
17,77,13.616071683117,7
17,78,14.1524803894286,7
17,79,14.763972185113,7
17,80,13.9689396331703,7
17,81,13.5234212021945,7
17,82,13.0431355189364,7
17,83,14.6272527400681,7
17,84,13.941668671853,7
17,85,14.0885706179416,7
17,86,13.7163196869763,7
17,87,14.395950140133,7
17,88,14.3177601011094,7
17,89,13.2244873598989,7
17,90,13.8400867998712,7
17,91,13.8905139952021,7
17,92,14.5817665520385,7
17,93,14.584646972137,7
17,94,13.8064061707423,7
17,95,14.0222015545609,7
17,96,14.1492008663278,7
17,97,14.3414685399607,7
17,98,14.2601225717016,7
17,99,14.0959963324212,7
17,100,13.1055914633905,7
18,1,10.5189994338829,8
18,2,8.1269292003974,9
18,3,11.4896922606928,8
18,4,11.3480131249054,8
18,5,10.7811592719191,8
18,6,10.9142510288872,8
18,7,11.7424965920835,8
18,8,10.9018212630388,8
18,9,10.6554169512073,8
18,10,11.1992252795922,8
18,11,11.2919701787545,8
18,12,10.637411149471,8
18,13,11.2941758385699,8
18,14,11.3176808061293,8
18,15,10.6897805593498,8
18,16,9.32621208924954,9
18,17,8.90440201595496,9
18,18,6.38430234032304,10
18,19,6.23774299642973,10
18,20,7.18408941912506,10
18,21,7.45358142474648,10
18,22,6.49586632751737,10
18,23,6.54214806767321,10
18,24,7.12410845755328,10
18,25,5.93186297748326,10
18,26,6.90659587788942,10
18,27,7.38724321461488,10
18,28,6.76859227979232,10
18,29,6.87990213855844,10
18,30,6.72016378667857,10
18,31,6.74903202774095,10
18,32,7.7468721613154,10
18,33,7.19615582418339,10
18,34,6.95729901862481,10
18,35,7.10247584756965,10
18,36,6.68072408519357,10
18,37,7.26495799775198,10
18,38,7.04300354711813,10
18,39,6.98213150288671,10
18,40,7.44356805827034,10
18,41,6.24057457160604,10
18,42,7.31899484103335,10
18,43,6.8972176677072,10
18,44,7.57061214360202,10
18,45,7.37001563311216,10
18,46,7.42522274521625,10
18,47,6.47568194584048,10
18,48,7.34877763930141,10
18,49,7.74238540634819,10
18,50,5.86021752002988,10
18,51,6.7835891752692,10
18,52,7.7073841346504,10
18,53,6.13198724208959,10
18,54,7.47160179923049,10
18,55,7.27242984704582,10
18,56,7.52802200689811,10
18,57,6.73298843726724,10
18,58,7.77819085248019,10
18,59,6.62889198198625,10
18,60,7.56928626351945,10
18,61,7.07893360589994,10
18,62,7.57057435793341,10
18,63,6.71125415137499,10
18,64,6.09166935092962,10
18,65,6.62496138441549,10
18,66,7.38874637210725,10
18,67,7.44843502764928,10
18,68,6.99487144497507,10
18,69,6.41473627781023,10
18,70,7.31717381946133,10
18,71,6.75021466369412,10
18,72,6.95234036381222,10
18,73,5.7160784907353,10
18,74,6.43198698570101,10
18,75,6.67086980733343,10
18,76,7.40607563539335,10
18,77,6.22995597890259,10
18,78,6.58375061780552,10
18,79,7.27074238492909,10
18,80,6.83075710387462,10
18,81,6.87462905036112,10
18,82,6.45932790046629,10
18,83,7.05067157158082,10
18,84,7.3436565079162,10
18,85,9.55684947464128,9
18,86,11.6562705508194,8
18,87,10.0645787897104,8
18,88,9.51032472436606,9
18,89,9.13668193370678,9
18,90,8.59521778036711,9
18,91,9.19657769841596,9
18,92,11.8344554856779,8
18,93,10.8472650448673,8
18,94,9.68617133950731,8
18,95,10.688037346422,8
18,96,10.4157364256243,8
18,97,11.5340031323213,8
18,98,8.53897782773962,9
18,99,8.03416047628032,9
18,100,8.21401744814883,9
19,1,19.5160997003221,12
19,2,18.200213457374,12
19,3,18.6372161596948,12
19,4,18.864135060866,12
19,5,18.5307593759012,12
19,6,19.5367390224652,12
19,7,19.2418682645268,12
19,8,19.0522693003472,12
19,9,20.7578933791644,12
19,10,18.5886046682652,12
19,11,18.9371740265201,12
19,12,18.9118510195015,12
19,13,18.2411977364859,12
19,14,18.3016431847912,12
19,15,18.8003783780373,12
19,16,18.8072752397385,12
19,17,19.3113028014728,12
19,18,18.7112912203132,12
19,19,18.7010560896258,12
19,20,18.6655374938143,12
19,21,19.4436291521568,12
19,22,18.5478642953121,12
19,23,18.5438732139962,12
19,24,19.5166366222486,12
19,25,18.6678573992031,12
19,26,18.6369540423332,12
19,27,18.9764207425718,12
19,28,18.2410496297286,12
19,29,18.4204035403604,12
19,30,19.2650056265343,12
19,31,18.8394261913382,12
19,32,18.4516980673192,12
19,33,18.8914381935933,12
19,34,19.0972470872002,12
19,35,18.7209284430555,12
19,36,19.4657151964782,12
19,37,19.0389808375246,12
19,38,17.8965311484691,12
19,39,19.4686166470349,12
19,40,19.4292025084603,12
19,41,19.8222787907558,12
19,42,18.5925379157725,12
19,43,19.3860937290483,12
19,44,19.0182069398672,12
19,45,19.4742736795326,12
19,46,18.0446685517734,12
19,47,19.0526138081839,12
19,48,18.9823278063151,12
19,49,20.2175756810201,12
19,50,18.7905648386,12
19,51,19.1926174286785,12
19,52,18.8573678902994,12
19,53,18.8347085089146,12
19,54,18.1302074144307,12
19,55,18.2693063597531,12
19,56,18.7340132534827,12
19,57,19.6909293893131,12
19,58,18.5166451279103,12
19,59,18.6344728959697,12
19,60,8.54540518228851,9
19,61,9.39559504671894,9
19,62,9.2505431897335,9
19,63,9.0811156590689,9
19,64,10.3088775691191,8
19,65,11.1441732589738,8
19,66,10.831734586163,8
19,67,11.2204602224676,8
19,68,11.0161413235496,8
19,69,10.8121579367541,8
19,70,8.75927606871157,9
19,71,8.64186948763042,9
19,72,8.4003933716587,9
19,73,11.0125538905343,8
19,74,11.134158387049,8
19,75,8.36184518853353,9
19,76,8.67758071160821,9
19,77,8.40293416242615,9
19,78,9.09571619657562,9
19,79,9.10117291852664,9
19,80,8.51082747252143,9
19,81,8.78333966333481,9
19,82,10.9254854296999,8
19,83,12.1214031626533,8
19,84,8.76521897095067,9
19,85,9.05416667851457,9
19,86,9.46513409455812,9
19,87,8.55522355132549,9
19,88,8.53968925706511,9
19,89,11.0192530547247,8
19,90,11.3725881508586,8
19,91,9.6934248550973,9
19,92,8.86406480996031,9
19,93,9.22663940089838,9
19,94,9.00223492980627,9
19,95,9.28527874799577,9
19,96,11.0935163563931,8
19,97,11.3571733134788,8
19,98,11.4242544839017,8
19,99,11.1065305984335,8
19,100,10.85208200288,8
20,1,18.7991140628738,12
20,2,18.8591083811865,12
20,3,19.7626280250292,12
20,4,18.4249145963728,12
20,5,19.2387691315324,12
20,6,19.7296743302515,12
20,7,18.9501624162627,12
20,8,18.9058562451345,12
20,9,18.6759770594447,12
20,10,18.6337077521541,12
20,11,19.1676478400289,12
20,12,19.5761594847973,12
20,13,19.1410313266293,12
20,14,19.2011349691921,12
20,15,19.4802417739951,12
20,16,18.3268070246066,12
20,17,19.3735100671897,12
20,18,19.5764049032316,12
20,19,19.1852059376768,12
20,20,19.2809729144095,12
20,21,18.5259613770939,12
20,22,19.0097236630234,12
20,23,18.6701850798231,12
20,24,19.3938082637934,12
20,25,19.0242502806989,12
20,26,20.2774084445928,12
20,27,18.4423054698468,12
20,28,18.8045538959953,12
20,29,19.1218246459117,12
20,30,19.8465146967535,12
20,31,18.8998791782439,12
20,32,18.3840348303704,12
20,33,18.8319525782878,12
20,34,18.8435046982246,12
20,35,19.4880535134721,12
20,36,18.8543635185869,12
20,37,19.5054268934756,12
20,38,19.7953497247706,12
20,39,18.749935421174,12
20,40,19.4680539416653,12
20,41,19.98841476537,12
20,42,19.6862630947361,12
20,43,19.405844216226,12
20,44,18.9926462746761,12
20,45,19.0742210675982,12
20,46,19.5087812069455,12
20,47,18.8842220321529,12
20,48,19.5457051175424,12
20,49,18.4700570441663,12
20,50,18.0656509354155,12
20,51,18.499966430831,12
20,52,19.1659416776865,12
20,53,19.1681414300739,12
20,54,19.3926942728984,12
20,55,19.1126620023364,12
20,56,18.3131314746445,12
20,57,18.5444521396219,12
20,58,19.3290693778583,12
20,59,19.1906706395345,12
20,60,18.8973050434379,12
20,61,18.985197897791,12
20,62,18.4216819443947,12
20,63,19.0542720378765,12
20,64,18.6282662542086,12
20,65,18.7673726952184,12
20,66,19.5409919232474,12
20,67,19.7457976554522,12
20,68,18.5744428535707,12
20,69,19.2079930490927,12
20,70,19.3155054505867,12
20,71,19.2778305437838,12
20,72,19.4708445763878,12
20,73,18.643415788667,12
20,74,18.6626326495562,12
20,75,18.83052171085,12
20,76,18.6676491267418,12
20,77,18.455000988448,12
20,78,18.5884516001331,12
20,79,19.069058350102,12
20,80,19.8640417422269,12
20,81,18.4730096906061,12
20,82,18.7424323344661,12
20,83,19.3502492437794,12
20,84,18.979172001507,12
20,85,19.3148963876741,12
20,86,17.8404538131213,12
20,87,19.0798207668068,12
20,88,18.8071858143367,12
20,89,20.0377398852667,12
20,90,19.0678853931851,12
20,91,19.2998782724124,12
20,92,18.7935282516927,12
20,93,18.9107938706402,12
20,94,18.6060778786129,12
20,95,18.1879696015419,12
20,96,18.2984570579232,12
20,97,19.0158439759929,12
20,98,18.6294135852795,12
20,99,19.0989894905354,12
20,100,18.3671566210005,12
21,1,12.4900294926646,6
21,2,12.7569276233433,6
21,3,12.8915539564908,6
21,4,11.8261619034642,6
21,5,12.7090925419011,6
21,6,13.7299261520112,6
21,7,13.3532473772507,6
21,8,13.164376810416,6
21,9,12.6677348631097,6
21,10,12.671165032249,6
21,11,12.0702345448648,6
21,12,13.5641164527312,6
21,13,12.9586315528695,6
21,14,12.5433992500757,6
21,15,12.7792538124886,6
21,16,13.1276440850372,6
21,17,13.2837526155315,6
21,18,12.8298734256708,6
21,19,13.3721138304036,6
21,20,12.3268205748379,6
21,21,13.1962210992794,6
21,22,12.7099969426051,6
21,23,12.5234258068202,6
21,24,12.8477226538878,6
21,25,12.3062846509404,6
21,26,13.5048089045843,6
21,27,13.0283710593455,6
21,28,13.1372553387712,6
21,29,12.3824011676226,6
21,30,13.5069489000044,6
21,31,12.0978294783398,6
21,32,15.3635761267196,3
21,33,15.1660606994046,3
21,34,15.494572340532,3
21,35,15.6372573490504,3
21,36,14.8453421310256,3
21,37,13.9097525390026,3
21,38,14.9931103914712,3
21,39,14.5959965279536,3
21,40,14.6361350138031,3
21,41,15.5298387168189,3
21,42,15.278043608737,3
21,43,14.4691271513089,3
21,44,14.9409996842749,3
21,45,14.9514353350472,3
21,46,14.7525679008272,3
21,47,15.3065496447859,3
21,48,14.5571625017974,3
21,49,14.5649067313151,3
21,50,14.4323096663684,3
21,51,15.1932580304712,3
21,52,14.609794219525,3
21,53,14.4266006859012,3
21,54,15.6756330957353,3
21,55,14.6888767596136,3
21,56,14.2556781115872,3
21,57,13.3755079784733,6
21,58,15.4596598447143,3
21,59,14.5583205154008,3
21,60,13.1474013965519,6
21,61,13.1825567778638,6
21,62,12.9754558034174,6
21,63,13.1995256513927,6
21,64,12.3223944183498,6
21,65,14.150127830476,3
21,66,14.6939135371908,3
21,67,17.0141626222076,4
21,68,12.4138616622,6
21,69,13.1418950346983,6
21,70,12.4906115665392,6
21,71,12.773423397754,6
21,72,13.5245326279962,6
21,73,12.3374594101586,6
21,74,13.5905635477805,6
21,75,12.1659439804682,6
21,76,13.6890269922147,6
21,77,13.3413713739792,6
21,78,13.1579137457912,6
21,79,13.1427224342393,6
21,80,14.4251612829997,6
21,81,12.6272817717461,6
21,82,12.5202193343772,6
21,83,12.6857643336941,6
21,84,13.2178551607554,6
21,85,13.1330834705721,6
21,86,13.1170050975692,6
21,87,12.9117409067968,6
21,88,14.0849421804613,6
21,89,13.1093542406677,6
21,90,12.4215026361117,6
21,91,13.3083545456409,6
21,92,14.3785440895742,6
21,93,15.7159178880732,3
21,94,14.121009640993,3
21,95,13.4087170722083,6
21,96,12.4847935585567,6
21,97,13.0616733896251,6
21,98,12.9467484034056,6
21,99,13.3618059690976,6
21,100,12.3853772456478,6
22,1,17.1133553806995,11
22,2,16.8771798439453,11
22,3,16.4475982350262,11
22,4,16.7797127932547,11
22,5,16.5441037530086,11
22,6,10.7619836571355,8
22,7,10.95046378133,8
22,8,10.5665348675185,8
22,9,10.5233820868388,8
22,10,11.0819319021326,8
22,11,10.8843347513453,8
22,12,9.339521612959,9
22,13,9.43143569845116,9
22,14,8.65511367657523,9
22,15,9.27632665057408,9
22,16,10.0537439261346,9
22,17,9.08229028767698,9
22,18,8.50221963303461,9
22,19,9.10652988462177,9
22,20,9.25384681500381,9
22,21,9.49347777469304,9
22,22,11.3691086088891,8
22,23,10.5382851709482,8
22,24,10.5283920617079,8
22,25,11.0388137008367,8
22,26,11.1968215979257,8
22,27,11.2239753034215,8
22,28,11.0134960183646,8
22,29,10.427915504505,8
22,30,11.0025440346492,8
22,31,11.9364983143332,8
22,32,10.4546473090702,8
22,33,9.95332788038546,8
22,34,9.11123187696105,9
22,35,8.8706551052211,9
22,36,8.00966325716396,9
22,37,8.31615869615631,9
22,38,9.73806349340235,9
22,39,8.88736413116956,9
22,40,9.67087719171886,9
22,41,11.6195021244057,8
22,42,10.2863729196097,8
22,43,10.1705853382719,8
22,44,8.36793438884228,9
22,45,10.9949976808455,8
22,46,10.3381508081707,8
22,47,10.3329261085413,8
22,48,10.7963401467183,8
22,49,10.9531367630624,8
22,50,11.7422387504901,8
22,51,11.1559298816912,8
22,52,10.7597222894021,8
22,53,9.40063661437931,9
22,54,9.31627863220971,9
22,55,9.20294587305441,9
22,56,8.75070974218144,9
22,57,10.8801151136288,8
22,58,10.2668023045963,8
22,59,10.3653457139636,8
22,60,11.8464994971388,8
22,61,10.1876518717317,8
22,62,10.5732181405522,8
22,63,11.399594238698,8
22,64,10.8812182570738,8
22,65,9.14601808532245,9
22,66,8.95432956419864,9
22,67,8.3067937762697,9
22,68,9.79703744840895,9
22,69,11.1536527334053,8
22,70,10.9136282432489,8
22,71,9.54674933244586,9
22,72,8.47434103158005,9
22,73,8.68598074559929,9
22,74,8.11431770058313,9
22,75,8.80181116055735,9
22,76,16.1708581698683,11
22,77,16.8809206526419,11
22,78,9.15342667673119,9
22,79,10.5903840765907,8
22,80,9.53995250261936,8
22,81,11.6476375561939,8
22,82,8.78921006182617,9
22,83,9.44756425385867,9
22,84,9.3279637506799,9
22,85,9.15475245469847,9
22,86,8.57118426830928,9
22,87,10.6934713213869,8
22,88,11.1778375960242,8
22,89,11.6290807365816,8
22,90,10.7488528167871,8
22,91,9.09663759474384,9
22,92,8.74949332343932,9
22,93,16.5690167334398,11
22,94,15.827482944999,11
22,95,17.4237659734291,11
22,96,17.6445978516378,11
22,97,17.0157518223594,11
22,98,16.3042438138133,11
22,99,10.8887402852763,8
22,100,17.1262516541058,11
23,1,6.1871344876562,10
23,2,7.43543534168848,10
23,3,6.8208473056208,10
23,4,7.69071738521477,10
23,5,7.10852848350386,10
23,6,7.52557643863372,10
23,7,6.60671356809944,10
23,8,7.04216980432121,10
23,9,7.6871083800518,10
23,10,6.94198318803725,10
23,11,5.95313619615426,10
23,12,6.52548829902656,10
23,13,7.16656217925261,10
23,14,6.7534739382214,10
23,15,6.74694576251332,10
23,16,6.59294788554336,10
23,17,6.75300608539281,10
23,18,6.8084474073236,10
23,19,6.5379212655856,10
23,20,7.56303405107881,10
23,21,7.66029299095209,10
23,22,7.68467775070223,10
23,23,7.70314871915545,10
23,24,7.24739488170781,10
23,25,6.66076069808363,10
23,26,7.61616872114025,10
23,27,6.2596413113535,10
23,28,7.15980501482355,10
23,29,7.59429703446045,10
23,30,7.02268840376512,10
23,31,6.47481217724153,10
23,32,7.36374165077936,10
23,33,7.2316938283814,10
23,34,7.35672634078163,10
23,35,5.94248309336216,10
23,36,7.57501173485123,10
23,37,6.69948155694298,10
23,38,6.73346313098832,10
23,39,6.77554897763193,10
23,40,7.06867605201342,10
23,41,6.92282925053194,10
23,42,7.08732249105892,10
23,43,6.82809763324048,10
23,44,6.58396282143458,10
23,45,7.42958108407905,10
23,46,5.9511983622002,10
23,47,6.54858189783648,10
23,48,6.97207224498705,10
23,49,7.49448844335701,10
23,50,5.96963501318756,10
23,51,7.47472604894184,10
23,52,6.79099727923329,10
23,53,7.25534828079451,10
23,54,6.72269099983246,10
23,55,6.82885134391874,10
23,56,7.74672833167518,10
23,57,7.0114929619015,10
23,58,6.87758794745661,10
23,59,6.76317344497472,10
23,60,7.16573673909326,10
23,61,6.8944481638954,10
23,62,6.58321664054692,10
23,63,6.7689691930614,10
23,64,7.29215846190845,10
23,65,6.44069391271283,10
23,66,7.39295922406871,10
23,67,7.07073837564988,10
23,68,6.35573003886169,10
23,69,6.76849174734024,10
23,70,7.19479663222214,10
23,71,7.52384770152126,10
23,72,6.91647247955492,10
23,73,7.16408741401284,10
23,74,6.75856527483523,10
23,75,7.26205458090009,10
23,76,7.13803073458221,10
23,77,7.32145438795283,10
23,78,7.17481206708712,10
23,79,6.97452252125648,10
23,80,7.26455654262108,10
23,81,7.06464961204478,10
23,82,6.77683465878273,10
23,83,7.85875249348382,10
23,84,7.05088990258952,10
23,85,7.50108444335914,10
23,86,7.36930809434773,10
23,87,6.27063573367189,10
23,88,7.092793552063,10
23,89,7.49888494394082,10
23,90,7.69986419976814,10
23,91,6.57565813084384,10
23,92,6.25529646040683,10
23,93,7.77488163974174,10
23,94,7.1211978428453,10
23,95,7.12863840164487,10
23,96,6.62428565832096,10
23,97,6.99050832539847,10
23,98,7.25104344354002,10
23,99,6.81361639704603,10
23,100,6.74150427850947,10
24,1,8.85313847659134,9
24,2,10.0457479206637,8
24,3,11.85186586284,8
24,4,11.7207426315685,8
24,5,10.7233045098516,8
24,6,10.2373895800105,8
24,7,9.37972253432498,9
24,8,9.00629418997385,9
24,9,9.1917047948622,9
24,10,7.90076915093984,9
24,11,7.24532508067641,10
24,12,6.53413142717714,10
24,13,6.46230173538678,10
24,14,6.73073971347159,10
24,15,7.08332719242195,10
24,16,6.73553113520135,10
24,17,7.3594024514259,10
24,18,7.14503352437903,10
24,19,7.65721775351387,10
24,20,6.63074571407127,10
24,21,7.21732006823943,10
24,22,6.83766456182495,10
24,23,7.32659127584374,10
24,24,7.34694738464226,10
24,25,6.86362508441362,10
24,26,6.05764084730946,10
24,27,7.19547588469021,10
24,28,6.22449085996854,10
24,29,7.06925505513964,10
24,30,7.85585969232237,10
24,31,7.27045701575062,10
24,32,6.87398594470866,10
24,33,7.9923162646075,10
24,34,7.44663468013589,10
24,35,7.76271346893411,10
24,36,6.82028332911186,10
24,37,6.15804463302026,10
24,38,7.45784070146595,10
24,39,7.25440265732711,10
24,40,6.78047015496208,10
24,41,7.18580072358969,10
24,42,6.89135778542553,10
24,43,7.23188948141262,10
24,44,6.40168489394303,10
24,45,6.80982659799633,10
24,46,7.06865764876796,10
24,47,7.14667277366278,10
24,48,6.61585168525722,10
24,49,6.34918991939113,10
24,50,6.44969183567418,10
24,51,6.52922504984824,10
24,52,6.66933078504568,10
24,53,6.41265780988861,10
24,54,7.36628552393113,10
24,55,9.59743722761039,9
24,56,11.1424695650863,8
24,57,10.9135742528422,8
24,58,10.5728856936308,8
24,59,11.4584497250054,8
24,60,10.8066719665841,8
24,61,17.0491197574259,11
24,62,15.880842668561,11
24,63,16.7275952698568,11
24,64,16.5650245306686,11
24,65,17.4111179884458,11
24,66,17.8662240617008,11
24,67,16.2643073111052,11
24,68,16.6183623033101,11
24,69,16.4591929027754,11
24,70,17.0982689419569,11
24,71,16.753440778816,11
24,72,17.2424232013296,11
24,73,17.1015500521848,11
24,74,19.7312768046152,12
24,75,18.4134981591184,12
24,76,19.0262015455552,12
24,77,18.3044549478799,12
24,78,19.0997729918182,12
24,79,19.2998177686618,12
24,80,18.4381628879906,12
24,81,18.7166444111419,12
24,82,17.7971445704715,12
24,83,18.823522967357,12
24,84,18.722085486907,12
24,85,18.1759414784709,12
24,86,19.9487010137924,12
24,87,19.3631747054766,12
24,88,18.9827536734802,12
24,89,19.995610810691,12
24,90,19.0443261228939,12
24,91,19.19635870306,12
24,92,19.0437249692353,12
24,93,18.6628726255715,12
24,94,20.2147179107132,12
24,95,18.1680457453085,12
24,96,19.2172586634478,12
24,97,19.5244122951112,12
24,98,18.6305640786741,12
24,99,19.188985028491,12
24,100,19.6122231671253,12
25,1,7.39567742950805,10
25,2,6.8256233182855,10
25,3,7.08039135681645,10
25,4,6.85135075808798,10
25,5,6.65873732929962,10
25,6,6.77636821999339,10
25,7,6.77121970502649,10
25,8,6.62457353029443,10
25,9,7.35920793008961,10
25,10,7.43849012844803,10
25,11,7.09236938106992,10
25,12,7.16216403930792,10
25,13,6.53394476347648,10
25,14,7.17992906532569,10
25,15,10.279213754777,8
25,16,8.06062005603548,9
25,17,11.5164617030464,8
25,18,10.0106348422155,8
25,19,8.31837399285076,9
25,20,10.9960005554722,8
25,21,10.9749364467303,8
25,22,11.5720848323256,8
25,23,10.3130695228649,8
25,24,10.8889545680568,8
25,25,9.13330482260136,9
25,26,11.1848944022061,8
25,27,9.77643691573566,9
25,28,9.29381455883169,9
25,29,11.0788878058445,8
25,30,10.3339127996441,8
25,31,8.27496772194493,9
25,32,9.31062176028413,9
25,33,8.69866368237824,9
25,34,8.82940127350596,9
25,35,8.44053218335449,9
25,36,9.39941855666366,9
25,37,8.99779049048083,9
25,38,9.30049239440185,9
25,39,10.9716227536497,8
25,40,17.4706279188893,11
25,41,18.3953592102722,11
25,42,17.2325062588103,11
25,43,17.5529104378998,11
25,44,17.9181891383105,11
25,45,17.1964862895839,11
25,46,17.2070640582597,11
25,47,16.8566122304042,11
25,48,17.3682451491123,11
25,49,16.9537129398508,11
25,50,16.4678727749934,11
25,51,16.7516996778959,11
25,52,8.69876137813776,9
25,53,8.81551298108612,9
25,54,11.4335260417384,8
25,55,11.5130477085374,8
25,56,10.9819821051299,8
25,57,10.054774408715,8
25,58,10.649519823047,8
25,59,10.3444746539572,8
25,60,11.02891711724,8
25,61,11.538534068421,8
25,62,9.15433820659963,9
25,63,8.32676510217985,9
25,64,9.21458313593686,9
25,65,8.73339338826412,9
25,66,10.3353056224581,8
25,67,15.8798196916783,11
25,68,17.3219207272119,11
25,69,16.5481383025639,11
25,70,17.5818088644008,11
25,71,17.2307974833237,11
25,72,16.9666270292792,11
25,73,11.1516743759075,8
25,74,10.3317908750972,8
25,75,11.1191397118618,8
25,76,10.3264034122473,8
25,77,10.7493239467296,8
25,78,10.8458063121158,8
25,79,8.75968890016872,9
25,80,9.19934722067318,9
25,81,11.4411100288451,8
25,82,10.0910822414125,8
25,83,11.5023742990191,8
25,84,11.5447386853054,8
25,85,10.060901547865,8
25,86,11.2031863611818,8
25,87,9.94487529456776,8
25,88,11.9708995702714,8
25,89,10.9601549769005,8
25,90,9.39746389334807,9
25,91,8.2742250408496,9
25,92,11.7396651741694,8
25,93,11.1654461155284,8
25,94,11.0554576410317,8
25,95,11.2628788376136,8
25,96,11.3348798125119,8
25,97,12.2056748497029,8
25,98,10.4021972809486,8
25,99,11.8038725329127,8
25,100,11.8495350298434,8
26,1,19.0580491182662,5
26,2,18.9879423853894,5
26,3,19.0095666570576,5
26,4,17.1359197827925,4
26,5,17.3863512051338,4
26,6,16.1271848241312,4
26,7,12.278705311471,6
26,8,13.1584669537838,6
26,9,12.8544171140629,6
26,10,13.541789107595,6
26,11,13.1611346837965,6
26,12,14.8966131319445,3
26,13,12.7669332930414,6
26,14,13.2885216442351,6
26,15,13.2278428343083,6
26,16,12.8968909996004,6
26,17,13.3175484773344,6
26,18,12.9119072665718,6
26,19,12.5117073178774,6
26,20,12.4617542300149,6
26,21,12.6409845915667,6
26,22,13.2497029830185,6
26,23,12.5487106322447,6
26,24,13.5509073986012,6
26,25,12.9130904326218,6
26,26,15.4697973506587,3
26,27,15.9096378692451,3
26,28,14.9644170628092,3
26,29,15.1596747776074,3
26,30,14.4996538915277,3
26,31,14.5275631101869,3
26,32,15.5292827908422,3
26,33,14.4682419648633,3
26,34,14.1962695857173,3
26,35,14.9941108106943,3
26,36,14.7933718774182,3
26,37,12.8532499607223,6
26,38,15.4457302734391,3
26,39,14.2303865896282,3
26,40,14.7930561761702,3
26,41,17.0136816732915,4
26,42,17.0625626563232,4
26,43,17.5114507784139,4
26,44,17.3945915698408,4
26,45,13.1055158724907,6
26,46,12.7931511970631,6
26,47,13.2024539106036,6
26,48,12.8819256377354,6
26,49,12.3105492698778,6
26,50,13.4179109224248,6
26,51,12.9221228948981,6
26,52,13.5333693642529,6
26,53,13.202451078434,6
26,54,12.5084923195293,6
26,55,13.4592735382973,6
26,56,13.3789529023987,6
26,57,13.4044486586653,6
26,58,15.60156133624,3
26,59,15.0989352091587,3
26,60,15.3152814669193,3
26,61,15.123655372113,3
26,62,15.8469159303947,3
26,63,14.8713576938574,3
26,64,15.3298238986386,3
26,65,13.7406489717753,6
26,66,13.0663677923293,6
26,67,12.4264950728841,6
26,68,12.8284483321683,6
26,69,13.2623872803318,6
26,70,12.6301588437059,6
26,71,12.8679554923379,6
26,72,13.5222879757419,6
26,73,14.9380809494483,3
26,74,15.7689090166736,3
26,75,15.6736657756302,3
26,76,15.6292099366,3
26,77,14.7632659111925,3
26,78,14.5673734399232,3
26,79,15.0187939535637,3
26,80,14.7311840019573,3
26,81,15.5167731356839,3
26,82,14.4769597519839,3
26,83,14.218050945168,3
26,84,14.4067883679831,3
26,85,14.3823152764317,3
26,86,15.4255647200349,3
26,87,13.5695350954714,6
26,88,13.6455988097869,6
26,89,15.2377673104712,3
26,90,14.8859219736279,3
26,91,14.9452134041379,3
26,92,15.0678389462976,3
26,93,12.5951061511065,6
26,94,12.155203811595,6
26,95,12.7745462827218,6
26,96,13.7140699295581,6
26,97,12.757136567177,6
26,98,14.5366873032389,3
26,99,15.172602955446,3
26,100,15.2069768032732,3
27,1,15.7710141379798,3
27,2,12.3636900148634,6
27,3,14.8055990106077,3
27,4,14.7370310467546,3
27,5,14.510454402839,3
27,6,14.3017388284593,3
27,7,15.1806008733087,3
27,8,12.6640304809898,6
27,9,12.8928962940311,6
27,10,13.3842954505472,6
27,11,12.8082154216915,6
27,12,12.0438370148306,6
27,13,12.1012409189968,6
27,14,13.926295734284,6
27,15,12.9991986511044,6
27,16,13.2724732808605,6
27,17,13.7020113405175,6
27,18,12.848101380863,6
27,19,12.2595166715133,6
27,20,14.2749921637555,3
27,21,12.3057579048757,6
27,22,13.8307825875328,6
27,23,13.9760049807884,6
27,24,12.8129267861055,6
27,25,12.7023653177562,6
27,26,13.151116383275,6
27,27,12.7274937005164,6
27,28,13.6708583384683,6
27,29,13.6864945960758,6
27,30,14.9913602665914,3
27,31,14.2466041369383,3
27,32,15.2546738712955,3
27,33,14.5922252934438,3
27,34,15.4892416689611,3
27,35,14.938886265066,3
27,36,15.506871626414,3
27,37,15.5816202457233,3
27,38,15.3405260982337,3
27,39,15.5355140409142,3
27,40,14.4323505519081,3
27,41,15.4829968120017,3
27,42,14.9897275436621,3
27,43,16.2206631918311,3
27,44,15.1026980876576,3
27,45,12.8086835348098,6
27,46,13.6660629227569,6
27,47,12.5669982168139,6
27,48,13.3457111762041,6
27,49,13.1972067964748,6
27,50,13.0407038771396,6
27,51,13.0629708915635,6
27,52,15.3105733593987,3
27,53,15.2997727427452,3
27,54,15.0196069447781,3
27,55,13.3150327760767,6
27,56,12.0336057168135,6
27,57,13.1301397820956,6
27,58,13.0904968876137,6
27,59,13.5502035267494,6
27,60,13.7432805875986,6
27,61,13.2004976449857,6
27,62,13.0504849008448,6
27,63,12.6161378943931,6
27,64,13.5455927560895,6
27,65,13.0623217935782,6
27,66,14.814489450549,3
27,67,14.9874893049176,3
27,68,14.3823641300536,3
27,69,14.5745527162931,3
27,70,14.6509066833343,3
27,71,14.7472169093741,3
27,72,15.6814441816827,3
27,73,15.3212082085773,3
27,74,17.141240439926,4
27,75,17.4096981376864,4
27,76,16.865204697716,4
27,77,17.2759991251067,4
27,78,17.0730935623096,4
27,79,17.0275541690092,4
27,80,16.6831070511192,4
27,81,17.5908127649126,4
27,82,17.3972825034883,4
27,83,16.1425616618236,3
27,84,15.0623833084594,3
27,85,15.9239807469232,3
27,86,14.6765790229127,3
27,87,15.8954015190244,3
27,88,14.3680958028063,3
27,89,15.0421319693535,3
27,90,12.9874404051261,6
27,91,12.7816672717664,6
27,92,12.7059976318259,6
27,93,13.6115102280103,6
27,94,14.630781710009,3
27,95,15.021908467728,3
27,96,14.8676209677408,3
27,97,15.6413076912183,3
27,98,14.6344369611049,3
27,99,12.8469862432477,6
27,100,12.8021550026436,6
28,1,12.755428685275,7
28,2,13.8327034271907,7
28,3,14.6007647733576,7
28,4,12.9805794994668,7
28,5,14.5038940812543,7
28,6,13.7385789972138,7
28,7,13.4134715226464,7
28,8,13.8424651913684,7
28,9,14.4275349516391,7
28,10,13.6784892732231,7
28,11,14.6976373857276,7
28,12,13.7930855203017,7
28,13,13.6198372019515,7
28,14,14.4740016170275,7
28,15,14.1781277131667,7
28,16,13.4007386061712,7
28,17,14.9916592448253,7
28,18,14.8979297725596,7
28,19,14.5821053378816,7
28,20,14.4973953220809,7
28,21,14.008125418973,7
28,22,13.5017957133165,7
28,23,14.0234258602693,7
28,24,14.9624156535836,7
28,25,14.4277954077982,7
28,26,13.2922846116569,7
28,27,14.4159410410662,7
28,28,13.634166737695,7
28,29,14.0006781566947,7
28,30,13.655422847043,7
28,31,14.6171248661247,7
28,32,14.0069404505171,7
28,33,14.4532155200049,7
28,34,13.4167981962477,7
28,35,14.6336377307704,7
28,36,13.2615120479733,7
28,37,13.725378461665,7
28,38,14.0407430058211,7
28,39,13.9678027367013,7
28,40,14.0933009697677,7
28,41,13.9739744567443,7
28,42,14.8170230541067,7
28,43,13.850566745615,7
28,44,13.8908275048264,7
28,45,14.0603061755835,7
28,46,13.6540436182319,7
28,47,14.4053604055705,7
28,48,14.4559447040101,7
28,49,14.1842600011121,7
28,50,13.4340543802995,7
28,51,13.5206896591643,7
28,52,13.8878684716045,7
28,53,15.1220720743506,7
28,54,14.6618811679689,7
28,55,13.4006184412758,7
28,56,14.3321049964215,7
28,57,13.4875776393722,7
28,58,13.5307424124059,7
28,59,12.5249227001634,7
28,60,13.2155584312327,7
28,61,14.2138823736866,7
28,62,14.0633444989936,7
28,63,14.6363086346636,7
28,64,13.7413004818926,7
28,65,13.6323523549337,7
28,66,14.8476195359553,7
28,67,13.2413379656152,7
28,68,14.6472277097459,7
28,69,14.0290909511477,7
28,70,14.3039979251873,7
28,71,14.7888106298613,7
28,72,14.4305066575251,7
28,73,14.2045666808079,7
28,74,13.4086130569837,7
28,75,14.4954439991266,7
28,76,13.7725171953323,7
28,77,14.2839226273102,7
28,78,13.2894358013601,7
28,79,13.984797236491,7
28,80,14.1546813239684,7
28,81,13.0061013246376,7
28,82,13.5733321341552,7
28,83,14.4886137948009,7
28,84,13.9949134499488,7
28,85,13.4007462197519,7
28,86,14.2345687801294,7
28,87,14.8839790250759,7
28,88,14.2907526652199,7
28,89,14.1230881362101,7
28,90,14.4117883505443,7
28,91,15.0142630252909,7
28,92,14.3310166085251,7
28,93,14.6317336376538,7
28,94,14.2763399057031,7
28,95,13.8649827668345,7
28,96,14.4581524062987,7
28,97,14.4222222340535,7
28,98,13.850564174912,7
28,99,14.5338120636748,7
28,100,13.782801201033,7
29,1,16.2554648280092,4
29,2,17.3537586362391,4
29,3,17.3349697466109,4
29,4,18.0850648560296,4
29,5,17.2361646018322,4
29,6,16.464257376221,4
29,7,16.6321793586559,4
29,8,17.2466948878828,4
29,9,17.0154904840403,4
29,10,16.8428220494243,4
29,11,17.455691684242,4
29,12,16.9152877464874,4
29,13,16.9312276837312,4
29,14,17.1598923280976,4
29,15,16.8371929411111,4
29,16,17.6862865865704,4
29,17,16.3481624979072,4
29,18,15.9821621364605,4
29,19,17.2786442240756,4
29,20,17.9370344273245,4
29,21,16.6066213342238,4
29,22,17.0143729106438,4
29,23,16.6730504863829,4
29,24,16.2836804183085,4
29,25,16.7326470065182,4
29,26,16.6455561266757,4
29,27,14.9710853398711,3
29,28,14.1146144940727,3
29,29,15.0216319778351,3
29,30,14.7877491872315,3
29,31,15.431012109695,3
29,32,14.7221197475191,3
29,33,15.4478820483619,3
29,34,12.4245291378175,6
29,35,12.4374209579322,6
29,36,13.3378096343521,6
29,37,12.0757996902308,6
29,38,13.3710556765923,6
29,39,15.3034012735132,3
29,40,15.4191678195899,3
29,41,14.9827755393826,3
29,42,17.5143046400344,4
29,43,17.4967721145705,4
29,44,15.5795615760003,3
29,45,15.0197339464207,3
29,46,15.7556178853293,3
29,47,15.5716879529415,3
29,48,15.6614228198272,3
29,49,15.4665730353687,3
29,50,14.2659885006674,3
29,51,14.6654067835071,3
29,52,14.0762800444682,3
29,53,15.0600906997075,3
29,54,14.5819501884522,3
29,55,15.9567822846131,3
29,56,15.100025105187,3
29,57,14.4256111707113,3
29,58,14.8357260830018,3
29,59,15.0690605694149,3
29,60,15.3169048380537,3
29,61,14.5397774797251,3
29,62,15.222095427139,3
29,63,14.9524395448168,3
29,64,13.0167520687004,6
29,65,13.748237498911,6
29,66,14.4193388558537,6
29,67,12.2400701454524,6
29,68,12.7588598444057,6
29,69,13.2047496388188,6
29,70,13.2592758231088,6
29,71,13.2288855357866,6
29,72,14.4618556813832,3
29,73,16.8021614116267,4
29,74,17.4816758399813,4
29,75,16.6838629266902,4
29,76,16.7755791040522,4
29,77,17.4965866881606,4
29,78,15.3537888655943,3
29,79,14.9361785305966,3
29,80,15.2565537866386,3
29,81,16.6576840886591,4
29,82,17.7532683329262,4
29,83,17.4470175813104,4
29,84,16.4865740139243,4
29,85,17.0911739780272,4
29,86,16.0731380796311,4
29,87,17.3415790281044,4
29,88,17.667926769716,4
29,89,16.8233766275777,4
29,90,16.8767452207308,4
29,91,16.4489889773665,4
29,92,17.0891523161639,4
29,93,17.242319638917,4
29,94,16.5281322233015,4
29,95,16.3664107367637,4
29,96,16.8239092751395,4
29,97,17.3170582032166,4
29,98,17.0291571012992,4
29,99,17.6135409583811,4
29,100,17.3724877516863,4
30,1,13.3018449424664,6
30,2,12.9050371632174,6
30,3,12.1941694312324,6
30,4,16.0797234540844,3
30,5,15.3929469833178,3
30,6,14.7312505792336,3
30,7,14.3935935328211,3
30,8,14.1689776907275,3
30,9,14.6749096449905,3
30,10,14.8456229549222,3
30,11,14.7442158510248,3
30,12,14.7414711633732,3
30,13,15.2329055648177,3
30,14,15.6085493955308,3
30,15,12.1041590433821,6
30,16,13.3213010529495,6
30,17,13.41260355193,6
30,18,14.1378754344404,3
30,19,15.2489075686428,3
30,20,13.7884804482219,3
30,21,14.4320778803245,3
30,22,14.4553788450683,3
30,23,15.2671141309757,3
30,24,12.4660934131698,6
30,25,13.2752735848351,6
30,26,13.4021249655759,6
30,27,12.1378582492041,6
30,28,15.6616528559163,3
30,29,14.9379175907912,3
30,30,16.0949489777231,3
30,31,15.4839976180397,3
30,32,14.642970499983,3
30,33,14.3292261755585,3
30,34,15.4089202254651,3
30,35,14.5946727389267,3
30,36,16.100775411892,3
30,37,14.1446995700346,3
30,38,15.8911571751719,3
30,39,12.706921314098,6
30,40,13.8193854647514,6
30,41,12.5927618551636,6
30,42,13.9762662206455,6
30,43,12.9115260434068,6
30,44,13.1730799399991,6
30,45,12.7076815488486,6
30,46,13.1580398443462,6
30,47,12.5966942584625,6
30,48,12.9626189526896,6
30,49,13.0893652379326,6
30,50,12.5918438947513,6
30,51,12.5660517567897,6
30,52,12.4689393139964,6
30,53,13.1156476784077,6
30,54,13.0865472339552,6
30,55,12.7014116787215,6
30,56,13.2898874481539,6
30,57,12.6622843722256,6
30,58,14.6361533754909,3
30,59,15.3279417364446,3
30,60,14.9875698200777,3
30,61,14.2758393700226,3
30,62,12.3582084736862,6
30,63,11.9753662136305,6
30,64,13.3484749036569,6
30,65,14.1686915687982,6
30,66,12.2276929469558,6
30,67,12.2571102504511,6
30,68,13.4154951090585,6
30,69,16.9876299746604,4
30,70,17.9583921725407,4
30,71,15.3979787058357,3
30,72,13.2707452038828,6
30,73,12.8043071627892,6
30,74,13.4518053588579,6
30,75,13.1229718540972,6
30,76,16.0653208509278,3
30,77,15.1433110343223,3
30,78,14.6331593162353,3
30,79,17.0487729905032,4
30,80,16.8744447527827,4
30,81,17.0936948904812,4
30,82,17.1382925108519,4
30,83,16.297392198842,4
30,84,17.6919881438351,4
30,85,16.8332122610212,4
30,86,17.0728536058273,4
30,87,16.9172405988917,4
30,88,17.8260434325987,4
30,89,17.0888848147962,4
30,90,16.7711499014735,4
30,91,17.6110335235979,4
30,92,17.2508293803296,4
30,93,17.0234860839045,4
30,94,17.4968402917301,4
30,95,15.8572483931343,4
30,96,16.2032927751137,4
30,97,17.5754117756257,4
30,98,17.0131975994874,4
30,99,16.6180917289302,4
30,100,16.9600044134871,4
31,1,18.9401938578918,5
31,2,19.3348628919136,5
31,3,19.4871718686894,5
31,4,19.9424213639711,5
31,5,20.4049125356025,5
31,6,19.5939685586357,5
31,7,19.4481475532961,5
31,8,19.2409363444188,5
31,9,18.4432420319291,5
31,10,19.8113589179589,5
31,11,18.3662742624827,5
31,12,19.0075177902338,5
31,13,18.6123596156875,5
31,14,19.8395644068904,5
31,15,18.8488738635311,5
31,16,18.9523343285594,5
31,17,19.1885436430968,5
31,18,18.408495128737,5
31,19,19.2785681005031,5
31,20,19.1000412104644,5
31,21,19.3722531386808,5
31,22,18.9351345148987,5
31,23,18.8162875842248,5
31,24,19.4418848213814,5
31,25,19.3154637777346,5
31,26,18.9058407016812,5
31,27,19.2022488716689,5
31,28,18.6074438196398,5
31,29,19.5942876661617,5
31,30,18.8721093072181,5
31,31,18.9479947152191,5
31,32,18.8366397242578,5
31,33,17.8808259292331,5
31,34,18.7489478559069,5
31,35,17.849711975998,5
31,36,19.1202821707995,5
31,37,18.8919264625129,5
31,38,19.2218309474466,5
31,39,18.9669774659763,5
31,40,19.916400446655,5
31,41,19.3028047289861,5
31,42,18.1259266658573,5
31,43,18.7302676687463,5
31,44,18.5091999508054,5
31,45,19.0713323513855,5
31,46,19.0694452086553,5
31,47,18.4817273953824,5
31,48,19.1476262557941,5
31,49,18.7285852050649,5
31,50,19.2208940781354,5
31,51,19.0546672341105,5
31,52,19.2939432393297,5
31,53,18.2198680152959,5
31,54,18.4853003761626,5
31,55,18.1818910578759,5
31,56,18.7728789906666,5
31,57,18.7204912166238,5
31,58,18.7048352225018,5
31,59,19.3950146500039,5
31,60,18.5077406928323,5
31,61,19.119457826386,5
31,62,18.3912366566422,5
31,63,18.7644140243308,5
31,64,18.9614979667086,5
31,65,19.5208117346608,5
31,66,19.2049755968576,5
31,67,19.7036669838736,5
31,68,18.909043350304,5
31,69,19.6373260746457,5
31,70,19.4921769352065,5
31,71,19.5332202502125,5
31,72,18.8429074213872,5
31,73,18.6689907417647,5
31,74,19.2779715322613,5
31,75,18.478120654768,5
31,76,18.1823328672548,5
31,77,18.545876000913,5
31,78,18.5558581661691,5
31,79,20.0136515032562,5
31,80,17.8178222158536,5
31,81,18.8761430968994,5
31,82,19.5190209801272,5
31,83,19.4341691898647,5
31,84,18.4982584886091,5
31,85,18.9842095461557,5
31,86,18.9954814690331,5
31,87,18.5396287957239,5
31,88,18.7016098052931,5
31,89,19.5311946684814,5
31,90,19.4284334945692,5
31,91,18.7043400663704,5
31,92,18.7278725659642,5
31,93,20.3557703751224,5
31,94,19.0472746841406,5
31,95,18.4151598428357,5
31,96,18.1610779836318,5
31,97,19.1809767135237,5
31,98,19.2197889425145,5
31,99,19.2994766647588,5
31,100,19.5522001832442,5
32,1,18.4997053865245,5
32,2,18.1392530910334,5
32,3,18.7854848859586,5
32,4,19.6262112525061,5
32,5,18.585013523395,5
32,6,20.1808149647916,5
32,7,19.2510428786374,5
32,8,16.8889903364027,4
32,9,16.7464570888072,4
32,10,17.1295249211791,4
32,11,16.5523014306701,4
32,12,17.5304413247671,4
32,13,17.2847519214938,4
32,14,17.624680797842,4
32,15,16.0999598121676,4
32,16,16.6168609114062,4
32,17,16.2976087206292,4
32,18,16.700012852463,4
32,19,17.34602614265,4
32,20,16.5348573923501,4
32,21,17.3490918860449,4
32,22,17.9105291236621,4
32,23,15.7890602162442,4
32,24,17.3053724354769,4
32,25,16.2905467076191,4
32,26,16.9410009515417,4
32,27,16.9935991382399,4
32,28,16.8109720596387,4
32,29,17.3140542007884,4
32,30,14.5476022543421,3
32,31,15.8579760684631,3
32,32,14.5151352006102,3
32,33,15.6640123420759,3
32,34,13.2031097589195,6
32,35,13.4159101459993,6
32,36,12.1866511909178,6
32,37,12.7552033251492,6
32,38,12.7361788807171,6
32,39,13.6185284143569,6
32,40,12.8010892723309,6
32,41,14.8852793849519,3
32,42,14.5589909917864,3
32,43,14.2382653331907,3
32,44,15.4467095282365,3
32,45,14.9321368424834,3
32,46,11.7658745940401,6
32,47,14.0024469980348,6
32,48,13.3380943968708,6
32,49,14.4178984725689,3
32,50,14.7871184981522,3
32,51,12.9435896589149,6
32,52,13.002257683667,6
32,53,12.6882291804003,6
32,54,13.6322376002364,6
32,55,12.9221715718951,6
32,56,12.6958702824537,6
32,57,13.6871797108704,6
32,58,12.7444340600652,6
32,59,13.0353839437495,6
32,60,13.9935214199606,6
32,61,12.6398062438821,6
32,62,13.5073112156807,6
32,63,13.2749252257632,6
32,64,15.3177087666868,3
32,65,13.9972001961633,3
32,66,14.9988694148955,3
32,67,15.6997482874473,3
32,68,12.7527290164483,6
32,69,12.6088368253082,6
32,70,14.7666155733089,3
32,71,15.0501502109121,3
32,72,14.9636164890564,3
32,73,14.3092088413112,3
32,74,14.8351943836453,3
32,75,14.7498431881438,3
32,76,14.462245902995,3
32,77,15.9419313134041,3
32,78,14.9172089065209,3
32,79,14.5241320909615,3
32,80,15.4358902838616,3
32,81,13.2263824908439,6
32,82,12.197464414648,6
32,83,13.3368339274726,6
32,84,13.015406528107,6
32,85,12.8018894236771,6
32,86,12.9620513030975,6
32,87,12.826885609954,6
32,88,13.3093012536023,6
32,89,13.277290933992,6
32,90,13.8331660412008,6
32,91,13.0183671384175,6
32,92,13.3464568848783,6
32,93,13.6849764322119,6
32,94,12.1650294521495,6
32,95,13.0111769358509,6
32,96,13.0101007203196,6
32,97,12.3039663444078,6
32,98,12.7958163136205,6
32,99,12.9225893325244,6
32,100,14.5613297287208,3
33,1,14.4847386026943,7
33,2,13.7683565323386,7
33,3,14.1496998701406,7
33,4,13.1264924003525,7
33,5,14.4823994157893,7
33,6,13.4164041392483,7
33,7,13.5614606172754,7
33,8,13.9277574684745,7
33,9,13.2440388799493,7
33,10,14.4436719665831,7
33,11,14.1877882263343,7
33,12,13.8749595237596,7
33,13,13.8239054268084,7
33,14,13.1565276559392,7
33,15,13.713583063265,7
33,16,13.9116315325337,7
33,17,13.9251013818319,7
33,18,14.1394483974716,7
33,19,14.3958164111826,7
33,20,13.9047245478452,7
33,21,14.0140342624132,7
33,22,14.8653355115397,7
33,23,14.4793649692394,7
33,24,13.8479672755346,7
33,25,14.1122337934681,7
33,26,14.2221888363861,7
33,27,14.330046435771,7
33,28,13.681506759887,7
33,29,14.4451713608505,7
33,30,14.1601928093618,7
33,31,14.15932190423,7
33,32,13.8776765082756,7
33,33,13.9530880235093,7
33,34,13.8705407234939,7
33,35,13.2289269442052,7
33,36,14.0921740759186,7
33,37,13.5273369015919,7
33,38,14.7746801785573,7
33,39,14.2380740929783,7
33,40,13.618486335138,7
33,41,14.7180294111334,7
33,42,13.703322393907,7
33,43,14.1179672991865,7
33,44,14.7339158321585,7
33,45,13.4824708995091,7
33,46,13.4023956721406,7
33,47,14.3354794070833,7
33,48,13.9019957610462,7
33,49,13.2064736494538,7
33,50,13.6115097552881,7
33,51,15.001242439587,7
33,52,14.1449244893307,7
33,53,14.8327156353634,7
33,54,15.0857371891039,7
33,55,13.8271043365314,7
33,56,14.1284273298495,7
33,57,14.9589107388444,7
33,58,14.1799012331262,7
33,59,13.8959042454545,7
33,60,13.6978604831028,7
33,61,13.7068446553116,7
33,62,14.4749404865308,7
33,63,13.8990997224411,7
33,64,14.0121260845256,7
33,65,13.6038333491438,7
33,66,14.3637241667777,7
33,67,14.7941286578366,7
33,68,13.0733110357622,7
33,69,13.6560194857422,7
33,70,14.4012506193146,7
33,71,14.2208783593614,7
33,72,13.7596481973646,7
33,73,13.6676360784714,7
33,74,13.1188339756383,7
33,75,14.2872916309263,7
33,76,13.3400502232546,7
33,77,14.049351722956,7
33,78,13.0953695714434,7
33,79,13.2968203227641,7
33,80,14.1466815525587,7
33,81,14.6260729422349,7
33,82,14.244723644686,7
33,83,13.9609011860584,7
33,84,13.9402627473678,7
33,85,14.5141435200074,7
33,86,14.1958455237226,7
33,87,14.1849573456247,7
33,88,12.8608234973214,7
33,89,14.1961081793279,7
33,90,14.3736630906312,7
33,91,14.3643561121963,7
33,92,14.7470930915083,7
33,93,14.2106541257117,7
33,94,13.9586322232881,7
33,95,13.8238755394723,7
33,96,14.5034658847916,7
33,97,14.4750755420512,7
33,98,13.5353381713079,7
33,99,13.2414436037468,7
33,100,13.5920611598043,7
34,1,17.8618095156807,12
34,2,19.1040075735855,12
34,3,19.5325471890078,12
34,4,18.9578167436698,12
34,5,18.6987067815514,12
34,6,19.5063955454941,12
34,7,19.5171261889483,12
34,8,19.1014621623659,12
34,9,18.657554324352,12
34,10,18.4125740873148,12
34,11,18.8611963039592,12
34,12,18.8386839546234,12
34,13,18.7470611299471,12
34,14,19.0025134880705,12
34,15,19.000943497692,12
34,16,19.5500730029509,12
34,17,18.4725905109081,12
34,18,19.5437437709782,12
34,19,18.7728697301447,12
34,20,18.6604104564577,12
34,21,19.1674728448337,12
34,22,19.0985040542565,12
34,23,18.6714761903757,12
34,24,18.5277432994667,12
34,25,18.6565174882999,12
34,26,18.8802859860141,12
34,27,18.6427748169858,12
34,28,19.0283153956681,12
34,29,18.8441786688062,12
34,30,18.2651177845204,12
34,31,19.2177539845452,12
34,32,18.9018702804206,12
34,33,19.4351094322957,12
34,34,19.3373077847408,12
34,35,19.1405115715649,12
34,36,19.2076601324206,12
34,37,19.0191965887796,12
34,38,19.1289222437389,12
34,39,19.3374150412783,12
34,40,19.2240098941018,12
34,41,19.0370278945582,12
34,42,18.236159222519,12
34,43,18.6593909435798,12
34,44,19.4264866829749,12
34,45,19.698756288895,12
34,46,19.0326287670341,12
34,47,18.7173610343288,12
34,48,18.7148175415075,12
34,49,19.0056251151399,12
34,50,19.2156804460889,12
34,51,18.4962478866055,12
34,52,19.2310540341928,12
34,53,18.9593377016684,12
34,54,18.2891643450621,12
34,55,19.3404102935458,12
34,56,19.227565362996,12
34,57,18.2267187043663,12
34,58,18.5559200265409,12
34,59,19.1457408391807,12
34,60,18.8554402647771,12
34,61,18.9251304125182,12
34,62,18.6965276485137,12
34,63,18.5841554083819,12
34,64,19.4884011156097,12
34,65,18.4369794074837,12
34,66,19.3455626215248,12
34,67,19.5815271387479,12
34,68,19.9322420156669,12
34,69,18.6834752904859,12
34,70,18.4654153601165,12
34,71,18.9958590629713,12
34,72,18.6910744098497,12
34,73,19.7568797982356,12
34,74,18.9083979691869,12
34,75,18.488630001748,12
34,76,19.482526261778,12
34,77,18.2156563385584,12
34,78,18.3423616284578,12
34,79,18.841640367682,12
34,80,19.3337192834559,12
34,81,18.8248492647105,12
34,82,18.8933875189708,12
34,83,19.7546306711798,12
34,84,19.0051162828902,12
34,85,19.0325674442084,12
34,86,18.4592743717706,12
34,87,18.8486238714548,12
34,88,19.000777573357,12
34,89,18.6877801498321,12
34,90,19.056199876404,12
34,91,18.4649338682282,12
34,92,18.7083212903448,12
34,93,19.1244224298284,12
34,94,19.3440161186727,12
34,95,19.7682391546324,12
34,96,18.6730026179364,12
34,97,19.3532204960362,12
34,98,19.2461094741869,12
34,99,18.6097385482289,12
34,100,18.4648580599283,12
35,1,14.3985887344354,3
35,2,15.281422514906,3
35,3,15.5091673411073,3
35,4,14.6649601829637,3
35,5,14.5871298652719,3
35,6,15.0596089434589,3
35,7,14.5997202723528,3
35,8,14.5078605796101,3
35,9,16.7621702298341,4
35,10,16.3666701481846,4
35,11,16.8994759428442,4
35,12,18.1315482411391,4
35,13,16.7342183863703,4
35,14,16.5216247060485,4
35,15,17.1394153015574,4
35,16,17.0469909482844,4
35,17,17.8637821209562,4
35,18,17.1148598256503,4
35,19,16.8284938076116,4
35,20,17.4032078258955,4
35,21,16.525331333106,4
35,22,17.6415605010422,4
35,23,17.5223172795524,4
35,24,17.521199182695,4
35,25,17.3430373732702,4
35,26,16.3869096587136,4
35,27,17.2652634389624,4
35,28,19.1958292678703,5
35,29,19.5179112059766,5
35,30,18.2326213591326,5
35,31,19.7953902748745,5
35,32,19.5497011983804,5
35,33,18.6679181635213,5
35,34,19.4872734849187,5
35,35,18.9573416747432,5
35,36,19.0737972989048,5
35,37,19.2180409389185,5
35,38,18.8145612479308,5
35,39,20.1047986649074,5
35,40,19.5323400594936,5
35,41,18.5412631822117,5
35,42,18.9537112446399,5
35,43,20.0862518760179,5
35,44,19.1544206682406,5
35,45,19.1374909894721,5
35,46,19.4395264896622,5
35,47,19.342575468938,5
35,48,18.2280731087895,5
35,49,18.3058782296284,5
35,50,19.0968102335234,5
35,51,19.1523604916755,5
35,52,18.808726414571,5
35,53,19.8438136187961,5
35,54,18.7091406098043,5
35,55,18.8647465307073,5
35,56,18.671665546445,5
35,57,19.3056521976855,5
35,58,18.9735589524739,5
35,59,18.289756300857,5
35,60,19.3188854800377,5
35,61,18.9794865865923,5
35,62,19.492509768275,5
35,63,18.8673071011784,5
35,64,18.4323991345957,5
35,65,18.3643634060036,5
35,66,18.6709375715311,5
35,67,19.3759216234434,5
35,68,19.5469352580169,5
35,69,18.9891566602849,5
35,70,19.0836124112741,5
35,71,19.8662476451413,5
35,72,18.5114617476148,5
35,73,19.8558794287278,5
35,74,18.0476190909425,5
35,75,17.8893616798128,5
35,76,18.1225321894052,5
35,77,19.1376037877573,5
35,78,18.4100289688958,5
35,79,19.6797475340852,5
35,80,19.1989441661509,5
35,81,19.6549426618111,5
35,82,18.5758035334826,5
35,83,19.2778129518711,5
35,84,19.0685429595444,5
35,85,19.8738864383539,5
35,86,18.7270394547844,5
35,87,18.4898991088063,5
35,88,19.3163658986864,5
35,89,19.2913679546302,5
35,90,19.7907043174657,5
35,91,19.3384456176878,5
35,92,19.2208958184945,5
35,93,19.3393490242388,5
35,94,18.5359300100335,5
35,95,19.5325446027053,5
35,96,18.3371983923401,5
35,97,18.1780238516343,5
35,98,19.2511763199138,5
35,99,18.6141226937479,5
35,100,18.6749815259895,5
36,1,9.20746347519241,2
36,2,10.1979562201113,2
36,3,10.0927771918769,2
36,4,10.1737095118668,2
36,5,11.0031452672627,2
36,6,10.00885739383,2
36,7,9.10150386627714,2
36,8,10.2865666579008,2
36,9,10.081086375473,2
36,10,9.86189506045001,2
36,11,10.9252655049475,2
36,12,10.3526211022455,2
36,13,9.68165605490652,2
36,14,9.95842104434722,2
36,15,11.3429241199088,2
36,16,10.5262306126297,2
36,17,9.56107263167344,2
36,18,9.77736227547781,2
36,19,10.1985622570315,2
36,20,10.1907632900293,2
36,21,9.57686661771296,2
36,22,11.2018565567813,2
36,23,10.1329404103216,2
36,24,9.49753593427917,2
36,25,9.81788136638564,2
36,26,9.55779789881577,2
36,27,9.59930141933782,2
36,28,9.81090398214511,2
36,29,9.0470563067798,2
36,30,10.5860508310289,2
36,31,10.219595720803,2
36,32,9.77757333209339,2
36,33,9.36286032879139,2
36,34,9.89322679022134,2
36,35,9.72072797234277,2
36,36,9.79344869466622,2
36,37,9.02941354461173,2
36,38,10.4674701352029,2
36,39,9.91053754537243,2
36,40,9.66863807912353,2
36,41,10.6246645807299,2
36,42,9.34487434394328,2
36,43,10.3092678709433,2
36,44,10.0428950250458,2
36,45,10.3879312835744,2
36,46,9.73402649633741,2
36,47,9.39652530950498,2
36,48,9.86940308327545,2
36,49,10.2631998219899,2
36,50,10.8755933750211,2
36,51,10.3467035421542,2
36,52,9.9723761239101,2
36,53,9.4604006613572,2
36,54,10.5105073828411,2
36,55,10.1965661257161,2
36,56,9.14407876085851,2
36,57,10.8426666998744,2
36,58,9.86225342351006,2
36,59,10.1743881628181,2
36,60,9.83114073983509,2
36,61,9.58051370986878,2
36,62,9.51037402868036,2
36,63,10.038779043371,2
36,64,9.20068575123392,2
36,65,10.218617445754,2
36,66,10.1255388502035,2
36,67,10.7558452478754,2
36,68,10.1906162906188,2
36,69,10.1430744261934,2
36,70,10.0582977124786,2
36,71,9.69347720784572,2
36,72,10.547930530474,2
36,73,10.035755067563,2
36,74,9.61968181921217,2
36,75,9.64333393517177,2
36,76,9.36705878046188,2
36,77,10.0726412419417,2
36,78,9.65693007992091,2
36,79,8.98630437103661,2
36,80,10.1744250252671,2
36,81,10.7074046460632,2
36,82,11.08529204178,2
36,83,10.4870440625219,2
36,84,9.7063131263048,2
36,85,10.2136214571247,2
36,86,9.23228065487181,2
36,87,10.0803297855272,2
36,88,10.3727045955189,2
36,89,10.4688322383842,2
36,90,10.5499000899662,2
36,91,10.4934905454488,2
36,92,10.501655831356,2
36,93,10.0800559683777,2
36,94,10.1608595245251,2
36,95,9.85544656034349,2
36,96,10.3771300258777,2
36,97,10.3583307971383,2
36,98,8.88278911069132,2
36,99,9.82233171545267,2
36,100,10.1446687199079,2
37,1,19.5365430093661,12
37,2,18.4918235099897,12
37,3,19.1036892013274,12
37,4,18.1324906197964,12
37,5,19.4389748465902,12
37,6,19.1378397574617,12
37,7,18.5755431447315,12
37,8,18.985069252882,12
37,9,18.7427504115734,12
37,10,19.1466723057495,12
37,11,18.8023165749854,12
37,12,19.7597645626126,12
37,13,19.5429081639801,12
37,14,18.4359511027073,12
37,15,19.7433515195524,12
37,16,19.1210673714537,12
37,17,19.4125899213063,12
37,18,18.2816285296995,12
37,19,18.5701272436146,12
37,20,19.5774535597356,12
37,21,18.949196587475,12
37,22,19.3057926673538,12
37,23,18.9547617967403,12
37,24,18.3927722954308,12
37,25,19.1331825523741,12
37,26,18.1902319581543,12
37,27,18.4121959994461,12
37,28,18.1745176266307,12
37,29,20.0136114382924,12
37,30,19.5378294912869,12
37,31,19.4206289467835,12
37,32,18.7826352939347,12
37,33,19.5940629719266,12
37,34,20.6140717402609,12
37,35,19.3351439308393,12
37,36,19.5536852020311,12
37,37,18.2772192017471,12
37,38,18.6993399257458,12
37,39,18.8123973554654,12
37,40,19.5158885644354,12
37,41,19.8396294511593,12
37,42,19.9009092542999,12
37,43,18.6993745537852,12
37,44,19.8094708460109,12
37,45,18.6829806891229,12
37,46,18.8977892122025,12
37,47,19.1289086807941,12
37,48,18.4734224711717,12
37,49,19.0675899914024,12
37,50,17.9989301251729,12
37,51,19.0064826238608,12
37,52,18.6164160440517,12
37,53,19.7190035766093,12
37,54,19.856742531781,12
37,55,18.7805320338984,12
37,56,19.1778741591544,12
37,57,19.2776294709069,12
37,58,18.193326070814,12
37,59,18.716631733419,12
37,60,19.2415704812111,12
37,61,18.6390008747491,12
37,62,16.153813814402,11
37,63,17.1976250664912,11
37,64,16.8134994725306,11
37,65,17.1518106917581,11
37,66,17.2207726462998,11
37,67,16.8971820178094,11
37,68,16.5344153926504,11
37,69,11.4595686111618,8
37,70,10.9567387638919,8
37,71,10.1623414347104,8
37,72,10.9866507080247,8
37,73,11.3454735191745,8
37,74,10.5826425209732,8
37,75,8.62653934179482,9
37,76,8.74366152691837,9
37,77,8.72437427341779,9
37,78,9.30831677822859,9
37,79,10.0037656242903,9
37,80,8.44857216026043,9
37,81,9.52957052918238,9
37,82,9.46986830343983,9
37,83,10.8095840313983,8
37,84,8.69880629207262,9
37,85,9.02446267768105,9
37,86,8.75357969760077,9
37,87,9.90450023987468,9
37,88,8.49772954071997,9
37,89,10.7449450226553,8
37,90,10.206520898998,8
37,91,11.464412036779,8
37,92,10.1340456210831,8
37,93,8.9527839693718,9
37,94,8.29702924322934,9
37,95,10.8433104436813,8
37,96,8.3149614201095,9
37,97,10.0282202544464,9
37,98,9.07983717341362,9
37,99,8.86393648495049,9
37,100,10.0040697362224,9
38,1,19.4772321008653,12
38,2,19.9857960438151,12
38,3,18.3205328194508,12
38,4,19.9457224010216,12
38,5,19.2074433805984,12
38,6,19.1007233974278,12
38,7,19.3944717291398,12
38,8,18.8689990365777,12
38,9,19.0778028062093,12
38,10,18.9662891357959,12
38,11,19.6993156085492,12
38,12,18.7599027232384,12
38,13,19.7137434359876,12
38,14,19.0499654118131,12
38,15,18.8508138156301,12
38,16,18.8487991604157,12
38,17,18.5294839625472,12
38,18,19.1034638633312,12
38,19,19.3377598554492,12
38,20,19.0954723601132,12
38,21,19.038332876668,12
38,22,18.4035513878829,12
38,23,19.2013538489963,12
38,24,18.7375615346924,12
38,25,20.1320179200478,12
38,26,18.8014338083412,12
38,27,19.0379155848191,12
38,28,19.5302469794652,12
38,29,18.764512188242,12
38,30,18.8324278978677,12
38,31,19.1316745253258,12
38,32,19.6633856891603,12
38,33,18.5676617447017,12
38,34,18.5378516435149,12
38,35,18.2368245322171,12
38,36,20.1705179382407,12
38,37,19.1297585313839,12
38,38,18.3430907178593,12
38,39,18.3856604536283,12
38,40,19.5744379687067,12
38,41,18.5321267997168,12
38,42,18.0064484832625,12
38,43,19.1363303473276,12
38,44,18.9109771480376,12
38,45,19.1175354530701,12
38,46,19.1357465426714,12
38,47,19.325247763943,12
38,48,19.0704885619141,12
38,49,18.757843728811,12
38,50,19.0345760608372,12
38,51,18.7358865148965,12
38,52,18.3913478692829,12
38,53,19.2350834066948,12
38,54,19.1651259922881,12
38,55,19.4233855413692,12
38,56,18.5405333464646,12
38,57,18.7671699175833,12
38,58,19.0663420945237,12
38,59,17.9481572265117,12
38,60,18.753950387224,12
38,61,19.6290252917709,12
38,62,19.0547114155071,12
38,63,19.1346471866129,12
38,64,19.5715002513213,12
38,65,18.922046335036,12
38,66,19.9766795639875,12
38,67,19.1047007780124,12
38,68,17.9211000071655,12
38,69,18.9450390480392,12
38,70,18.625558732269,12
38,71,19.3388095814884,12
38,72,18.606936541737,12
38,73,18.9395217944426,12
38,74,19.5159623905554,12
38,75,19.2201449596826,12
38,76,19.5750824695743,12
38,77,19.514169487888,12
38,78,18.9148107567064,12
38,79,18.9848119575263,12
38,80,19.0519809890279,12
38,81,18.5308428029068,12
38,82,18.4123046412756,12
38,83,19.3921381882181,12
38,84,18.7292873603704,12
38,85,19.5247781026498,12
38,86,19.6950030930639,12
38,87,18.7873237594111,12
38,88,18.6028748320243,12
38,89,18.3058519584618,12
38,90,18.5158042195668,12
38,91,18.5332633445321,12
38,92,18.9268807835567,12
38,93,19.2377858478771,12
38,94,18.6573410105257,12
38,95,18.0536528138052,12
38,96,18.5379989928866,12
38,97,18.2932789723569,12
38,98,19.107581081122,12
38,99,18.0332513082325,12
38,100,18.9690189970727,12
39,1,10.0247017705446,8
39,2,9.03953804176799,9
39,3,8.87919251557422,9
39,4,8.48130241993603,9
39,5,8.52668325258487,9
39,6,8.90951485026377,9
39,7,17.9180171036253,11
39,8,17.9264026572141,11
39,9,17.2847197527461,11
39,10,11.0678153331426,8
39,11,10.9991111262622,8
39,12,11.0151726523537,8
39,13,10.8093159526953,8
39,14,9.33900881591865,9
39,15,9.5155796019584,9
39,16,11.5953641568854,8
39,17,10.851399276502,8
39,18,11.6436801309478,8
39,19,10.7323073497037,8
39,20,10.6068130780572,8
39,21,16.7942362930028,11
39,22,16.4404675765533,11
39,23,16.4799892984754,11
39,24,16.9801028552223,11
39,25,16.9752802910605,11
39,26,16.8826865888196,11
39,27,16.494407958704,11
39,28,17.4578400126329,11
39,29,16.0679261219016,11
39,30,17.3386552611729,11
39,31,17.2145447821176,11
39,32,17.36654100586,11
39,33,16.7696646279104,11
39,34,17.3234473740273,11
39,35,17.4261363916827,11
39,36,16.7369069350729,11
39,37,16.582331968327,11
39,38,16.8285981950084,11
39,39,16.8943135847203,11
39,40,17.4304089091123,11
39,41,17.4586512556158,11
39,42,17.4354066714993,11
39,43,17.5018357908038,11
39,44,16.5086116895656,11
39,45,16.46531333227,11
39,46,16.5742783387237,11
39,47,17.0801612570486,11
39,48,16.9270703122827,11
39,49,16.7106575233428,11
39,50,17.4865607820833,11
39,51,17.027885428031,11
39,52,17.2111056196457,11
39,53,16.6539700465595,11
39,54,17.0245897899578,11
39,55,17.8813523801091,11
39,56,16.437457419357,11
39,57,16.7107367134783,11
39,58,17.304417323907,11
39,59,16.4720637485383,11
39,60,11.5061611333229,8
39,61,11.28829857476,8
39,62,10.7125477167842,8
39,63,10.7806180268526,8
39,64,10.6393202088761,8
39,65,11.3473303967672,8
39,66,11.1024313009916,8
39,67,10.7638769657696,8
39,68,10.4247369102704,8
39,69,8.1901872554589,9
39,70,11.4913703895773,8
39,71,10.7774906765077,8
39,72,11.7724332145146,8
39,73,10.5416570364943,8
39,74,11.0128199566573,8
39,75,10.6102313251047,8
39,76,11.1473754424512,8
39,77,10.6141822253491,8
39,78,11.1219261795278,8
39,79,10.9963245263944,8
39,80,8.18607769702847,9
39,81,10.9758033167455,8
39,82,10.9714978083904,8
39,83,16.8657882371438,11
39,84,17.481998586673,11
39,85,16.4650212607242,11
39,86,11.2678601246721,8
39,87,11.3457896450934,8
39,88,9.48007718006871,9
39,89,11.6682504463223,8
39,90,11.3140017840402,8
39,91,8.62070295257873,9
39,92,8.51352921240077,9
39,93,8.72163067786225,9
39,94,10.436196977744,8
39,95,8.98389827131486,9
39,96,8.92300563788981,9
39,97,9.51049724825243,9
39,98,11.7095829337499,8
39,99,8.92110930844082,9
39,100,8.55801766770344,9
40,1,7.15013609468183,10
40,2,6.80494999916505,10
40,3,6.98555513773028,10
40,4,6.50941193835588,10
40,5,7.55437960780828,10
40,6,7.32767488871542,10
40,7,6.68228984353581,10
40,8,6.45625494931549,10
40,9,6.02722998748948,10
40,10,8.35266795345125,10
40,11,6.31520916946461,10
40,12,7.49197314721713,10
40,13,7.46746697293752,10
40,14,7.55358122409414,10
40,15,6.77354105290932,10
40,16,7.54609280032557,10
40,17,6.79777623355376,10
40,18,7.69931395761678,10
40,19,7.37933116936425,10
40,20,6.43446048003118,10
40,21,6.55902371235406,10
40,22,6.68077185445126,10
40,23,7.20861048346472,10
40,24,7.41370525556718,10
40,25,6.46914985497662,10
40,26,6.94219923592312,10
40,27,7.32410202970918,10
40,28,6.81682090200672,10
40,29,6.73721670889933,10
40,30,6.82212771834734,10
40,31,7.072294585938,10
40,32,7.59874627665681,10
40,33,7.88209501415882,10
40,34,7.32396972808125,10
40,35,7.16676332857364,10
40,36,7.49131464964161,10
40,37,6.81823208236815,10
40,38,7.32394421968248,10
40,39,6.30298349383642,10
40,40,6.99707528783402,10
40,41,7.24665903196059,10
40,42,6.77959184862995,10
40,43,6.57133040330186,10
40,44,8.3334612309264,9
40,45,11.6581464185329,8
40,46,8.22565738317952,9
40,47,9.01862542697757,9
40,48,10.9579796420886,8
40,49,11.0710034539169,8
40,50,17.0609041582924,11
40,51,17.3659822515694,11
40,52,16.8212241586479,11
40,53,16.2725757099259,11
40,54,16.5428357235822,11
40,55,16.0590536049686,11
40,56,17.0937820114965,11
40,57,16.6014978250397,11
40,58,16.6906042211846,11
40,59,15.9221321429385,11
40,60,8.40906590058139,9
40,61,9.4120497214757,9
40,62,10.6253332612159,8
40,63,10.7513436200641,8
40,64,8.43230496695342,9
40,65,8.61597792988534,9
40,66,8.69072807709556,9
40,67,10.9848493662235,8
40,68,11.4333793901026,8
40,69,11.0643816095246,8
40,70,9.49689553973063,9
40,71,9.39505514436383,9
40,72,9.37670873595632,9
40,73,9.72042964476511,9
40,74,8.20403012727031,9
40,75,9.12221030494325,9
40,76,8.90136866939294,9
40,77,8.93367337303204,9
40,78,11.4274331786128,8
40,79,11.657561309623,8
40,80,8.79707093350435,9
40,81,8.50006229143914,9
40,82,9.08598943422883,9
40,83,11.292055412342,8
40,84,8.72901662451951,9
40,85,9.81711092035512,9
40,86,8.99888696570994,9
40,87,9.04068807966954,9
40,88,9.58973159671892,9
40,89,8.99459078604365,9
40,90,11.0006744574146,8
40,91,11.0484613748286,8
40,92,11.2499172785277,8
40,93,11.4998355458467,8
40,94,10.3978070666073,8
40,95,11.0896619126392,8
40,96,11.0173972876673,8
40,97,10.8589054166312,8
40,98,10.627789661697,8
40,99,10.5903288568974,8
40,100,11.6062041843234,8
41,1,10.1935089764819,2
41,2,9.74767040818318,2
41,3,10.0016594728216,2
41,4,9.84134347552285,2
41,5,10.0040219037379,2
41,6,10.2500070244428,2
41,7,10.1352835546102,2
41,8,10.1930838239689,2
41,9,9.74363308057844,2
41,10,10.9000730853879,2
41,11,10.3666389705225,2
41,12,9.96138631307807,2
41,13,10.4670525352226,2
41,14,10.0287932595209,2
41,15,9.85419781657444,2
41,16,9.99399109317908,2
41,17,10.6393283391538,2
41,18,10.4316401122114,2
41,19,10.4575555803812,2
41,20,10.4313537511157,2
41,21,9.47239741990283,2
41,22,11.0884324876891,2
41,23,9.11410745441481,2
41,24,9.4233008238594,2
41,25,10.4947625212914,2
41,26,10.1812455124263,2
41,27,10.0884149922744,2
41,28,10.9246446277308,2
41,29,10.1447196603155,2
41,30,9.25034317988978,2
41,31,10.3205983366988,2
41,32,10.3203666593998,2
41,33,10.2614229794858,2
41,34,10.3870742978092,2
41,35,9.92105309473236,2
41,36,9.15412687241814,2
41,37,9.54981528670754,2
41,38,10.0062441679896,2
41,39,9.95944019546306,2
41,40,9.23873342337788,2
41,41,10.0163438310646,2
41,42,10.7985184837821,2
41,43,9.66289201966553,2
41,44,10.311604671065,2
41,45,9.78752098104581,2
41,46,11.1488122674712,2
41,47,9.53368635476729,2
41,48,9.72306829399314,2
41,49,10.1814185963809,2
41,50,11.2483258267652,2
41,51,9.57426750897936,2
41,52,10.2953389792296,2
41,53,9.92713667213436,2
41,54,10.0324226020759,2
41,55,10.0511530684502,2
41,56,10.0455029741197,2
41,57,10.7646460423825,2
41,58,8.85264124871299,2
41,59,10.0447244613464,2
41,60,10.3943751252968,2
41,61,9.57215643785407,2
41,62,9.57330866785016,2
41,63,9.98273724907196,2
41,64,9.85041263236192,2
41,65,9.48024954520761,2
41,66,9.9885849927587,2
41,67,9.85518421351377,2
41,68,9.24850283776272,2
41,69,9.57578267792447,2
41,70,10.2127422566103,2
41,71,10.0540425543972,2
41,72,10.2129150744386,2
41,73,10.8401498760435,2
41,74,9.95806816510689,2
41,75,10.1505266721708,2
41,76,9.8143040869357,2
41,77,10.7275134880137,2
41,78,10.0028798426116,2
41,79,9.58428156916215,2
41,80,10.5551192027232,2
41,81,11.9445673332792,8
41,82,10.7724193033477,8
41,83,7.99610391456767,9
41,84,9.09506891200662,9
41,85,9.7734771220021,9
41,86,8.5945748789456,9
41,87,10.4506653648352,8
41,88,11.2235956975473,8
41,89,10.4903275051173,8
41,90,11.0802195773477,8
41,91,10.53822115897,8
41,92,9.98432083793276,8
41,93,8.38508113765922,9
41,94,8.22739443153599,9
41,95,8.4279285627273,9
41,96,8.29760353151668,9
41,97,9.48204286021958,9
41,98,9.04781418637118,9
41,99,8.77469683475633,9
41,100,8.33804810316901,9
42,1,19.0175289190309,5
42,2,18.8939374270841,5
42,3,18.6108490567562,5
42,4,18.7136606166458,5
42,5,19.0402169337267,5
42,6,19.6959929768007,5
42,7,18.7146406813288,5
42,8,19.3735191929971,5
42,9,19.5733834467476,5
42,10,18.9390010389501,5
42,11,19.3742484993535,5
42,12,18.7965946189713,5
42,13,19.0110996906967,5
42,14,19.7492236936188,5
42,15,18.8095165487929,5
42,16,19.7873263281509,5
42,17,19.5138409795703,5
42,18,19.1593550881763,5
42,19,19.4784310490613,5
42,20,18.5969241763515,5
42,21,18.3726831126455,5
42,22,19.8497875734691,5
42,23,18.1339200357406,5
42,24,18.1098238717838,5
42,25,18.42634232011,5
42,26,18.911419479399,5
42,27,17.793852165258,5
42,28,19.210114372454,5
42,29,19.4402883877531,5
42,30,19.304975998405,5
42,31,18.7319343704559,5
42,32,19.3305635629947,5
42,33,19.3137143284256,5
42,34,18.1725627034353,5
42,35,19.2519025522672,5
42,36,19.4703781866414,5
42,37,18.6028063977457,5
42,38,18.7105927403158,5
42,39,19.2293309986987,5
42,40,18.6634828070058,5
42,41,19.1491316841933,5
42,42,18.1984627644428,5
42,43,18.2459123560684,5
42,44,18.3622832073999,5
42,45,18.2809138316382,5
42,46,18.2424869515965,5
42,47,18.8986029691268,5
42,48,19.2880555593017,5
42,49,18.7817715547796,5
42,50,19.1690930367209,5
42,51,18.9847459637428,5
42,52,18.8585916096029,5
42,53,19.5180021903261,5
42,54,18.5940678620423,5
42,55,19.0457423055033,5
42,56,19.446665330654,5
42,57,18.5155199243385,5
42,58,19.2745587245749,5
42,59,18.733648780383,5
42,60,18.1467643391784,5
42,61,18.1527391747712,5
42,62,19.2035666394861,5
42,63,18.4762946025876,5
42,64,18.8085185133875,5
42,65,19.409220322055,5
42,66,18.4067017157509,5
42,67,19.4814416577384,5
42,68,18.1439341727535,5
42,69,19.4563291191199,5
42,70,19.1531389696292,5
42,71,18.0749952103645,5
42,72,16.417733411895,4
42,73,17.5046993658184,4
42,74,16.7733999538479,4
42,75,16.7212172165165,4
42,76,16.6970239461332,4
42,77,16.9295725040484,4
42,78,16.5959987942663,4
42,79,17.4877266705759,4
42,80,17.8342845051346,4
42,81,16.7415451029891,4
42,82,12.7452470773975,6
42,83,12.8845251649038,6
42,84,13.6505116774715,6
42,85,13.3828477155802,6
42,86,12.6825138669388,6
42,87,15.9843451498309,3
42,88,15.4456851537708,3
42,89,17.3433247112244,4
42,90,17.3195028015765,4
42,91,16.7782346315533,4
42,92,17.1140495908149,4
42,93,16.8306302594907,4
42,94,17.1277015771315,4
42,95,16.6891925793531,4
42,96,16.9832844990896,4
42,97,14.1923616104315,3
42,98,14.4963098505008,3
42,99,14.6934973008516,3
42,100,14.9570589126487,3
43,1,15.3313414568146,3
43,2,15.2638535604653,3
43,3,13.8083071874052,3
43,4,15.1771619172983,3
43,5,14.5333583731199,3
43,6,15.5209174304739,3
43,7,15.3517138937739,3
43,8,13.6326106978134,3
43,9,15.6418279375809,3
43,10,14.5598616020469,3
43,11,15.6403881274627,3
43,12,14.9876490848885,3
43,13,14.7595097656027,3
43,14,15.5746057571396,3
43,15,13.8199078492554,6
43,16,13.7720135470556,6
43,17,13.9133860148758,6
43,18,13.0070973686035,6
43,19,11.9331271158599,6
43,20,13.6958116788137,6
43,21,12.3355711696932,6
43,22,13.152340417533,6
43,23,12.9227094184011,6
43,24,13.681068429306,6
43,25,12.6217244052822,6
43,26,12.9842038858183,6
43,27,13.4243099300275,6
43,28,13.938790765643,6
43,29,12.7386481501917,6
43,30,12.9500381066417,6
43,31,12.8198730509273,6
43,32,12.5180394551102,6
43,33,12.7782444946889,6
43,34,13.7781589146471,6
43,35,14.5409172099558,3
43,36,15.8124193718854,3
43,37,15.2922171255296,3
43,38,14.9321514192322,3
43,39,15.6721603203307,3
43,40,15.9035802127494,3
43,41,14.7563159899021,3
43,42,15.0943340139035,3
43,43,14.2556352389798,3
43,44,12.6116501676237,6
43,45,13.7466214202645,6
43,46,13.1512980262237,6
43,47,13.6854823689407,6
43,48,12.5909447538797,6
43,49,13.6318957768464,6
43,50,14.7985099647474,3
43,51,14.2393361829716,3
43,52,14.5025261325043,3
43,53,15.3331256326413,3
43,54,14.4486660948076,3
43,55,14.6864591724038,3
43,56,14.86725495549,3
43,57,16.8595026561426,4
43,58,17.0149348468292,4
43,59,16.726102549108,4
43,60,16.8903624453438,4
43,61,17.3615473418692,4
43,62,14.7132892278812,3
43,63,15.0855269375957,3
43,64,14.8970892956879,3
43,65,14.1589775316007,3
43,66,15.2525889380955,3
43,67,12.2553164048554,6
43,68,12.398501978905,6
43,69,13.0957624263514,6
43,70,14.1411360873708,3
43,71,15.752445271481,3
43,72,12.7557151259737,6
43,73,12.5915737992292,6
43,74,14.8307810785236,3
43,75,16.1128628547499,3
43,76,15.7953299284123,3
43,77,13.989487941847,3
43,78,13.0075754277181,6
43,79,13.8391600494866,6
43,80,13.5341652977441,6
43,81,12.7755396796154,6
43,82,12.8466989963135,6
43,83,13.2533378818497,6
43,84,13.5131488870417,6
43,85,15.4660616727785,3
43,86,15.2036646003528,3
43,87,14.9159435639746,3
43,88,15.0196622542371,3
43,89,14.4547443646956,3
43,90,17.0541201046769,4
43,91,16.7846991790657,4
43,92,16.9106947764624,4
43,93,16.6693465186819,4
43,94,16.226721484142,4
43,95,16.8205024025883,4
43,96,17.3363697239271,4
43,97,16.693361296405,4
43,98,16.5984390032981,4
43,99,16.7420164512194,4
43,100,17.4966163791193,4
44,1,17.4742309784722,11
44,2,10.7101646889595,8
44,3,10.5758138839413,8
44,4,10.5323126575194,8
44,5,10.8996234521112,8
44,6,10.2421743307963,8
44,7,11.2660171156553,8
44,8,10.7742065506885,8
44,9,11.3412953246273,8
44,10,10.9169466402522,8
44,11,11.5381133593809,8
44,12,9.9629251048809,9
44,13,8.10803456567623,9
44,14,10.3562837102892,8
44,15,10.01165574351,9
44,16,8.84003771414444,9
44,17,11.3190316185294,8
44,18,10.0018237414446,8
44,19,8.84409158218471,9
44,20,10.8822805663994,8
44,21,11.0307225160415,8
44,22,8.33271549246855,9
44,23,8.27239758459988,9
44,24,9.88800089852311,8
44,25,8.46476944107708,9
44,26,10.739098849884,8
44,27,10.8937906622552,8
44,28,10.9999559239097,8
44,29,9.23435254519388,9
44,30,10.9567333114708,8
44,31,10.7971704921014,8
44,32,10.8113925251761,8
44,33,10.332192954585,8
44,34,10.7306208845807,8
44,35,11.1706192766966,8
44,36,9.05651576253931,9
44,37,8.56574001721738,9
44,38,10.4282898651129,8
44,39,11.1217309720271,8
44,40,10.9559491066633,8
44,41,9.03343768310227,9
44,42,9.25886321007106,9
44,43,8.49720179129676,9
44,44,8.02097326641038,9
44,45,8.23073957296597,9
44,46,9.10576922870439,9
44,47,8.71182165434597,9
44,48,9.26630127896635,9
44,49,9.90353330625633,8
44,50,9.98218388550139,8
44,51,10.611000039683,8
44,52,10.3414387870473,8
44,53,11.2080156353088,8
44,54,8.91622992770804,9
44,55,9.52060737075268,9
44,56,9.60703264356676,9
44,57,9.2128855030213,9
44,58,8.50956558365296,9
44,59,9.54457913639216,9
44,60,7.89746639836789,9
44,61,10.857569075546,8
44,62,11.2618207486883,8
44,63,11.0223458843638,8
44,64,9.62948395910243,8
44,65,10.3247295843131,8
44,66,8.61489934707953,9
44,67,8.77928775866181,9
44,68,10.851714113113,8
44,69,10.7356478479774,8
44,70,11.9352149973073,8
44,71,12.2520036633167,8
44,72,10.6422890780737,8
44,73,11.9905950068085,8
44,74,10.9144875612491,8
44,75,17.3878644463345,11
44,76,17.053946470882,11
44,77,17.8209137909235,11
44,78,16.5233341574812,11
44,79,17.4586700920554,11
44,80,17.4383140925436,11
44,81,16.4176484814063,11
44,82,17.3964939958575,11
44,83,17.1058536661111,11
44,84,16.6947568552626,11
44,85,17.865818214218,11
44,86,17.5677230909445,11
44,87,17.0617668782901,11
44,88,17.8186909263148,11
44,89,16.4689711749812,11
44,90,18.2606479918603,11
44,91,17.2542942533599,11
44,92,17.1015443882063,11
44,93,16.1756430715356,11
44,94,17.6008580967259,11
44,95,17.7523082945257,11
44,96,17.1188977208313,11
44,97,17.3724926490505,11
44,98,17.4517475093044,11
44,99,16.925881279467,11
44,100,16.7308433618294,11
45,1,19.2476293490379,12
45,2,20.0657536654142,12
45,3,19.2763849649825,12
45,4,18.5949000210744,12
45,5,19.5176911474061,12
45,6,19.0670502252722,12
45,7,18.8925452168832,12
45,8,19.7805952965853,12
45,9,19.1918954468781,12
45,10,18.6529221256304,12
45,11,19.1126883814806,12
45,12,19.6426343747265,12
45,13,19.0065473430477,12
45,14,18.3673096869395,12
45,15,19.3271382013498,12
45,16,18.6806475988403,12
45,17,18.2957708473848,12
45,18,19.6948266630484,12
45,19,19.1111238063831,12
45,20,18.9286867515914,12
45,21,18.877428144994,12
45,22,18.2045261476063,12
45,23,18.8442806926169,12
45,24,19.6092813098108,12
45,25,18.9416207514912,12
45,26,18.976774805426,12
45,27,19.0086235671465,12
45,28,19.277510234678,12
45,29,18.6714689104047,12
45,30,19.1662284392318,12
45,31,19.6347868326985,12
45,32,19.0423416971699,12
45,33,20.3454157843305,12
45,34,19.3901644965257,12
45,35,18.969728314526,12
45,36,18.8310239961716,12
45,37,18.3994442549873,12
45,38,17.7209346893889,12
45,39,18.727287192747,12
45,40,18.8172176695393,12
45,41,18.8875947780062,12
45,42,19.644174401076,12
45,43,19.2977717826616,12
45,44,19.8747372150613,12
45,45,19.57382827194,12
45,46,18.3748893840955,12
45,47,18.7926836853622,12
45,48,19.1608075228577,12
45,49,19.5204566018271,12
45,50,19.2352624992472,12
45,51,18.8954845010037,12
45,52,19.0320708304038,12
45,53,18.2316289315623,12
45,54,19.4994199190377,12
45,55,18.7135818015915,12
45,56,19.1377313114442,12
45,57,19.272599522212,12
45,58,18.9166755592708,12
45,59,18.0841440663621,12
45,60,18.3394740210086,12
45,61,19.6276006513661,12
45,62,18.6361870191322,12
45,63,18.6483914661044,12
45,64,20.0510119971451,12
45,65,19.5080368186254,12
45,66,18.4341531933209,12
45,67,18.8659143315586,12
45,68,18.9584866588313,12
45,69,19.8077016926849,12
45,70,19.7832043587663,12
45,71,19.7275758421843,12
45,72,19.1716171526972,12
45,73,20.0512211281128,12
45,74,19.4219899144254,12
45,75,18.8498670389492,12
45,76,18.9931905813319,12
45,77,19.0649866033308,12
45,78,18.9955880298925,12
45,79,18.7931424188894,12
45,80,18.7950168555432,12
45,81,19.1567307691463,12
45,82,18.7292623248527,12
45,83,18.5663492285024,12
45,84,18.1589253785181,12
45,85,18.8725655684016,12
45,86,19.6950323477264,12
45,87,19.6312746258868,12
45,88,19.0071969666511,12
45,89,18.6813099951767,12
45,90,18.440186699151,12
45,91,18.8878534856788,12
45,92,19.1636168293876,12
45,93,18.8758404024755,12
45,94,18.7358113023985,12
45,95,20.147647754583,12
45,96,19.6845350141425,12
45,97,18.9756752688905,12
45,98,18.9784658802338,12
45,99,18.3083051119351,12
45,100,19.0149148965251,12
46,1,19.4829965638968,5
46,2,19.6280487297849,5
46,3,18.8836353423277,5
46,4,18.4610652402069,5
46,5,18.9172517336775,5
46,6,19.4991144415394,5
46,7,19.2392741294849,5
46,8,18.9617057966186,5
46,9,18.7530383341055,5
46,10,20.4916998163362,5
46,11,19.3327990086052,5
46,12,18.6030154403901,5
46,13,18.9675145527384,5
46,14,18.5945145340143,5
46,15,20.0178914776828,5
46,16,19.4016676048013,5
46,17,18.804059618445,5
46,18,19.2255445967577,5
46,19,19.0095603157689,5
46,20,17.9039060590436,5
46,21,18.8739232668013,5
46,22,19.1254627747351,5
46,23,18.5379317594484,5
46,24,18.932400261732,5
46,25,19.417492895251,5
46,26,19.005706297054,5
46,27,18.6781511083426,5
46,28,18.5054754450527,5
46,29,19.5364533206584,5
46,30,18.9931703600115,5
46,31,18.2686019470807,5
46,32,19.2780543557583,5
46,33,19.0065995126742,5
46,34,19.5315788041176,5
46,35,19.2369773310472,5
46,36,19.5424996451633,5
46,37,18.2131948631238,5
46,38,17.902677426084,4
46,39,17.5420846589667,4
46,40,16.3061204173781,4
46,41,17.2417337977442,4
46,42,16.7052991510086,4
46,43,16.7008524096576,4
46,44,17.0376238080416,4
46,45,16.9545015020955,4
46,46,17.5128993595879,4
46,47,18.2772657860903,4
46,48,16.1371554767281,4
46,49,17.9916465445248,4
46,50,17.6703238275313,4
46,51,16.5647636910795,4
46,52,17.5720793439062,4
46,53,16.9473896224307,4
46,54,15.7177905364865,3
46,55,15.6929405544854,3
46,56,16.6329448782263,4
46,57,17.4926118783119,4
46,58,16.5443995378945,4
46,59,16.7669731583671,4
46,60,16.8248104743139,4
46,61,16.7406739786039,4
46,62,17.5294483737359,4
46,63,17.3861769484484,4
46,64,16.5668405513446,4
46,65,16.1390145668442,4
46,66,17.6207518667506,4
46,67,16.0459781167834,4
46,68,17.8121516707904,4
46,69,17.5809245101537,4
46,70,16.7605768645297,4
46,71,16.9277652765844,4
46,72,16.8441584585358,4
46,73,16.5952716685388,4
46,74,17.4040928812702,4
46,75,17.5478542844089,4
46,76,17.6121231789974,4
46,77,16.811294198326,4
46,78,16.4708188904252,4
46,79,17.0235093710736,4
46,80,17.7918741670097,4
46,81,16.4351057349389,4
46,82,17.6423041391922,4
46,83,17.3135953726115,4
46,84,17.6039402017519,4
46,85,17.3207192104042,4
46,86,16.9399901880183,4
46,87,14.778861960546,3
46,88,15.440641703516,3
46,89,14.1449275193778,3
46,90,15.5304969972586,3
46,91,14.3685544703159,3
46,92,13.7792922660353,3
46,93,15.471699637327,3
46,94,15.1027544501192,3
46,95,14.9190705747924,3
46,96,15.5587226614242,3
46,97,14.2431759974959,3
46,98,14.4856378559122,3
46,99,15.2183408093387,3
46,100,14.8250742718957,3
47,1,19.0597336547573,12
47,2,18.7974521753165,12
47,3,18.9882751402796,12
47,4,18.4919621406054,12
47,5,19.4207766443906,12
47,6,19.378883084524,12
47,7,19.8619815053895,12
47,8,19.417672004184,12
47,9,18.6170310677882,12
47,10,18.6505442945138,12
47,11,19.9571835823912,12
47,12,18.9272382419139,12
47,13,19.2019918569517,12
47,14,19.309815388748,12
47,15,18.8981290683555,12
47,16,19.8136041070647,12
47,17,19.7529066040283,12
47,18,19.2402602463567,12
47,19,18.6120479996342,12
47,20,19.6609028194706,12
47,21,18.8738718869923,12
47,22,19.8386951317032,12
47,23,18.1831877506252,12
47,24,18.9946422786312,12
47,25,18.8927356037439,12
47,26,18.644230830045,12
47,27,19.2078892114115,12
47,28,18.9201688897284,12
47,29,19.1109509432875,12
47,30,18.9042490599123,12
47,31,18.7658211205167,12
47,32,18.532413629684,12
47,33,19.0616810246612,12
47,34,18.4903498725309,12
47,35,19.3130878255685,12
47,36,19.1547441153068,12
47,37,18.284260466743,12
47,38,19.7173142598536,12
47,39,18.7592860855829,12
47,40,18.6009833297267,12
47,41,18.6533634726027,12
47,42,18.9048097664989,12
47,43,18.8359190211526,12
47,44,18.2331912005659,12
47,45,19.0705410631784,12
47,46,17.8608669319229,12
47,47,19.147193307855,12
47,48,18.4896343291409,12
47,49,18.5629636854667,12
47,50,18.8112171867656,12
47,51,18.8653890253565,12
47,52,19.5816801811477,12
47,53,18.2604052621414,12
47,54,19.0650715084298,12
47,55,18.5340969736352,12
47,56,18.9681183633111,12
47,57,19.3868951625226,12
47,58,19.4986676808811,12
47,59,18.8337029573966,12
47,60,18.8088388377692,12
47,61,19.2461685677968,12
47,62,19.5872713310371,12
47,63,20.4171905967652,12
47,64,18.0924874512973,12
47,65,19.3445189367907,12
47,66,19.0971035403337,12
47,67,18.667142099846,12
47,68,18.5781248765388,12
47,69,19.2454619100446,12
47,70,19.8241543214841,12
47,71,19.2765849099145,12
47,72,18.8389203204399,12
47,73,17.8890414143197,12
47,74,18.9797046999938,12
47,75,19.6225443396896,12
47,76,18.6203770930436,12
47,77,19.0031351935212,12
47,78,19.6440178921881,12
47,79,18.7655935107769,12
47,80,18.8329929170331,12
47,81,19.1423437796197,12
47,82,19.749722297517,12
47,83,19.0821937364178,12
47,84,19.0800135570323,12
47,85,18.6538710482726,12
47,86,18.9419805407393,12
47,87,18.7496317357956,12
47,88,18.514701867178,12
47,89,19.1379627116238,12
47,90,19.0254034381464,12
47,91,19.6318465691211,12
47,92,19.2070088201987,12
47,93,19.6784889521734,12
47,94,18.4107837829396,12
47,95,19.0153531596255,12
47,96,18.884141249208,12
47,97,18.4960558933161,12
47,98,18.8152788600991,12
47,99,19.2782126195736,12
47,100,18.7769465949125,12
48,1,9.29374846085886,9
48,2,9.10025980949735,9
48,3,10.0540687484434,9
48,4,8.65825260960987,9
48,5,8.41309508674556,9
48,6,11.3933833464092,8
48,7,10.1334182867056,8
48,8,10.8722816328708,8
48,9,8.93210921922847,9
48,10,11.8255755762067,8
48,11,9.25014942202722,9
48,12,10.0745710057599,9
48,13,9.32156178559689,9
48,14,9.08480904874633,9
48,15,10.9609261231788,8
48,16,11.0561142393251,8
48,17,10.8977440776989,8
48,18,11.6507655678254,8
48,19,16.8705907944416,11
48,20,17.1899917855308,11
48,21,16.7368663046128,11
48,22,16.1862996815046,11
48,23,16.384957898253,11
48,24,17.1958077556233,11
48,25,10.1852326756483,8
48,26,10.961368468147,8
48,27,10.1512075164524,8
48,28,11.5050844705494,8
48,29,11.452191374081,8
48,30,11.7879494276605,8
48,31,16.8386786915891,11
48,32,16.8834229944332,11
48,33,16.5668878659451,11
48,34,16.7945987224932,11
48,35,16.6931068091352,11
48,36,17.4286041768517,11
48,37,16.7623968408059,11
48,38,18.3336704636373,11
48,39,16.4753172360029,11
48,40,16.8422357409513,11
48,41,16.3508005359802,11
48,42,16.3636172426591,11
48,43,17.2849544755805,11
48,44,16.9405700314546,11
48,45,17.0068124997583,11
48,46,16.4412175488477,11
48,47,16.4990953048607,11
48,48,16.7666928345344,11
48,49,17.7290536945419,11
48,50,17.4292306053443,11
48,51,17.4492478657676,11
48,52,17.493944446757,11
48,53,15.5514381827649,11
48,54,17.6281156994676,11
48,55,16.8600499082272,11
48,56,16.7927284153526,11
48,57,17.4366254503492,11
48,58,16.0911829951735,11
48,59,16.7852577287767,11
48,60,16.4328994174783,11
48,61,16.0558664473215,11
48,62,17.8174708209323,11
48,63,16.5344306170406,11
48,64,16.240134743322,11
48,65,9.43271552489528,9
48,66,9.80488214030504,9
48,67,8.99412484752627,9
48,68,10.0955742775286,8
48,69,10.5379938654638,8
48,70,11.5202301605475,8
48,71,8.73413679813497,9
48,72,10.9467379466953,8
48,73,10.050629589303,8
48,74,11.2738312683125,8
48,75,10.2458235668548,8
48,76,11.4133561411163,8
48,77,10.975027829636,8
48,78,8.58887320709086,9
48,79,8.02753668473201,9
48,80,9.28336835781284,9
48,81,8.79928606258991,9
48,82,9.43431905018596,9
48,83,9.18536243963557,9
48,84,8.22665249746744,9
48,85,8.36884012912969,9
48,86,6.48489674573146,10
48,87,6.16074254583271,10
48,88,6.92964123339553,10
48,89,9.72789467969699,9
48,90,10.7197073963049,8
48,91,10.5273385246256,8
48,92,9.07208302363209,9
48,93,8.99937042179722,9
48,94,9.30423208040813,9
48,95,9.26755348153539,9
48,96,9.49616005020511,9
48,97,9.04545177831639,9
48,98,8.19148531573703,9
48,99,8.30594173570852,9
48,100,11.0922471690837,8
49,1,9.78535356725036,2
49,2,9.83928638337581,2
49,3,10.3849710352643,2
49,4,9.65563139863514,2
49,5,10.6155798597328,2
49,6,9.99592047345769,2
49,7,10.0524172662468,2
49,8,11.2246200871352,2
49,9,9.33021669659175,2
49,10,10.1314687355829,2
49,11,9.76660392321766,2
49,12,10.1981113528874,2
49,13,10.2318551874654,2
49,14,9.90667250536968,2
49,15,9.68487818779277,2
49,16,10.3669868834621,2
49,17,10.6249998836599,2
49,18,9.93209256114902,2
49,19,9.07109485792964,2
49,20,10.0448022453213,2
49,21,10.0110823738965,2
49,22,10.5317110472363,2
49,23,10.2832689542097,2
49,24,10.1109535108484,2
49,25,10.4144411752509,2
49,26,9.93524063042653,2
49,27,9.62361465581739,2
49,28,9.51962470745129,2
49,29,10.1090518668219,2
49,30,9.98086852952121,2
49,31,10.1217311801707,2
49,32,9.16275234020693,2
49,33,8.8097230405262,2
49,34,10.85729981549,2
49,35,10.6221729598839,2
49,36,10.7615563148784,2
49,37,9.59157981756803,2
49,38,9.55652537685548,2
49,39,9.84218069632206,2
49,40,10.3571922170147,2
49,41,9.27585472997493,2
49,42,10.1497660558961,2
49,43,10.6823225719287,2
49,44,9.52142234105101,2
49,45,8.61031246936305,2
49,46,9.8090597937008,2
49,47,10.2484477502727,2
49,48,8.94202686203082,2
49,49,9.37290667578697,2
49,50,10.9967901896922,2
49,51,9.61075787579821,2
49,52,10.2673837120848,2
49,53,9.65334145859637,2
49,54,10.2905096498211,2
49,55,9.18571491270296,2
49,56,8.99192054285084,2
49,57,11.1696377357696,2
49,58,9.62965156877108,2
49,59,9.88367588767137,2
49,60,9.1447258293829,2
49,61,9.50654651949033,2
49,62,9.72941630031541,2
49,63,9.83345955346099,2
49,64,9.98014884297789,2
49,65,9.46178260671866,2
49,66,10.5418622012842,2
49,67,9.48678306547535,2
49,68,10.1382731824432,2
49,69,9.91411747544294,2
49,70,10.4521498899907,2
49,71,10.7943863342777,2
49,72,9.77124885408109,2
49,73,10.0263299331292,2
49,74,9.41053568137646,2
49,75,10.0179841331319,2
49,76,10.2321026368206,2
49,77,10.2462328998346,2
49,78,10.4174148507991,2
49,79,9.74595619571171,2
49,80,10.509192469937,2
49,81,10.9353513343562,8
49,82,11.1742472925138,8
49,83,11.9204905463742,8
49,84,11.1909649281823,8
49,85,10.7773423681406,8
49,86,5.71494760093519,10
49,87,6.0635440220659,10
49,88,6.97466513077742,10
49,89,8.01560357578275,10
49,90,7.13167732389388,10
49,91,7.57504152770742,10
49,92,6.83917704148978,10
49,93,7.26439762783361,10
49,94,6.57643558398487,10
49,95,6.5895419556535,10
49,96,6.92593077898909,10
49,97,7.97715985751339,10
49,98,7.66259561771699,10
49,99,7.29624677392868,10
49,100,7.31922400731165,10
50,1,7.5136644955673,10
50,2,6.82208253373751,10
50,3,6.34301332394371,10
50,4,6.49020533145919,10
50,5,6.79181110454963,10
50,6,5.52073044601314,10
50,7,7.99350143465263,10
50,8,6.60292747751849,10
50,9,6.36453926118901,10
50,10,7.00325986714626,10
50,11,7.1795742775912,10
50,12,7.15662865044589,10
50,13,7.30768975091424,10
50,14,6.37763043479811,10
50,15,6.15368577813424,10
50,16,6.50128730693794,10
50,17,6.49311985129461,10
50,18,6.94581678795224,10
50,19,7.27055688973562,10
50,20,7.292801723551,10
50,21,6.45083143485783,10
50,22,6.9666881500721,10
50,23,7.7368440722352,10
50,24,6.39375099128769,10
50,25,8.18047438100151,10
50,26,7.56652336934306,10
50,27,6.94438014402282,10
50,28,5.82139096281094,10
50,29,7.3970950840495,10
50,30,6.55268655482697,10
50,31,6.84467643138698,10
50,32,6.87254027862423,10
50,33,8.0088969307194,10
50,34,6.04000659625998,10
50,35,6.71636044380296,10
50,36,7.30203550091618,10
50,37,7.15632624242355,10
50,38,6.78860139740423,10
50,39,7.45918848876979,10
50,40,6.11785066549781,10
50,41,6.91881183952745,10
50,42,6.50240894974115,10
50,43,6.7553054280598,10
50,44,6.43100850860936,10
50,45,7.13047512427314,10
50,46,7.0551774470402,10
50,47,6.51268125282174,10
50,48,6.78875577317718,10
50,49,6.87643279079812,10
50,50,5.51838911444887,10
50,51,6.98321629810864,10
50,52,6.98985263352926,10
50,53,7.38573245982755,10
50,54,7.17012469587849,10
50,55,7.23774099001345,10
50,56,5.97619292305102,10
50,57,6.46053341735616,10
50,58,7.58458809554863,10
50,59,6.72988013469068,10
50,60,6.28965989433928,10
50,61,6.94557839261625,10
50,62,6.34113218925481,10
50,63,6.36122441820083,10
50,64,7.66171934122967,10
50,65,6.61639573885664,10
50,66,6.95480554691283,10
50,67,7.49914761832079,10
50,68,7.01549584648563,10
50,69,6.40164725764999,10
50,70,6.62889870914513,10
50,71,6.27421235898313,10
50,72,7.05415620692723,10
50,73,7.24012606304938,10
50,74,6.59371023507542,10
50,75,6.9967787886309,10
50,76,6.07405862155738,10
50,77,6.83681283619539,10
50,78,7.19980313589111,10
50,79,7.1385735751199,10
50,80,6.65505618988569,10
50,81,6.80919393400809,10
50,82,7.27657884954784,10
50,83,6.79615530016697,10
50,84,6.99683389966244,10
50,85,7.26415012997442,10
50,86,6.83799088705953,10
50,87,6.0486320212676,10
50,88,6.64467205411225,10
50,89,10.9830775232097,8
50,90,11.1637551929511,8
50,91,10.8236027329598,8
50,92,10.9157143611766,8
50,93,10.8041943360064,8
50,94,11.9014868695778,8
50,95,11.8830347697532,8
50,96,11.2540080846411,8
50,97,11.6871076688771,8
50,98,11.1992271725944,8
50,99,10.7668753577375,8
50,100,8.891213022729,9
51,1,-0.715204427384446,1
51,2,-0.288075999379039,1
51,3,-0.654739311160729,1
51,4,-0.161886474667056,1
51,5,-1.67801954850829,1
51,6,-0.720486319143837,1
51,7,0.0664035636913371,1
51,8,-0.0507889845021213,1
51,9,-0.452975350134818,1
51,10,0.0363141594964016,1
51,11,0.00123632624052887,1
51,12,-0.441237632624222,1
51,13,-0.24956445860197,1
51,14,0.167843712100606,1
51,15,0.311418478057017,1
51,16,0.176716317598104,1
51,17,0.419510663348052,1
51,18,-0.0223851264058052,1
51,19,-0.516479871229231,1
51,20,0.283269219663825,1
51,21,0.441718496230363,1
51,22,-0.729357348429185,1
51,23,0.572970117037668,1
51,24,-0.464103114244799,1
51,25,0.174916416657255,1
51,26,-0.130615180462105,1
51,27,-0.813109913293815,1
51,28,0.32873877692996,1
51,29,0.17290434058892,1
51,30,-0.370701583603582,1
51,31,-0.4411617351027,1
51,32,0.480311254645151,1
51,33,-0.16507975167811,1
51,34,-0.41568778842754,1
51,35,0.381572844156992,1
51,36,0.0474616067920409,1
51,37,1.02479889573031,1
51,38,-0.108305719393587,1
51,39,-0.33972340537632,1
51,40,0.743101938531886,1
51,41,0.183955411958992,1
51,42,0.453554641328173,1
51,43,0.279353108413598,1
51,44,-0.657132250403435,1
51,45,0.0726974874789625,1
51,46,-0.843564722891839,1
51,47,-0.556547200472725,1
51,48,-0.240034360894684,1
51,49,-0.0086764789601679,1
51,50,-0.940830828308759,1
51,51,0.774331131623205,1
51,52,-0.854648129147222,1
51,53,0.268629429519562,1
51,54,0.290288522972237,1
51,55,-0.0283738382320543,1
51,56,0.353596593852486,1
51,57,-0.288755143043827,1
51,58,0.17529143587155,1
51,59,-0.734094816979678,1
51,60,-0.326578380219341,1
51,61,0.434490118490597,1
51,62,0.213774044432303,1
51,63,0.318067597377926,1
51,64,-0.619900796594258,1
51,65,0.556488110466792,1
51,66,-0.548173647246811,1
51,67,-0.0100212413625821,1
51,68,-0.373500417867071,1
51,69,-0.939963215881471,1
51,70,0.702051950933509,1
51,71,-0.229764077362181,1
51,72,-0.125281212996845,1
51,73,0.296102753664991,1
51,74,-0.130223773150873,1
51,75,0.676105654759638,1
51,76,0.0596044835957941,1
51,77,0.275846334644477,1
51,78,-0.209314704757749,1
51,79,0.863573461209226,1
51,80,0.573719221192851,1
51,81,-0.15326189425114,1
51,82,0.996941487506114,1
51,83,0.193626030066027,1
51,84,-0.0810705459557382,1
51,85,-0.594374970905699,1
51,86,0.417946135347133,1
51,87,0.101546245462831,1
51,88,0.24234653439848,1
51,89,-0.801387745856014,1
51,90,-0.200511194519981,1
51,91,0.246528063636734,1
51,92,0.538126693551786,1
51,93,0.0817150412864375,1
51,94,0.0546089346159323,1
51,95,0.114875064727655,1
51,96,-0.147270349188473,1
51,97,-0.755606757247336,1
51,98,-0.570386197942382,1
51,99,0.363615635442277,1
51,100,-0.308681155782667,1
52,1,17.7120579970993,11
52,2,16.0667059411241,11
52,3,17.3426107255016,11
52,4,10.8585897592297,8
52,5,10.5161378342704,8
52,6,10.2201516296817,8
52,7,10.6327928588547,8
52,8,10.5126893257698,8
52,9,15.9723509126684,11
52,10,16.5184654686338,11
52,11,16.7687457147293,11
52,12,16.499668030137,11
52,13,16.8678391328906,11
52,14,16.9268805755192,11
52,15,16.9196744702113,11
52,16,16.8052388271116,11
52,17,17.599585316916,11
52,18,17.2217689255534,11
52,19,17.5287033948224,11
52,20,16.471224854967,11
52,21,16.6301261030426,11
52,22,17.1613310660614,11
52,23,17.4510573875412,11
52,24,16.5982332248198,11
52,25,17.1597180018874,11
52,26,17.6506675206383,11
52,27,16.8720006571235,11
52,28,17.0322494934255,11
52,29,17.4909610258426,11
52,30,17.1870099087412,11
52,31,17.3480660998509,11
52,32,18.0435235174838,11
52,33,16.7621702131746,11
52,34,15.8511780167316,11
52,35,17.1210709202234,11
52,36,16.52925494045,11
52,37,17.442217271492,11
52,38,16.7036749689379,11
52,39,17.0243928023099,11
52,40,17.3078326962146,11
52,41,16.7436004907755,11
52,42,17.5533463770628,11
52,43,17.0970013299454,11
52,44,16.4559905795419,11
52,45,16.6028434964746,11
52,46,17.5024070233557,11
52,47,17.9745414634137,11
52,48,16.3092548063116,11
52,49,17.9551813737415,11
52,50,17.3924502375481,11
52,51,17.484718162503,11
52,52,16.8936741857514,11
52,53,16.2576025193851,11
52,54,17.0076237783509,11
52,55,17.2335057877532,11
52,56,16.0127074481484,11
52,57,17.1496930365144,11
52,58,8.86818678693234,9
52,59,10.9474127490675,8
52,60,11.6610296965223,8
52,61,11.1619481948046,8
52,62,11.0050627972685,8
52,63,11.3679784563694,8
52,64,11.2072237539242,8
52,65,8.84681654318753,9
52,66,8.90583616971484,9
52,67,10.4212568082359,8
52,68,9.65817200528307,9
52,69,8.63137788280665,9
52,70,9.59391338233104,9
52,71,7.09984315510348,10
52,72,6.41617092833091,10
52,73,6.44540261142484,10
52,74,6.41549007716141,10
52,75,7.72471673732899,10
52,76,7.16292704035241,10
52,77,6.93290990478658,10
52,78,6.67643253412848,10
52,79,7.34771708236809,10
52,80,6.72687699425568,10
52,81,6.8262277398295,10
52,82,7.65597572765259,10
52,83,7.56825276131401,10
52,84,6.85971599259639,10
52,85,7.54789929049772,10
52,86,7.26307981996485,10
52,87,7.0860144857019,10
52,88,6.93544347138835,10
52,89,7.93005876870419,10
52,90,6.41205807733047,10
52,91,7.55998072866215,10
52,92,8.13466067026116,10
52,93,7.56192260640925,10
52,94,6.24162486251613,10
52,95,6.92279697305628,10
52,96,6.57702015185255,10
52,97,7.29671226579258,10
52,98,6.47728783194342,10
52,99,6.77848140940448,10
52,100,7.36835240466312,10
53,1,16.9218397603386,4
53,2,15.9215263234048,4
53,3,16.9166953586428,4
53,4,16.6531349310901,4
53,5,16.4639600547068,4
53,6,16.6082269567433,4
53,7,16.2528318587713,4
53,8,13.214262603963,6
53,9,14.1587323497674,3
53,10,14.6980129625305,3
53,11,14.5013229670676,3
53,12,15.4554964321694,3
53,13,13.1086139212793,6
53,14,12.6104481303753,6
53,15,12.7672105396589,6
53,16,12.3634648938131,6
53,17,13.2277391478475,6
53,18,13.3205166919924,6
53,19,12.7391286134478,6
53,20,13.3092074468559,6
53,21,13.4347941556273,6
53,22,13.2662936922456,6
53,23,12.751585184332,6
53,24,12.7796694004566,6
53,25,12.6127198542611,6
53,26,13.5175849612653,6
53,27,12.1436528244133,6
53,28,15.324101420486,3
53,29,15.2006566731503,3
53,30,14.5467844158979,3
53,31,14.6865651020309,3
53,32,15.4917747225254,3
53,33,14.8846970048551,3
53,34,15.0935554881017,3
53,35,13.339361611976,6
53,36,12.6413093139616,6
53,37,14.870483007596,3
53,38,15.1633982120019,3
53,39,14.6731595074238,3
53,40,15.1900687900679,3
53,41,13.0764139197545,6
53,42,12.7207850832469,6
53,43,14.669736381717,3
53,44,13.4636299112636,6
53,45,12.486809755332,6
53,46,13.5664387019091,6
53,47,12.5485932397136,6
53,48,12.8864365726021,6
53,49,12.748890736977,6
53,50,12.7019553926133,6
53,51,12.24362978161,6
53,52,15.0406068171275,3
53,53,16.5023606088597,3
53,54,12.2228077900383,6
53,55,13.0126389991252,6
53,56,13.5624830565933,6
53,57,13.0544014681053,6
53,58,12.99388594883,6
53,59,12.7431600320252,6
53,60,12.6153478183367,6
53,61,13.4503816101829,6
53,62,12.6307623536526,6
53,63,13.6936238810243,6
53,64,13.0853564520907,6
53,65,13.1783835580586,6
53,66,13.6299925079232,6
53,67,13.6117121955684,6
53,68,13.1806922495629,6
53,69,13.3758467909638,6
53,70,12.9057701523485,6
53,71,13.6061244186944,6
53,72,13.0874540574868,6
53,73,13.3652382900223,6
53,74,13.7936996114968,6
53,75,13.406852456053,6
53,76,13.7920561143923,6
53,77,12.1586364667003,6
53,78,12.6069818708153,6
53,79,12.3632123078223,6
53,80,12.670042528726,6
53,81,12.3760983943594,6
53,82,13.0686994851263,6
53,83,13.1340548560551,6
53,84,12.7046708621754,6
53,85,13.1272517232783,6
53,86,12.8723277864467,6
53,87,13.7037726090877,6
53,88,12.9650726789599,6
53,89,13.7161209661669,6
53,90,13.7428866823339,6
53,91,12.9472310996164,6
53,92,12.782825307174,6
53,93,15.1200242478261,3
53,94,15.3486499325564,3
53,95,16.613355693102,4
53,96,17.7652665154606,4
53,97,17.6653195301722,4
53,98,17.2372852515254,4
53,99,16.3114684466438,4
53,100,16.7541715477603,4
54,1,11.2462875298085,8
54,2,9.38400769294239,9
54,3,8.70597184355233,9
54,4,10.5374513027222,8
54,5,9.36600309342549,9
54,6,11.6549016676039,8
54,7,11.3724338887808,8
54,8,12.0485743049158,8
54,9,11.2327177263442,8
54,10,9.38725739574634,9
54,11,9.18664609864813,9
54,12,8.82284295853937,9
54,13,9.26325991897333,9
54,14,11.2263195074163,8
54,15,8.73028009420126,9
54,16,11.7755196672419,8
54,17,11.9774851027373,8
54,18,10.4104581474458,8
54,19,10.0239331124286,9
54,20,9.24638438725296,9
54,21,11.5206243217808,8
54,22,11.2208863261399,8
54,23,8.69008369572302,9
54,24,9.476892472193,9
54,25,8.6853828452573,9
54,26,8.55225432975992,9
54,27,9.38532653055874,9
54,28,8.50739675320401,9
54,29,9.0043860873244,9
54,30,11.4715489284081,8
54,31,11.9202976996947,8
54,32,10.5605198238915,8
54,33,10.7309869812,8
54,34,11.8603140140041,8
54,35,9.31800650613026,9
54,36,10.409702211174,8
54,37,11.3202231659981,8
54,38,11.6719252873271,8
54,39,10.5646052646459,8
54,40,8.88858929157633,9
54,41,8.59940228125418,9
54,42,9.05772282416894,9
54,43,10.5771913298377,8
54,44,11.6969028078698,8
54,45,10.9937260570012,8
54,46,11.7784449962926,8
54,47,11.3487349951451,8
54,48,10.6708859133521,8
54,49,10.7140401529222,8
54,50,11.5148808819142,8
54,51,11.116334986872,8
54,52,11.326457798382,8
54,53,11.4243500819082,8
54,54,8.86940141940575,9
54,55,10.7725226763021,8
54,56,8.51214031552288,10
54,57,7.18477069806788,10
54,58,6.06681806714936,10
54,59,5.8608940506853,10
54,60,6.71647201849516,10
54,61,7.17103430346889,10
54,62,6.0694471347968,10
54,63,7.14868440298397,10
54,64,5.96051747612206,10
54,65,7.2473463398781,10
54,66,6.94228481173595,10
54,67,6.48082903730199,10
54,68,6.71876209326763,10
54,69,8.34311754560996,10
54,70,6.79992544209357,10
54,71,7.26223148086278,10
54,72,7.83894050875746,10
54,73,7.92506103613529,10
54,74,8.00304379065463,10
54,75,5.98247765781285,10
54,76,6.72329245405863,10
54,77,7.20240890111758,10
54,78,7.20091351473268,10
54,79,6.72168901876322,10
54,80,7.31442035960238,10
54,81,6.68623963318984,10
54,82,7.35184987941036,10
54,83,6.82987481117145,10
54,84,6.66099461583439,10
54,85,6.27160049654999,10
54,86,6.73656997034429,10
54,87,6.80565851009279,10
54,88,7.63542373672111,10
54,89,8.09084029388565,10
54,90,7.48660150133548,10
54,91,7.00729244448127,10
54,92,5.9496183528096,10
54,93,7.72731558514124,10
54,94,8.02914869941229,10
54,95,6.26362408293755,10
54,96,6.7601412011627,10
54,97,6.57318667059745,10
54,98,7.57336196831694,10
54,99,7.73148059379842,10
54,100,7.11141648199354,10
55,1,6.61963324793853,10
55,2,6.51333827243037,10
55,3,7.84661398643793,10
55,4,6.72442570747043,10
55,5,7.41002866743746,10
55,6,7.13368302034939,10
55,7,7.41155386200743,10
55,8,7.24820694164854,10
55,9,7.06299512630571,10
55,10,7.56773451339231,10
55,11,6.44265805121223,10
55,12,7.51707715214656,10
55,13,6.76760478780749,10
55,14,6.87317495497713,10
55,15,6.64148647830441,10
55,16,6.82158692409237,10
55,17,7.00134376315734,10
55,18,6.86113690456895,10
55,19,6.86659981166966,10
55,20,6.91562616556044,10
55,21,7.33276462270861,10
55,22,7.06772767405046,10
55,23,7.18528132225898,10
55,24,7.52776797445368,10
55,25,7.2644177322543,10
55,26,7.19313710567431,10
55,27,7.43339734138566,10
55,28,7.19612345427324,10
55,29,5.97002240283113,10
55,30,8.17810201620908,10
55,31,7.19319041346731,10
55,32,7.21611698596302,10
55,33,7.62398728166786,10
55,34,7.05853490367845,10
55,35,7.59960379198211,10
55,36,7.89663398898984,10
55,37,7.79862150102307,10
55,38,8.73933372313059,9
55,39,10.7037813283735,8
55,40,11.8359956986742,8
55,41,10.0989758260223,8
55,42,11.4000790148746,8
55,43,9.13602781426047,9
55,44,10.6603819906278,8
55,45,11.7691309260625,8
55,46,11.0137575431258,8
55,47,10.8413613731957,8
55,48,11.1252212449897,8
55,49,10.4976219261027,8
55,50,10.547395307827,8
55,51,16.9601182066015,11
55,52,16.6739051338248,11
55,53,16.9380792946239,11
55,54,17.127480111189,11
55,55,17.1873930852142,11
55,56,17.508255052278,11
55,57,16.8500490851689,11
55,58,16.7600421200504,11
55,59,17.3675864316305,11
55,60,11.0963360868592,8
55,61,10.3618434613529,8
55,62,11.6512326905237,8
55,63,11.0175772818473,8
55,64,8.90273001402726,9
55,65,8.64137550585449,9
55,66,9.71539614156673,9
55,67,9.11334072552257,9
55,68,9.13443986173458,9
55,69,9.33740492417043,9
55,70,9.1799003541048,9
55,71,8.4753687851582,9
55,72,8.79628467265961,9
55,73,9.16627495346202,9
55,74,8.54206423736606,9
55,75,11.6063131340577,8
55,76,11.0978825882632,8
55,77,10.1973980976174,8
55,78,11.5471113673896,8
55,79,10.4487111506307,8
55,80,8.86782231089501,9
55,81,10.5092598848571,8
55,82,11.5137228974812,8
55,83,9.26082923627691,9
55,84,8.60918055529924,9
55,85,8.40992478320707,9
55,86,10.5055020002457,8
55,87,9.24796439871592,2
55,88,9.59100276948362,2
55,89,9.98078886249457,2
55,90,9.95181222766635,2
55,91,9.12949703393997,2
55,92,9.60868958404258,2
55,93,9.57961657437412,2
55,94,10.6032297158824,2
55,95,10.432243737863,2
55,96,10.2323399973313,2
55,97,10.1861428149777,2
55,98,10.1362313879599,2
55,99,9.93673584929328,2
55,100,10.0445963971881,2
56,1,13.7866279598997,6
56,2,13.1878926324603,6
56,3,13.8041140499841,6
56,4,12.8593030878968,6
56,5,13.6403045650179,6
56,6,12.6365977056525,6
56,7,16.7974189797508,4
56,8,17.4097891710192,4
56,9,17.6125958298049,4
56,10,17.3885304695996,4
56,11,17.0023145722468,4
56,12,17.6384201503641,4
56,13,16.8297808616624,4
56,14,17.3727089870302,4
56,15,16.8664320801676,4
56,16,16.6204985445312,4
56,17,16.8899515213107,4
56,18,17.3794876264082,4
56,19,16.6539006075629,4
56,20,19.0165459319142,5
56,21,19.0892516639288,5
56,22,18.4914548129611,5
56,23,18.6633397942526,5
56,24,20.0382770702828,5
56,25,19.5698581648428,5
56,26,19.9231378048523,5
56,27,18.7564137868403,5
56,28,18.1815628154454,5
56,29,19.1990802694413,5
56,30,19.467277761792,5
56,31,18.9484843442532,5
56,32,18.8698855691996,5
56,33,18.4936543107764,5
56,34,19.4254277650804,5
56,35,19.4523617196897,5
56,36,19.2895634000611,5
56,37,18.7075480305582,5
56,38,18.6717195955581,5
56,39,18.4011230014555,5
56,40,19.4925831450569,5
56,41,19.2000574992635,5
56,42,18.8500289438251,5
56,43,18.9258841644787,5
56,44,19.7741398929563,5
56,45,17.9646759072012,5
56,46,17.8741402546446,5
56,47,18.1699164667027,5
56,48,18.9600482502884,5
56,49,19.3874799984007,5
56,50,18.3437841495661,5
56,51,19.140396818691,5
56,52,19.8013544661023,5
56,53,19.0922856390296,5
56,54,19.4778882709208,5
56,55,18.0374300286824,5
56,56,18.2398423531559,5
56,57,18.9844444332116,5
56,58,18.7531999766483,5
56,59,18.4099878349814,5
56,60,18.6673028112645,5
56,61,18.0492971813721,5
56,62,19.4026272475188,5
56,63,18.4339747342519,5
56,64,18.2768542878985,5
56,65,20.0540781413579,5
56,66,19.2838687233875,5
56,67,18.1233797139082,5
56,68,18.9071483469716,5
56,69,19.1998072189907,5
56,70,18.8437771131232,5
56,71,20.2822291707758,5
56,72,19.5275310728059,5
56,73,18.5407973843356,5
56,74,19.0866920067045,5
56,75,18.6052773734549,5
56,76,20.3389423441393,5
56,77,18.8838842423317,5
56,78,19.5785956971806,5
56,79,17.6431193546166,5
56,80,19.7288669834087,5
56,81,18.259340488876,5
56,82,19.8425793573222,5
56,83,19.1797985552007,5
56,84,19.4912004433897,5
56,85,19.5729279856786,5
56,86,18.9379626041563,5
56,87,19.7549104446855,5
56,88,20.1369779000765,5
56,89,18.7647780544732,5
56,90,19.6398673342336,5
56,91,19.3108158564166,5
56,92,19.1790673339596,5
56,93,19.2452171831168,5
56,94,18.950226806356,5
56,95,18.5463515145982,5
56,96,18.8122854509,5
56,97,18.4888567407489,5
56,98,18.9641714692958,5
56,99,19.0440645175772,5
56,100,19.1821182042523,5
57,1,9.98477446712777,2
57,2,10.2542175031089,2
57,3,9.75854087919293,2
57,4,10.4143723183512,2
57,5,10.1014350518529,2
57,6,10.2048752377067,2
57,7,11.0179886534967,2
57,8,9.77271951730542,2
57,9,9.85586345685155,2
57,10,10.2935187194162,2
57,11,9.74164787335619,2
57,12,10.4378135488229,2
57,13,10.238596089825,2
57,14,10.6457900631338,2
57,15,9.84388492850671,2
57,16,10.0584190594282,2
57,17,10.0221621583573,2
57,18,10.1384486016365,2
57,19,10.0357611311587,2
57,20,10.0677822097824,2
57,21,10.1099264459633,2
57,22,10.2712974872328,2
57,23,9.68843084353985,2
57,24,9.73714013363999,2
57,25,10.4364148261899,2
57,26,9.49741337592276,2
57,27,10.307700077115,2
57,28,9.65679450287952,2
57,29,9.79881802930371,2
57,30,9.46803129590644,2
57,31,9.96664655248176,2
57,32,8.41714344924366,9
57,33,8.88921008620117,9
57,34,10.3599042059826,8
57,35,11.2114170212025,8
57,36,8.84280628685417,9
57,37,11.1796288419675,8
57,38,10.5403488788211,8
57,39,8.88466448453175,9
57,40,8.66384841042405,9
57,41,9.44281858640896,9
57,42,10.8408392074352,8
57,43,10.0457748868168,8
57,44,10.7934052951368,8
57,45,9.71455835858476,9
57,46,10.8102813335396,8
57,47,10.5789750510875,8
57,48,11.9270361116452,8
57,49,9.55681465434947,9
57,50,10.9948527814835,8
57,51,9.29486379214844,9
57,52,8.8278957905044,9
57,53,11.3165060021847,8
57,54,9.56041324914193,9
57,55,9.04395813936616,9
57,56,11.7294695413995,8
57,57,11.229751957922,8
57,58,9.92493259363078,8
57,59,9.78622399559709,9
57,60,10.9775640478352,8
57,61,11.5879266041016,8
57,62,9.06153636195515,9
57,63,9.27461401559644,9
57,64,8.95656669805034,9
57,65,10.345508133248,8
57,66,11.1656534768004,8
57,67,11.5706820512951,8
57,68,9.47973943860525,9
57,69,9.23906682610854,9
57,70,8.7218904513869,9
57,71,8.75541934214395,9
57,72,9.8556103599508,9
57,73,8.29716353626567,9
57,74,9.1403837605152,9
57,75,11.2489422397256,8
57,76,11.5256184192621,8
57,77,10.7399314437901,8
57,78,10.3111689705803,8
57,79,11.2317946527298,8
57,80,11.4556707753786,8
57,81,8.36845397648187,9
57,82,9.2984844266233,9
57,83,8.71131547773571,9
57,84,9.45951537207819,9
57,85,8.73652677968934,9
57,86,9.63374353879655,8
57,87,17.3069063345286,11
57,88,16.5938979648634,11
57,89,17.637576883506,11
57,90,18.1015935741408,11
57,91,16.7412061138887,11
57,92,16.5060773639714,11
57,93,16.6370823858091,11
57,94,17.1348736016492,11
57,95,17.4195935393114,11
57,96,9.50739664575899,9
57,97,9.16438776069004,9
57,98,8.50392883329274,9
57,99,8.35105840803387,9
57,100,8.40862742248091,9
58,1,13.8805277638575,6
58,2,12.9955789284697,6
58,3,13.5276792627296,6
58,4,12.7018204606809,6
58,5,14.0134718315185,6
58,6,12.2636048517994,6
58,7,13.3153672252646,6
58,8,14.7652067139828,3
58,9,15.4277301312193,3
58,10,15.2029421074578,3
58,11,14.7329197293761,3
58,12,15.7879900713397,3
58,13,15.5270003104167,3
58,14,15.6878237749466,3
58,15,14.2284468473676,3
58,16,15.1473491306016,3
58,17,15.0388454434208,3
58,18,14.584695182228,3
58,19,14.81106639292,3
58,20,14.7868086942489,3
58,21,14.7116316229745,3
58,22,14.757909754644,3
58,23,14.8691576969044,3
58,24,13.9407349422552,6
58,25,13.0770883115426,6
58,26,12.5548965555289,6
58,27,15.3716761976707,3
58,28,15.1039294920861,3
58,29,15.3614855197047,3
58,30,14.7234098359954,3
58,31,15.4249448101993,3
58,32,15.1473756209705,3
58,33,14.2999253764534,3
58,34,15.1035737333629,3
58,35,15.0827812745459,3
58,36,13.0643510576546,6
58,37,13.7610507094518,6
58,38,14.0383693814501,6
58,39,13.3446398400717,6
58,40,12.1114784290022,6
58,41,13.8573940795826,7
58,42,14.8575033378251,7
58,43,13.8388416765288,7
58,44,13.7620205165425,7
58,45,13.9162751340838,7
58,46,14.2266377945155,7
58,47,13.9257312118162,7
58,48,13.9235507720786,7
58,49,14.1508856872868,7
58,50,14.2506864698717,7
58,51,14.2961245686789,7
58,52,13.974704615926,7
58,53,14.6203626214225,7
58,54,14.9837140978253,7
58,55,14.8927220908321,7
58,56,13.059730296372,7
58,57,13.8730593744359,7
58,58,14.3568315687416,7
58,59,14.0193708403592,7
58,60,14.3020794456005,7
58,61,14.7715258416265,7
58,62,14.8108847850587,7
58,63,13.8356164916913,7
58,64,13.635039258074,7
58,65,13.2035632722797,7
58,66,14.0462670767564,7
58,67,13.1141516901941,7
58,68,13.9811931546971,7
58,69,14.7055788113898,7
58,70,13.7411133448631,7
58,71,13.9528314774744,7
58,72,14.0809715640948,7
58,73,14.086838538757,7
58,74,13.8279545076209,7
58,75,13.7679321441109,7
58,76,13.8603633785879,7
58,77,14.9767035989016,7
58,78,13.4601213340574,7
58,79,14.5145756056397,7
58,80,13.5396548886781,7
58,81,14.1933814891546,7
58,82,13.7958452386508,7
58,83,13.1797173867646,7
58,84,12.9593679894674,7
58,85,13.7828998291836,7
58,86,14.7236377214959,7
58,87,14.0187008575638,7
58,88,14.722603746693,7
58,89,14.2845223655903,7
58,90,14.2868654692771,7
58,91,14.3225858274359,7
58,92,13.0948326045237,7
58,93,13.8341498569081,7
58,94,13.7842473548478,7
58,95,14.0607834681193,7
58,96,13.5820807680382,7
58,97,14.0872752086496,7
58,98,14.25833558842,7
58,99,14.4754562933953,7
58,100,14.0346764561639,7
59,1,19.0142989592449,5
59,2,18.2174889421546,5
59,3,18.883808499482,5
59,4,19.1302893420544,5
59,5,17.9233524092232,5
59,6,18.602251817515,5
59,7,19.1828957225915,5
59,8,17.5060932506134,5
59,9,18.1812052877388,5
59,10,19.2390730157258,5
59,11,18.5326531211631,5
59,12,19.251538758215,5
59,13,18.4084012512368,5
59,14,18.3503994479207,5
59,15,19.3431950533701,5
59,16,18.5187294395318,5
59,17,18.649980537052,5
59,18,19.19206556537,5
59,19,18.962134447011,5
59,20,19.3440623766623,5
59,21,19.1696177583081,5
59,22,19.3316485491636,5
59,23,20.1640123338529,5
59,24,18.5912389727344,5
59,25,18.7673948205955,5
59,26,18.5491970043487,5
59,27,19.5228009609468,5
59,28,18.0354028476969,5
59,29,18.6797917290927,5
59,30,17.9912922625777,5
59,31,18.0239716556467,5
59,32,18.7202517687374,5
59,33,18.6122679447263,5
59,34,19.0217041452013,5
59,35,18.9203716250443,5
59,36,19.3116324281188,5
59,37,17.9646542805599,5
59,38,18.6303577448502,5
59,39,19.4037848475589,5
59,40,19.1939260707589,5
59,41,18.3760468778658,5
59,42,19.4250788699927,5
59,43,19.6408964518606,5
59,44,18.8657885590622,5
59,45,18.2873857878727,5
59,46,19.6551727939093,5
59,47,18.8032090047256,5
59,48,18.8477674789299,5
59,49,18.6364029253832,5
59,50,18.8948316875839,5
59,51,18.6986265833799,5
59,52,18.7309005445126,5
59,53,18.8429187818071,5
59,54,18.1121864659592,5
59,55,19.4801864416972,5
59,56,19.1247950417659,5
59,57,19.8041698262651,5
59,58,18.2662364337088,5
59,59,19.4486919109987,5
59,60,18.9460637922185,5
59,61,20.2413401015522,5
59,62,18.9518574853513,5
59,63,18.1653924301433,5
59,64,18.3056319258643,5
59,65,19.0627887360069,5
59,66,19.1665311636175,5
59,67,19.2306437065279,5
59,68,19.3035785092896,5
59,69,18.7318181665403,5
59,70,19.2207286656626,5
59,71,19.8323714831407,5
59,72,19.2035525499269,5
59,73,19.168854408675,5
59,74,18.6860901801552,5
59,75,19.0024224735872,5
59,76,18.9511859778578,5
59,77,19.1693616861295,5
59,78,19.4392548324483,5
59,79,19.4310507966589,5
59,80,18.8544679444155,5
59,81,19.3217180422795,5
59,82,19.3351619612405,5
59,83,19.1516145894489,5
59,84,17.8440881475849,5
59,85,18.4789303375362,5
59,86,18.9868971207707,5
59,87,18.6863321594107,5
59,88,18.7033494167821,5
59,89,19.7006025457581,5
59,90,19.3606476443084,5
59,91,18.5351129599279,5
59,92,19.236962122129,5
59,93,18.2622183113111,5
59,94,19.4622558342899,5
59,95,19.4360857193067,5
59,96,18.7723728260293,5
59,97,18.586512471967,5
59,98,19.325305380378,5
59,99,19.6551922794903,5
59,100,18.565061206393,5
60,1,9.37233708298043,2
60,2,10.6278065619888,2
60,3,10.3084661160338,2
60,4,9.6436629517222,2
60,5,9.57911180550581,2
60,6,9.43165110974568,2
60,7,9.63290447660806,2
60,8,9.77580269369912,2
60,9,9.49191797303349,2
60,10,10.0107282984193,2
60,11,10.1077841255765,2
60,12,10.0135049742171,2
60,13,8.94677533786909,2
60,14,10.4905881856237,2
60,15,10.3729802177738,2
60,16,10.7483608396727,2
60,17,10.6871906215441,2
60,18,9.15875435147496,2
60,19,10.1857838977809,2
60,20,10.2451166625557,2
60,21,9.92653683329237,2
60,22,9.55482341269951,2
60,23,10.1620372931599,2
60,24,10.9945267703299,2
60,25,8.93940443373545,2
60,26,10.2649754540401,2
60,27,9.6129491946907,2
60,28,9.00732572425277,2
60,29,9.72994664721675,2
60,30,9.08669861261953,2
60,31,10.3563473965953,2
60,32,9.94823609340847,2
60,33,10.1411645870177,2
60,34,9.66112956933561,2
60,35,8.9360832949238,2
60,36,9.80773546207823,2
60,37,10.0785151598208,2
60,38,11.1045576096275,2
60,39,10.2593345729697,2
60,40,9.81100930541434,2
60,41,8.6844724192812,9
60,42,9.36923465739123,9
60,43,8.9274515750427,9
60,44,11.5854163847882,8
60,45,10.4029198926301,8
60,46,8.78181654068116,9
60,47,10.6943768217332,8
60,48,11.4615901573674,8
60,49,11.0323821521099,8
60,50,17.4987826369796,11
60,51,17.0481167743376,11
60,52,17.0832348026663,11
60,53,15.9615062392477,11
60,54,16.7843309583616,11
60,55,16.2309426307712,11
60,56,16.3416495427333,11
60,57,17.0449515680227,11
60,58,11.6874491581673,8
60,59,10.8852224350176,8
60,60,11.1999594634036,8
60,61,10.7857213602241,8
60,62,10.9153757748215,8
60,63,11.3624058194339,8
60,64,10.5344143418095,8
60,65,10.7979619999999,8
60,66,8.1829820250801,9
60,67,8.35930801559102,9
60,68,7.26502205939625,10
60,69,8.13997915770314,10
60,70,6.65871128638599,10
60,71,7.74522713463316,10
60,72,6.58778570025015,10
60,73,7.77787627936946,10
60,74,6.15634037571288,10
60,75,7.33453124984209,10
60,76,7.2293880323382,10
60,77,6.6734996872872,10
60,78,6.79035230331397,10
60,79,7.74621727974483,10
60,80,6.97820637481685,10
60,81,7.32421967833668,10
60,82,7.6974518177799,10
60,83,7.14201565298687,10
60,84,5.74956325834556,10
60,85,7.10986276216706,10
60,86,6.04967609763939,10
60,87,6.80245811005699,10
60,88,7.29169551691776,10
60,89,7.24250345396705,10
60,90,5.91913119934041,10
60,91,7.68965444664341,10
60,92,6.45969476676008,10
60,93,6.6764534408219,10
60,94,6.96456153619921,10
60,95,6.80356030205959,10
60,96,6.7706611913209,10
60,97,7.07873830303964,10
60,98,5.8877731834738,10
60,99,6.03774673033281,10
60,100,7.1183715715401,10
61,1,13.05329875853,6
61,2,15.1930794990788,3
61,3,14.3284188986572,3
61,4,16.3058699198053,3
61,5,13.1167727491979,6
61,6,13.1138124273125,6
61,7,15.6492830380609,3
61,8,15.1746363347991,3
61,9,15.377278125632,3
61,10,14.1329153664197,3
61,11,14.5143761850766,3
61,12,14.7836481645201,3
61,13,15.2525858905487,3
61,14,15.1421628688378,3
61,15,15.6847377812905,3
61,16,18.0146264482483,4
61,17,17.7613102705539,4
61,18,17.4208489952816,4
61,19,17.4187877079364,4
61,20,16.7886902933871,4
61,21,16.5278948132202,4
61,22,17.1957191192001,4
61,23,17.5734173229725,4
61,24,17.3035486953317,4
61,25,14.874157102802,3
61,26,15.0656337497672,3
61,27,14.8043734746003,3
61,28,15.4994124337574,3
61,29,15.0957349930257,3
61,30,15.3851041702415,3
61,31,13.4499415391161,3
61,32,17.3572210635013,4
61,33,18.2355101118162,4
61,34,16.7091661219394,4
61,35,17.0114085699187,4
61,36,16.5830901951186,4
61,37,17.1638843839781,4
61,38,17.1008237420655,4
61,39,17.1966958483911,4
61,40,16.9946663464861,4
61,41,16.8575750371649,4
61,42,17.6619247541972,4
61,43,17.6256286229392,4
61,44,17.3342264032581,4
61,45,17.6631388750536,4
61,46,15.7755562335027,4
61,47,17.5418391727601,4
61,48,17.3019957367817,4
61,49,17.0166415934899,4
61,50,16.966553844874,4
61,51,16.7611772022312,4
61,52,17.2487654020403,4
61,53,17.6603961503744,4
61,54,16.283861517522,4
61,55,17.270971037281,4
61,56,16.029359308713,4
61,57,17.5282831155725,4
61,58,17.6300994086019,4
61,59,17.5576642421933,4
61,60,16.7098298865673,4
61,61,17.032968522076,4
61,62,17.5621620505537,4
61,63,17.2698376471089,4
61,64,16.1993164519089,4
61,65,17.1200240541524,4
61,66,15.7706199839095,4
61,67,17.2989693763472,4
61,68,16.5545536995132,4
61,69,17.0052728687865,4
61,70,17.4389343178388,4
61,71,17.8878977702824,4
61,72,16.3877716197689,4
61,73,17.2883748145965,4
61,74,17.5153835219671,4
61,75,17.4444187339825,4
61,76,16.5009133899755,4
61,77,14.5128257290025,3
61,78,14.704229801098,3
61,79,16.6206684384162,4
61,80,15.0870178863678,3
61,81,15.1582635380368,3
61,82,15.1501590556717,3
61,83,15.0808476914197,3
61,84,15.8122016257478,3
61,85,15.205972240339,3
61,86,13.4218358234119,6
61,87,12.0209649502908,6
61,88,13.6000639908213,6
61,89,12.8145266797713,6
61,90,12.9159158636064,6
61,91,12.8669923718852,6
61,92,12.6690833431597,6
61,93,13.3551633331719,6
61,94,13.0989738016173,6
61,95,11.9860725672257,6
61,96,13.235631164843,6
61,97,12.8411250790271,6
61,98,13.5604443510029,6
61,99,14.4232260673007,3
61,100,14.3305398945813,3
62,1,16.9959781779537,4
62,2,17.555636300884,4
62,3,17.1923899338158,4
62,4,17.8751285682517,4
62,5,17.4302954644382,4
62,6,15.4746822169125,3
62,7,15.7309454650592,3
62,8,14.9283345896822,3
62,9,15.4848224384968,3
62,10,14.8367419306686,3
62,11,14.3194899171904,3
62,12,14.2855269431026,3
62,13,15.5987073003671,3
62,14,14.7979320819982,3
62,15,15.5509854899075,3
62,16,15.3723487183936,3
62,17,14.770597909708,3
62,18,14.7745233368685,3
62,19,16.6301265407092,4
62,20,17.4342678890093,4
62,21,16.8717754978681,4
62,22,16.2587380821632,4
62,23,16.8860322875014,4
62,24,17.1815156552164,4
62,25,16.7428834701206,4
62,26,18.0891721622703,4
62,27,17.166686487959,4
62,28,16.958282402263,4
62,29,16.6056341279825,4
62,30,17.2747680388326,4
62,31,17.7282330386731,4
62,32,17.4929711484287,4
62,33,17.611720621894,4
62,34,17.2912322066897,4
62,35,16.2264338972548,4
62,36,17.0183936167694,4
62,37,16.0877227023745,4
62,38,15.6130332934877,3
62,39,14.7593021045602,3
62,40,18.046618699481,4
62,41,17.972870314174,4
62,42,16.880167183739,4
62,43,16.6058576161811,4
62,44,16.205124465937,4
62,45,17.5722894715187,4
62,46,17.7957365866664,4
62,47,16.6019236467209,4
62,48,16.8305991373116,4
62,49,16.364994290504,4
62,50,15.2023665941912,3
62,51,15.4478865578614,3
62,52,14.6565486071388,3
62,53,14.7649112375271,3
62,54,15.7175847426659,3
62,55,15.4227251074026,3
62,56,15.5700490259628,3
62,57,14.2999589917804,3
62,58,14.7165977573198,3
62,59,15.7746405131456,3
62,60,15.5045897055504,3
62,61,15.1647094155749,3
62,62,14.8993631985606,3
62,63,14.9239313359047,3
62,64,15.262238743106,3
62,65,15.0768615302529,3
62,66,15.1633001455545,3
62,67,14.1880827336068,3
62,68,15.580562596721,3
62,69,14.482346778511,3
62,70,14.9626801256378,3
62,71,15.2460546249124,3
62,72,14.8790702904004,3
62,73,15.3872110600911,3
62,74,15.171748112579,3
62,75,15.1882931196329,3
62,76,14.759069891806,3
62,77,15.4214756164414,3
62,78,14.2211539608329,3
62,79,14.6464446747644,3
62,80,14.5378559016143,3
62,81,14.5732442624683,3
62,82,15.2351970241524,3
62,83,12.6684048380102,6
62,84,13.4628885785088,6
62,85,13.123539983058,6
62,86,12.9741201427689,6
62,87,12.7521008699381,6
62,88,14.2833820668291,3
62,89,15.8759481407392,3
62,90,14.6232115583519,3
62,91,14.0902266015909,3
62,92,15.6010291605419,3
62,93,14.2832707429666,3
62,94,15.0028510125436,3
62,95,14.8074513559879,3
62,96,14.8430973470822,3
62,97,14.6621832070196,3
62,98,15.1440581873837,3
62,99,15.4584374927474,3
62,100,15.5394314062033,3
63,1,10.3968763124556,2
63,2,9.24560390191254,2
63,3,10.2798750830706,2
63,4,9.88991115597586,2
63,5,10.280645227388,2
63,6,10.8201182190803,2
63,7,10.9657590486816,2
63,8,10.3460949155372,2
63,9,9.64826942564921,2
63,10,10.2011361886596,2
63,11,9.99856376836466,2
63,12,10.17439347058,2
63,13,10.0626942253013,2
63,14,9.83198873989735,2
63,15,10.3492105276573,2
63,16,9.50491192611157,2
63,17,10.070662002168,2
63,18,10.3591755518081,2
63,19,9.03827013521317,2
63,20,9.90869240174643,2
63,21,9.98454161425433,2
63,22,10.3743831272329,2
63,23,9.39706062355537,2
63,24,10.6294063190568,2
63,25,9.87690899010692,2
63,26,10.2885268407802,2
63,27,10.6513845230827,2
63,28,9.5408600900038,2
63,29,10.5651458531378,2
63,30,9.52089383038399,2
63,31,9.00438233158119,2
63,32,9.9045870775177,2
63,33,9.39080318470667,2
63,34,9.5359296935306,2
63,35,9.78880921454236,2
63,36,10.563077122042,2
63,37,9.87096151787841,2
63,38,9.40572594341185,2
63,39,10.7325652408876,2
63,40,9.60924145277949,2
63,41,9.05875750567032,2
63,42,10.1493186503243,2
63,43,10.5808455350617,2
63,44,9.41090221996592,2
63,45,10.5026869912909,2
63,46,10.2866350744571,2
63,47,9.02948892210469,2
63,48,10.2496794030115,2
63,49,10.6336512438916,2
63,50,9.41722238283339,2
63,51,9.09901038213624,2
63,52,10.3047676205449,2
63,53,9.16710923811656,2
63,54,9.79943154654452,2
63,55,9.99957979637214,2
63,56,10.6402179834916,2
63,57,10.270654823652,2
63,58,10.4372182458248,2
63,59,10.0413990930089,2
63,60,10.1545257327463,2
63,61,10.2338537124437,2
63,62,9.93844543889152,2
63,63,10.36286729056,2
63,64,10.0930484693907,2
63,65,10.0843607753375,2
63,66,9.73844543599895,2
63,67,10.100749963065,2
63,68,10.7322496784536,2
63,69,10.1523041047373,2
63,70,10.2426722782059,2
63,71,11.4455380602032,2
63,72,9.41387618423665,2
63,73,10.8058267266721,2
63,74,10.5117174380212,2
63,75,10.2341196466831,2
63,76,10.5941999962762,2
63,77,9.87281625736154,2
63,78,9.22675718480819,2
63,79,9.88900238116683,2
63,80,9.69979284215776,2
63,81,10.1780924384583,2
63,82,9.69885807067988,2
63,83,9.7553905104894,2
63,84,10.6797069377985,2
63,85,9.98167962797353,2
63,86,9.08434410889033,2
63,87,9.73318812477461,2
63,88,10.1493315542976,2
63,89,10.4373412173412,2
63,90,10.179844103953,2
63,91,10.5095735963434,2
63,92,11.1694030829495,2
63,93,10.7777212361246,2
63,94,9.31088438748509,2
63,95,11.395603534468,2
63,96,10.0891314523451,2
63,97,9.88388250135805,2
63,98,9.93476657336784,2
63,99,11.1581549817288,2
63,100,9.97483292062176,2
64,1,11.9382429822281,6
64,2,12.576575368259,6
64,3,12.3340353230721,6
64,4,13.4579447938008,6
64,5,13.4295924040584,6
64,6,13.4337635878969,6
64,7,13.1518834830538,6
64,8,12.2736621094232,6
64,9,13.3308045907629,6
64,10,12.4701799131282,6
64,11,13.0682249914005,6
64,12,12.6063079088229,6
64,13,13.9708101230374,6
64,14,13.4761785590175,6
64,15,12.7757603264078,6
64,16,12.4338690775168,6
64,17,14.9889604971455,3
64,18,13.9814130456699,3
64,19,12.5178508289196,6
64,20,13.357442275188,6
64,21,12.5993714391716,6
64,22,13.0345983826515,6
64,23,13.1560286838952,6
64,24,13.7592060608204,6
64,25,12.9321946216443,6
64,26,13.7993261363693,6
64,27,13.2724257072822,6
64,28,12.5968192547792,6
64,29,15.0951476619797,3
64,30,14.837278038,3
64,31,17.1217135628721,4
64,32,16.4902420306261,4
64,33,17.2140657694375,4
64,34,16.8400218836565,4
64,35,16.6096925892657,4
64,36,16.4107022973688,4
64,37,17.0135209219677,4
64,38,14.2354266255152,3
64,39,15.7490264641459,3
64,40,13.683904023744,3
64,41,15.4673941927882,3
64,42,17.2016089682595,4
64,43,17.5572360037193,4
64,44,17.3876508393557,4
64,45,16.8930336763699,4
64,46,16.6792721781112,4
64,47,17.7755197284926,4
64,48,17.3018000171977,4
64,49,16.5541821080542,4
64,50,16.3715698005945,4
64,51,17.0045106529692,4
64,52,15.3896308787252,3
64,53,14.5599921997913,3
64,54,14.9708687173742,3
64,55,15.5961381487387,3
64,56,12.9393643815659,6
64,57,13.1582236951371,6
64,58,13.3209162459039,6
64,59,14.1563435017449,3
64,60,15.2692532724161,3
64,61,15.9197164803042,3
64,62,15.3508451995148,3
64,63,15.6721860534816,3
64,64,15.1212024065935,3
64,65,14.9365724917253,3
64,66,14.7661178553079,3
64,67,14.5734356911675,3
64,68,14.5946120915513,3
64,69,14.2274794897085,3
64,70,15.3779504504035,3
64,71,15.0613630521552,3
64,72,15.6122832125763,3
64,73,15.7521771352951,3
64,74,14.1472048250622,3
64,75,13.238858488341,6
64,76,13.2130933050152,6
64,77,12.4361854683223,6
64,78,13.1977514845095,6
64,79,13.1332456764341,6
64,80,15.5578745212888,3
64,81,14.8422833536856,3
64,82,12.3809993425443,6
64,83,13.4992663242339,6
64,84,13.1647011381685,6
64,85,13.4898559574469,6
64,86,16.735852822684,4
64,87,17.5718478482988,4
64,88,16.4378472105978,4
64,89,16.7461351696037,4
64,90,17.5348453368059,4
64,91,17.8426008112586,4
64,92,17.6520550821408,4
64,93,14.0979257921449,3
64,94,15.4365586898739,3
64,95,13.321427223903,6
64,96,12.2894309895863,6
64,97,11.6692574493324,6
64,98,12.5270510565162,6
64,99,13.2938268200719,6
64,100,14.5094061622232,3
65,1,18.7938531851311,12
65,2,19.8006796804043,12
65,3,19.9630099734355,12
65,4,18.6997493283934,12
65,5,18.9655733192627,12
65,6,18.0559187583231,12
65,7,18.8168263944378,12
65,8,18.9768601288446,12
65,9,19.4536299706357,12
65,10,19.1473906506341,12
65,11,19.4173144080863,12
65,12,18.8988857889993,12
65,13,19.2103178478595,12
65,14,19.2754765862748,12
65,15,19.0634985134154,12
65,16,18.9201204321393,12
65,17,19.3392272465919,12
65,18,20.0354219486831,12
65,19,19.0914053200965,12
65,20,18.7735188202852,12
65,21,18.4843020247298,12
65,22,19.6615246445634,12
65,23,18.6791638010628,12
65,24,19.0061606987923,12
65,25,18.5550035616219,12
65,26,18.801755099088,12
65,27,19.8117265397213,12
65,28,19.0443725436177,12
65,29,19.0523484719318,12
65,30,18.3444666162591,12
65,31,19.4773353718072,12
65,32,19.5347875069718,12
65,33,19.3570458607589,12
65,34,19.1944666815264,12
65,35,17.9017563761641,12
65,36,18.8258193082,12
65,37,18.6732090085735,12
65,38,19.0426095078842,12
65,39,18.1683448072095,12
65,40,18.9522637175783,12
65,41,18.9579224902865,12
65,42,19.0889338463239,12
65,43,19.3855592907298,12
65,44,18.1126176129901,12
65,45,18.807094096409,12
65,46,19.1434035399151,12
65,47,19.1039816901771,12
65,48,19.7156533318403,12
65,49,18.9305196994592,12
65,50,18.1400744968326,12
65,51,19.104129461804,12
65,52,20.3752797436665,12
65,53,18.5426117773234,12
65,54,19.8698676668589,12
65,55,19.1543187735366,12
65,56,19.6635991995854,12
65,57,18.7863637759726,12
65,58,18.6189107198493,12
65,59,18.7205917131615,12
65,60,18.6480333893966,12
65,61,19.5418019190732,12
65,62,18.6478586344376,12
65,63,19.3103893337199,12
65,64,18.4749149979211,12
65,65,18.6697117376802,12
65,66,19.1587830235467,12
65,67,18.9505259172178,12
65,68,19.2642523340692,12
65,69,18.6372355931774,12
65,70,19.2122443642861,12
65,71,19.2276302106512,12
65,72,18.8700295027327,12
65,73,19.4382050850284,12
65,74,18.9733519007112,12
65,75,18.603036943567,12
65,76,18.3614458607477,12
65,77,18.870011657558,12
65,78,19.8966149787611,12
65,79,19.1965872283475,12
65,80,18.5203050137009,12
65,81,18.7562140923641,12
65,82,19.5684196335632,12
65,83,19.6955001529645,12
65,84,19.1019171524843,12
65,85,18.8784930037297,12
65,86,18.8590536017561,12
65,87,18.4752208233607,12
65,88,18.6346294592344,12
65,89,18.0025763147387,12
65,90,18.4609813209121,12
65,91,19.9678191885623,12
65,92,18.3513854981358,12
65,93,18.3117284723219,12
65,94,19.624732824186,12
65,95,19.9687503323587,12
65,96,20.3216944821852,12
65,97,17.9005471225291,12
65,98,18.5569513039591,12
65,99,18.7996622257215,12
65,100,19.168603570869,12
66,1,15.4597027661151,3
66,2,14.5295924640488,3
66,3,15.1215777394005,3
66,4,14.3434871039809,3
66,5,15.0552996385443,3
66,6,12.7235604133327,6
66,7,13.607902467605,6
66,8,12.8846589911953,6
66,9,15.5698201778567,3
66,10,13.7083770156621,3
66,11,15.0499526179391,3
66,12,15.2839570923579,3
66,13,12.295339136067,6
66,14,13.4169014197485,6
66,15,12.9957186748544,6
66,16,12.7113125142571,6
66,17,14.8531416390922,3
66,18,15.1321350806769,3
66,19,14.6494430519141,3
66,20,14.6154955872525,3
66,21,14.7184618450607,3
66,22,14.7118526396149,3
66,23,15.4369954224315,3
66,24,15.8210815175388,3
66,25,15.2565169756074,3
66,26,14.3814402552119,3
66,27,14.3598918036635,3
66,28,14.8525545745858,3
66,29,14.5038845053019,3
66,30,14.1982903739266,3
66,31,15.1568029039161,3
66,32,15.8582737345298,3
66,33,13.8813834505282,6
66,34,13.2830386512077,6
66,35,13.3899823191673,6
66,36,13.591369626073,6
66,37,13.8934484511614,6
66,38,12.7358398686324,6
66,39,13.2463676788279,6
66,40,12.8047932799133,6
66,41,13.0841381412707,6
66,42,12.9446201565835,6
66,43,12.6063623551211,6
66,44,13.1800319957092,6
66,45,13.2687770977182,6
66,46,13.4468190317784,6
66,47,12.4287265239882,6
66,48,12.860721101555,6
66,49,12.9582904687797,6
66,50,13.2209375329967,6
66,51,13.7634678995406,6
66,52,13.7315851590224,6
66,53,12.6164151945516,6
66,54,12.6518726485036,6
66,55,13.8067507785116,6
66,56,13.3109378422993,6
66,57,13.5348542133401,6
66,58,12.2745591569618,6
66,59,13.679282455195,6
66,60,12.8596224039177,6
66,61,12.7428257090701,6
66,62,13.3814987035455,6
66,63,13.5503982645576,6
66,64,13.9691730227291,3
66,65,13.0621810883737,6
66,66,12.6169399262806,6
66,67,12.9667904637665,6
66,68,14.8771219252973,3
66,69,15.6377441597969,3
66,70,14.7322558447538,3
66,71,15.6060312205611,3
66,72,15.0710062655545,3
66,73,15.2077867461686,3
66,74,13.7813292479795,3
66,75,13.8091778390269,3
66,76,15.2853223563197,3
66,77,13.9304652272867,3
66,78,15.800617560998,3
66,79,15.5259947772102,3
66,80,15.1407139830367,3
66,81,14.5380585251726,3
66,82,15.1793299579614,3
66,83,14.6774539388886,3
66,84,15.1152389971683,3
66,85,15.8067969484657,3
66,86,15.1349974285567,3
66,87,14.5631547178448,3
66,88,14.1225044994558,3
66,89,14.688350224356,3
66,90,14.639676297198,3
66,91,13.2033875275297,6
66,92,13.5114018866157,6
66,93,13.9549535503091,6
66,94,13.2130314875346,6
66,95,13.2887889733602,6
66,96,11.959885541069,6
66,97,13.0842983613214,6
66,98,13.0417923146798,6
66,99,12.7626232188414,6
66,100,13.0763037374733,6
67,1,-0.289684373969536,1
67,2,0.359157283226311,1
67,3,-0.252986631827765,1
67,4,0.121058021779818,1
67,5,0.330204626004534,1
67,6,0.572937613327478,1
67,7,-1.01747270306045,1
67,8,0.432898063028899,1
67,9,-0.467116934946938,1
67,10,0.900055231969428,1
67,11,0.738217742692207,1
67,12,0.10945614783596,1
67,13,0.0875896844585974,1
67,14,1.47870206289877,1
67,15,0.389621960321316,1
67,16,0.0580030338042903,1
67,17,0.29716741508284,1
67,18,0.303860611392784,1
67,19,-0.0983672199443132,1
67,20,0.0358032866137608,1
67,21,0.940884574704161,1
67,22,-0.36269672470809,1
67,23,0.317800171582604,1
67,24,-0.449050856617703,1
67,25,0.20877302824604,1
67,26,1.05799241049226,1
67,27,0.135661506914861,1
67,28,-0.806745031035815,1
67,29,0.359268413053271,1
67,30,0.293416401621492,1
67,31,0.937235024883326,1
67,32,0.180248924122285,1
67,33,-0.959205604891543,1
67,34,-1.19545102794416,1
67,35,0.0201772606707332,1
67,36,0.101852637073891,1
67,37,-0.270639914711342,1
67,38,-0.908627684722565,1
67,39,1.21746262198524,1
67,40,-0.0215676270667966,1
67,41,-0.087925971740226,1
67,42,-0.0287826153566666,1
67,43,-0.349747307414982,1
67,44,-0.423409454531953,1
67,45,-0.000399628241101899,1
67,46,-1.03888900039021,1
67,47,-0.0174903246472212,1
67,48,-0.807232671661985,1
67,49,-0.345780967551076,1
67,50,-0.242971702211579,1
67,51,0.249464703249512,1
67,52,-0.382101179018364,1
67,53,-0.0449284782120101,1
67,54,-0.32512434113101,1
67,55,0.54839256994883,1
67,56,0.295224365541865,1
67,57,-0.0520045465500937,1
67,58,0.280391831516658,1
67,59,0.319725631903486,1
67,60,0.582773447209699,1
67,61,0.680500219680201,1
67,62,-0.558935345773323,1
67,63,0.287979499555869,1
67,64,0.0414700995243505,1
67,65,-0.364597803768753,1
67,66,-0.422701483830056,1
67,67,-0.216670456755104,1
67,68,0.4211994071058,1
67,69,-0.307813888525397,1
67,70,-0.685743788920731,1
67,71,0.0132584737208181,1
67,72,0.760041845658702,1
67,73,-0.73565509991942,1
67,74,-0.013623478866561,1
67,75,-0.323795601279283,1
67,76,0.186033991775408,1
67,77,0.147222174145127,1
67,78,0.645291929340825,1
67,79,-0.46233056589486,1
67,80,-0.555274279611006,1
67,81,-0.456248124182343,1
67,82,0.0873301912439616,1
67,83,0.668572694197911,1
67,84,0.150771398729767,1
67,85,-0.302398629974507,1
67,86,-0.818688789984594,1
67,87,0.632896002457947,1
67,88,0.558868046041221,1
67,89,-0.620416716452907,1
67,90,-0.252088740907712,1
67,91,-0.123702505511241,1
67,92,0.0933980684647641,1
67,93,-0.226690327300605,1
67,94,-0.61340667399273,1
67,95,1.19341644368448,1
67,96,0.245410319529959,1
67,97,-0.230459961447855,1
67,98,0.16130826486171,1
67,99,0.304654073230812,1
67,100,-0.65017203792601,1
68,1,10.8270702415401,8
68,2,16.4762555373064,11
68,3,16.4853809769284,11
68,4,17.0350273414847,11
68,5,16.7576416953196,11
68,6,16.3086207529494,11
68,7,17.5363495675503,11
68,8,17.5551441564535,11
68,9,16.9974240749832,11
68,10,16.7136526390672,11
68,11,16.5869874526246,11
68,12,16.8748777924131,11
68,13,17.4003262113976,11
68,14,16.4371237869372,11
68,15,16.5948249196136,11
68,16,17.7592999541946,11
68,17,17.2662467255269,11
68,18,16.5755371451646,11
68,19,16.8439196344915,11
68,20,17.3082654223508,11
68,21,17.189996646854,11
68,22,10.2901303819899,8
68,23,9.5922386164505,9
68,24,8.99745487934182,9
68,25,11.5537276487838,8
68,26,11.1382565657261,8
68,27,11.1122343139055,8
68,28,11.3856018638434,8
68,29,10.5095819145367,8
68,30,8.49507386666575,9
68,31,10.1891403984793,8
68,32,8.99255088062586,9
68,33,6.68990151833705,10
68,34,7.48360693705573,10
68,35,6.71013342599504,10
68,36,6.72540806125715,10
68,37,6.73525333396858,10
68,38,6.50896492748967,10
68,39,7.49319035494291,10
68,40,10.118825516654,8
68,41,10.5499969970502,8
68,42,11.1388131958487,8
68,43,8.95957707317556,9
68,44,9.3522281461837,9
68,45,10.1805000172689,8
68,46,11.2749879456695,8
68,47,10.0014348544239,8
68,48,10.6985328360998,8
68,49,10.3544513977172,8
68,50,11.481842982837,8
68,51,9.71792852795374,9
68,52,8.7249337278579,9
68,53,8.37981975471743,9
68,54,9.46761552666553,9
68,55,11.0415225016369,8
68,56,11.2188822979543,8
68,57,10.879737752532,8
68,58,10.5268016096209,8
68,59,10.0795844964932,9
68,60,9.70756460293285,9
68,61,8.28786640644532,9
68,62,9.22670121683125,9
68,63,9.00179840094606,9
68,64,9.00173031804662,9
68,65,8.74651768762274,9
68,66,10.626393721927,8
68,67,9.25292199412012,9
68,68,11.2522468718795,8
68,69,10.931176750522,8
68,70,11.1495040017635,8
68,71,8.9799419647597,9
68,72,9.21688208209064,9
68,73,9.50991336797173,9
68,74,11.2045038361916,8
68,75,11.0268834786379,8
68,76,10.5621173598854,8
68,77,11.179709643336,8
68,78,10.8877741371525,8
68,79,11.7811422953032,8
68,80,9.02140238604152,9
68,81,9.16613460302803,9
68,82,9.96207758964974,8
68,83,8.70284100575939,9
68,84,10.6547434241576,8
68,85,11.345767539055,8
68,86,11.4348292512703,8
68,87,9.8562446358122,8
68,88,10.8690385507034,8
68,89,10.8420995618099,8
68,90,11.0010759549738,8
68,91,17.0603804232948,11
68,92,17.7138410852407,11
68,93,17.5759215291281,11
68,94,16.5514393641964,11
68,95,17.6135375853963,11
68,96,17.0912579987373,11
68,97,17.3829984791871,11
68,98,16.1107198646767,11
68,99,16.7846397819886,11
68,100,16.1100396395069,11
69,1,12.9183539436341,7
69,2,13.9107338229482,7
69,3,13.4127045262845,7
69,4,13.8290590389526,7
69,5,13.1478679027147,7
69,6,13.9824224894127,7
69,7,14.300115379042,7
69,8,14.1054452863751,7
69,9,14.4622678302906,7
69,10,13.775806823874,7
69,11,14.3584485395707,7
69,12,14.748162095343,7
69,13,13.3435355294849,7
69,14,13.4251337725904,7
69,15,14.0873228012201,7
69,16,15.1362337024942,7
69,17,15.1911230476347,7
69,18,15.4653803627319,7
69,19,14.0014434791099,7
69,20,13.9531990235821,7
69,21,13.5899953004431,7
69,22,14.0775234991248,7
69,23,13.5833394054949,7
69,24,14.4924702107944,7
69,25,13.485926689733,7
69,26,13.8182598748715,7
69,27,14.7164137110698,7
69,28,14.3658097094083,7
69,29,13.6144434183122,7
69,30,13.8163874989013,7
69,31,13.3789504975437,7
69,32,14.1849827694313,7
69,33,13.4024863113015,7
69,34,14.882899599636,7
69,35,14.493253445047,7
69,36,14.1199257514984,7
69,37,14.5730793834596,7
69,38,14.4399562875241,7
69,39,14.0020173922109,7
69,40,13.2213214595133,7
69,41,14.5756259227094,7
69,42,13.8008549532624,7
69,43,13.983066442306,7
69,44,14.0359859142283,7
69,45,13.9403406466622,7
69,46,13.4414467884946,7
69,47,14.6973164519411,7
69,48,13.3127688959607,7
69,49,13.4032177861169,7
69,50,14.1209454467604,7
69,51,14.3274363434546,7
69,52,14.5109899097375,7
69,53,14.0123892698016,7
69,54,14.2049162920475,7
69,55,14.5391319421692,7
69,56,13.6363912488867,7
69,57,13.3611571219575,7
69,58,13.6068630200945,7
69,59,14.2465938359983,7
69,60,14.5938680312239,7
69,61,13.9682278402512,7
69,62,14.0494206304896,7
69,63,14.6392051213787,7
69,64,13.7727134377362,7
69,65,12.90530718148,7
69,66,13.7883552632007,7
69,67,13.7030391508522,7
69,68,13.7795961055842,7
69,69,14.2677530882624,7
69,70,14.2069018663627,7
69,71,14.5370046352078,7
69,72,13.4000965271514,7
69,73,12.8766618756479,7
69,74,14.1563513689242,7
69,75,13.857600600306,7
69,76,14.7993024975356,7
69,77,13.9708189667875,7
69,78,13.3454342675667,7
69,79,14.3916617081161,7
69,80,13.3760724529855,7
69,81,14.6135918067454,7
69,82,13.9613733028899,7
69,83,13.8733586887271,7
69,84,14.0419195679875,7
69,85,14.6402201335435,7
69,86,13.336711563591,7
69,87,14.9086568494595,7
69,88,13.5152676634443,7
69,89,13.9660176331644,7
69,90,13.9470221503915,7
69,91,13.8865546029056,7
69,92,14.9557420084699,7
69,93,13.5954679564229,7
69,94,15.0226493530312,7
69,95,13.9914710008061,7
69,96,13.981235630164,7
69,97,14.1818723738602,7
69,98,13.1950082694544,7
69,99,14.232314884776,7
69,100,13.7018453070796,7
70,1,16.9794935536235,4
70,2,17.4846154630755,4
70,3,16.5660698882272,4
70,4,17.1760349449603,4
70,5,17.1804535464194,4
70,6,16.6010436015595,4
70,7,16.5380635364718,4
70,8,16.6032026684236,4
70,9,16.0446337571626,4
70,10,16.8323864053527,4
70,11,15.248640700508,3
70,12,14.7537601017422,3
70,13,14.4233526712818,3
70,14,15.8816655641018,3
70,15,13.9081819222606,3
70,16,15.0592681133198,3
70,17,15.1400335754853,3
70,18,15.0428417967138,3
70,19,14.7356653536525,3
70,20,14.0655840758234,3
70,21,15.3979146644962,3
70,22,15.1030912685852,3
70,23,15.1480186640322,3
70,24,14.3189566203826,3
70,25,14.631410526687,3
70,26,13.9754227303294,3
70,27,14.5198079046572,3
70,28,14.8419505529567,3
70,29,14.3702115063038,3
70,30,14.2641484383195,3
70,31,12.6988846233786,6
70,32,13.55617319376,6
70,33,13.0379852898851,6
70,34,13.5935145608734,6
70,35,12.7483347838681,6
70,36,13.2299642759463,6
70,37,13.1816507848444,6
70,38,12.2376675230171,6
70,39,13.0767210659018,6
70,40,12.7007667100733,6
70,41,14.1962491686334,3
70,42,14.9185620949997,3
70,43,13.666009000879,6
70,44,14.0872959729904,6
70,45,12.3965877568366,6
70,46,12.7342833527575,6
70,47,13.7001134833634,6
70,48,14.0534541026969,6
70,49,13.295135150709,6
70,50,12.8527429664482,6
70,51,13.7403385286521,6
70,52,12.6657534525939,6
70,53,13.8242341823806,6
70,54,11.8889238620293,6
70,55,13.0808465949754,6
70,56,12.8467361667117,6
70,57,13.012708137987,6
70,58,13.1756417898039,6
70,59,12.9033939220472,6
70,60,12.8989193476349,6
70,61,17.2438309825529,4
70,62,16.6743094500483,4
70,63,17.9939903810617,4
70,64,16.6496471369033,4
70,65,16.5973248469125,4
70,66,17.160024913446,4
70,67,16.3309731636659,4
70,68,16.7908477162306,4
70,69,17.4559613918226,4
70,70,14.7491439648805,3
70,71,15.3501571199166,3
70,72,14.86988609665,3
70,73,12.4155508673587,6
70,74,12.9906174194362,6
70,75,12.9380667662791,6
70,76,12.962641419891,6
70,77,13.5525406879865,6
70,78,12.5930865899398,6
70,79,13.1123309696847,6
70,80,13.3109354621588,6
70,81,12.9629271836178,6
70,82,15.294153231404,3
70,83,14.8373697427707,3
70,84,13.9455033272484,3
70,85,15.6888142806745,3
70,86,17.1750172985639,4
70,87,14.3882806195487,3
70,88,14.6597197450702,3
70,89,14.6474893068053,3
70,90,14.9508829147464,3
70,91,14.3886082763753,3
70,92,15.1749308348477,3
70,93,15.6061293274703,3
70,94,14.7954636527777,3
70,95,15.6625977294216,3
70,96,14.3835344518779,3
70,97,15.8050745508949,3
70,98,15.4023543822843,3
70,99,13.451907114195,6
70,100,12.8302610657739,6
71,1,6.49587210088914,10
71,2,7.83747013599972,10
71,3,6.8675238856869,10
71,4,6.65350024185987,10
71,5,7.29416652636448,10
71,6,5.78463820745831,10
71,7,6.45532419274228,10
71,8,7.49708528801462,10
71,9,7.00042696855246,10
71,10,6.77067507524069,10
71,11,5.95955548462196,10
71,12,9.17059126904728,9
71,13,11.2884067733598,8
71,14,11.0559915226999,8
71,15,16.8210396447812,11
71,16,17.0887286161386,11
71,17,17.267268002928,11
71,18,16.8877178954589,11
71,19,17.4514130195364,11
71,20,16.5772890843714,11
71,21,17.8746440048347,11
71,22,16.7678738995759,11
71,23,16.5002258313735,11
71,24,16.8500632692063,11
71,25,17.8310373600161,11
71,26,17.5696826487504,11
71,27,16.4709926614637,11
71,28,17.1502135194088,11
71,29,16.3002650578472,11
71,30,17.1579674306159,11
71,31,16.8626598916414,11
71,32,17.5733808050793,11
71,33,16.9118222465637,11
71,34,9.4741152394428,9
71,35,9.59970451662386,9
71,36,9.49396788863139,9
71,37,9.49390672381599,9
71,38,10.6940221926181,8
71,39,10.4299042923124,8
71,40,8.23792604865695,9
71,41,9.13834707995982,9
71,42,8.61794060526101,9
71,43,10.3900662445324,8
71,44,11.41903810996,8
71,45,10.4588855265884,8
71,46,11.0112596166684,8
71,47,10.1282721491744,8
71,48,11.5009054240445,8
71,49,11.246287591878,8
71,50,10.7148326517734,8
71,51,10.4297487885087,8
71,52,11.3890942943869,8
71,53,9.35439184057916,9
71,54,8.80250581334456,9
71,55,12.0410122209767,8
71,56,9.21271475582046,9
71,57,9.01914332448179,9
71,58,8.63400082938792,9
71,59,8.43535963785998,9
71,60,9.41512225758986,9
71,61,9.63344642183588,9
71,62,8.89677078044404,9
71,63,8.8137266302466,9
71,64,7.69742777840603,9
71,65,9.68272182644347,9
71,66,10.5763716307783,8
71,67,10.0978058711304,8
71,68,11.5615340842812,8
71,69,8.9690869429544,9
71,70,9.66349383714533,8
71,71,10.3925172512192,8
71,72,9.912786099502,9
71,73,11.6074295018699,8
71,74,11.7035089056585,8
71,75,9.65622447035145,9
71,76,10.6034571193654,8
71,77,9.91144375672865,8
71,78,8.37543145462171,9
71,79,8.28438210206693,9
71,80,8.95191899369718,9
71,81,10.7487514733527,8
71,82,8.50894618717934,9
71,83,8.35973048650177,9
71,84,8.67881129711895,9
71,85,10.8694503680605,8
71,86,10.4807456159357,8
71,87,11.2947757754205,8
71,88,10.7813942302743,8
71,89,10.3340779295793,8
71,90,12.6970947612255,8
71,91,10.7969606112717,8
71,92,9.84705667923521,8
71,93,10.0629166047169,8
71,94,11.328926964871,8
71,95,8.4139052687481,9
71,96,11.4532301427862,8
71,97,10.4284476125311,8
71,98,11.2253443803304,8
71,99,9.40386099294993,9
71,100,8.83019481451752,9
72,1,10.2574345524337,8
72,2,11.1025013930111,8
72,3,9.51123449961207,9
72,4,8.86648766023016,9
72,5,8.75163950056747,9
72,6,10.6007806828125,8
72,7,10.0783990688713,8
72,8,9.28984314177836,9
72,9,9.91932928519507,9
72,10,10.6144911327851,8
72,11,10.8627724328919,8
72,12,11.3625295196778,8
72,13,11.6717385995728,8
72,14,11.1475816189321,8
72,15,11.5383266340804,8
72,16,11.0840335900152,8
72,17,8.32731300133782,9
72,18,8.12826497781157,9
72,19,8.98164063510394,9
72,20,12.2604330417918,8
72,21,11.6437813696282,8
72,22,12.0235961234302,8
72,23,8.69873689633381,9
72,24,8.57355475218929,9
72,25,8.77612707280728,9
72,26,8.01721283729177,9
72,27,10.7877081269788,8
72,28,9.23960155177699,9
72,29,9.15653127763865,9
72,30,9.57709692441476,9
72,31,9.16840193935962,9
72,32,9.70827672516846,9
72,33,8.36992067253313,9
72,34,10.0681406779732,2
72,35,9.20155387570778,2
72,36,10.1609480536616,2
72,37,10.0045125520109,2
72,38,10.6246476700441,2
72,39,10.6023632868712,2
72,40,9.63061768638181,2
72,41,9.20016815865542,2
72,42,8.80382162622275,2
72,43,10.1222255643046,2
72,44,10.0952932627556,2
72,45,10.6552236294174,2
72,46,10.1346854645615,2
72,47,10.2519802911555,2
72,48,9.05213660241218,2
72,49,10.1470918356885,2
72,50,10.5068041413726,2
72,51,10.0191508881904,2
72,52,10.3841923929531,2
72,53,10.0191127835692,2
72,54,9.96304151155314,2
72,55,10.172165328528,2
72,56,9.30468005737985,2
72,57,10.6618731032088,2
72,58,10.0587403273015,2
72,59,10.3631304964415,2
72,60,10.118767396076,2
72,61,9.81745989621573,2
72,62,9.6165065248621,2
72,63,9.46349430563893,2
72,64,9.67288017324437,2
72,65,10.6742686947138,2
72,66,9.61763351013863,2
72,67,9.45481985348493,2
72,68,10.0218413088048,2
72,69,9.52216408383427,2
72,70,9.20258918853867,2
72,71,10.1517858859193,2
72,72,10.6856299388059,2
72,73,10.4979639529168,2
72,74,10.4892732449709,2
72,75,10.5029927679818,2
72,76,10.9618402378564,8
72,77,10.9650090283126,8
72,78,11.2043626487395,8
72,79,17.082386011398,11
72,80,16.7807937604914,11
72,81,17.5158073821725,11
72,82,16.5820686792883,11
72,83,15.5971502585297,11
72,84,18.0217063612058,11
72,85,17.3985583167657,11
72,86,16.9854184276062,11
72,87,17.1957103512952,11
72,88,11.2111788468943,8
72,89,10.8882171885603,8
72,90,10.2850058841917,8
72,91,17.4568538643979,11
72,92,17.8562468484628,11
72,93,18.0754871473792,11
72,94,16.3256795435773,11
72,95,17.1066164691125,11
72,96,16.7586590516685,11
72,97,17.250769709984,11
72,98,16.964627207526,11
72,99,16.9560724620161,11
72,100,16.7834590560791,11
73,1,16.7690369587529,11
73,2,16.277510005627,11
73,3,16.727627498648,11
73,4,17.6559829460756,11
73,5,17.7063956976994,11
73,6,16.9926012678166,11
73,7,16.2319799029626,11
73,8,16.0578969354107,11
73,9,16.7423864697164,11
73,10,16.3090474602573,11
73,11,17.2434669969999,11
73,12,10.4695067165637,8
73,13,11.7970235625695,8
73,14,10.9766920257565,8
73,15,9.01905640001005,9
73,16,10.6608993024985,8
73,17,10.3502464119346,8
73,18,11.1941258788786,8
73,19,10.6107798608458,8
73,20,11.568772102129,8
73,21,8.21626856138505,9
73,22,8.41806478781177,9
73,23,8.80807291539162,9
73,24,11.1242404341549,8
73,25,10.4003611296414,8
73,26,10.1348516552446,8
73,27,6.7851562129848,10
73,28,6.2764577850012,10
73,29,6.34718483609683,10
73,30,7.30897487385974,10
73,31,6.90258394854596,10
73,32,6.84399566956476,10
73,33,6.52973282113233,10
73,34,7.60956235613865,10
73,35,5.29759085462367,10
73,36,6.44310260425034,10
73,37,7.10509328144057,10
73,38,7.00698523843468,10
73,39,6.48537898397033,10
73,40,7.58435811475585,10
73,41,6.664936454916,10
73,42,7.28213600527674,10
73,43,6.89978786742055,10
73,44,6.41795646816791,10
73,45,7.08098100097071,10
73,46,6.52805581071251,10
73,47,7.34137962530687,10
73,48,8.48383532111131,10
73,49,5.86249243092368,10
73,50,6.98275011183857,10
73,51,11.0110892790757,8
73,52,12.5279654830674,8
73,53,11.4142232565226,8
73,54,10.8323495397599,8
73,55,11.0671791906941,8
73,56,16.7851802294655,11
73,57,17.5150934253778,11
73,58,17.0108914331233,11
73,59,17.4387836075134,11
73,60,16.6985516351951,11
73,61,16.8665010976447,11
73,62,17.40926760003,11
73,63,16.9072191835593,11
73,64,16.2804796859251,11
73,65,17.3666441090495,11
73,66,17.3407096498034,11
73,67,17.3779026031277,11
73,68,16.7536476156364,11
73,69,16.3748459079518,11
73,70,16.5485422871493,11
73,71,17.1767367191502,11
73,72,16.7326122784199,11
73,73,16.433870366794,11
73,74,17.5585151007663,11
73,75,17.4357568213715,11
73,76,17.2418196059385,11
73,77,17.5859008961326,11
73,78,17.1285177428569,11
73,79,17.3249307464364,11
73,80,16.8721636186282,11
73,81,17.0124748404062,11
73,82,16.5236189134611,11
73,83,16.672381146893,11
73,84,16.7389669889487,11
73,85,16.7987953973124,11
73,86,11.4510320856371,8
73,87,11.4733567437662,8
73,88,11.4557532681168,8
73,89,11.0089502790812,8
73,90,16.9754424495978,11
73,91,17.2519447186342,11
73,92,16.647030168009,11
73,93,16.9164402687957,11
73,94,16.3017258327619,11
73,95,16.5940647808171,11
73,96,17.71335329254,11
73,97,16.8150243484496,11
73,98,16.8477048609099,11
73,99,16.8764917661673,11
73,100,16.2278321191241,11
74,1,19.0958782193768,5
74,2,19.6871592501884,5
74,3,19.2914364184497,5
74,4,18.9296319163821,5
74,5,18.9397036493044,5
74,6,18.7794223835906,5
74,7,19.8975200676073,5
74,8,18.6874817508308,5
74,9,17.0095016376129,4
74,10,16.3679229963207,4
74,11,16.3067545560165,4
74,12,17.6931863058659,4
74,13,18.032430564668,4
74,14,17.5822917787335,4
74,15,17.7543130997004,4
74,16,17.0040656696045,4
74,17,17.2769464362645,4
74,18,13.5886469267631,6
74,19,13.9247462907284,6
74,20,12.4147256440189,6
74,21,13.8130771390683,6
74,22,13.8634627385737,6
74,23,12.7646306029421,6
74,24,12.5543921085996,6
74,25,14.3417822329003,3
74,26,15.4138565690027,3
74,27,17.9593182300523,4
74,28,17.9516405789992,4
74,29,17.6413334607761,4
74,30,17.4682074859022,4
74,31,14.743320098735,3
74,32,15.8842511014441,3
74,33,14.954261073343,3
74,34,14.9636561874219,3
74,35,14.0762182274666,3
74,36,14.6877212037126,3
74,37,15.0345921108565,3
74,38,15.2687261247961,3
74,39,15.1384529025494,3
74,40,14.9017753000473,3
74,41,17.2795741272573,4
74,42,15.7310046432139,4
74,43,16.5066234967392,4
74,44,17.2183738676275,4
74,45,17.0377557772738,4
74,46,17.1417433679931,4
74,47,16.7381442866514,4
74,48,16.7865719794175,4
74,49,17.1321900898488,4
74,50,15.8959004613439,3
74,51,15.2463739705882,3
74,52,15.2114651932209,3
74,53,14.9274423369366,3
74,54,14.7594380018595,3
74,55,15.096575602164,3
74,56,14.8608574782898,3
74,57,15.3730297490944,3
74,58,12.8320386973726,6
74,59,12.277918762869,6
74,60,13.1273905938355,6
74,61,13.8657519148862,6
74,62,12.8197116862391,6
74,63,12.32598071736,6
74,64,12.5261043450812,6
74,65,13.5695101889283,6
74,66,13.3615859545997,6
74,67,14.1105618938823,6
74,68,12.8065271636263,6
74,69,12.3839716447591,6
74,70,12.6709675675117,6
74,71,13.7734626038662,6
74,72,13.6716351704407,6
74,73,13.307621806727,6
74,74,13.029417631993,6
74,75,14.9103412779782,3
74,76,15.2524317482996,3
74,77,15.8937272107105,3
74,78,15.5200727766916,3
74,79,15.7301184972322,3
74,80,15.3861034038655,3
74,81,13.3727232354957,6
74,82,13.3975283859072,6
74,83,13.6809520191416,6
74,84,14.4032380233432,3
74,85,15.4374104245227,3
74,86,15.2101091531044,3
74,87,13.7618958001813,3
74,88,13.5765071047037,3
74,89,12.5185842013513,6
74,90,14.7971187561098,3
74,91,15.0354509249381,3
74,92,15.2824445399417,3
74,93,13.8257456068205,3
74,94,14.5146548751026,3
74,95,12.8434849023177,6
74,96,12.3898214695319,6
74,97,12.9591154165146,6
74,98,12.7665127804974,6
74,99,15.1958905165051,3
74,100,14.8277498056221,3
75,1,8.98196651196387,9
75,2,9.13812916529996,9
75,3,9.2628723061971,9
75,4,11.0386231071661,8
75,5,11.3382443717203,8
75,6,10.9523475020662,8
75,7,8.76420489614811,9
75,8,8.60253655299569,9
75,9,8.56080452272291,9
75,10,8.676121648369,9
75,11,9.57675817922898,9
75,12,11.2410760008822,8
75,13,11.0772523124588,8
75,14,10.6520479745111,8
75,15,10.4075459942409,8
75,16,11.0534734274573,8
75,17,11.2873701763113,8
75,18,10.8508825035852,8
75,19,10.7819459476169,8
75,20,10.7654963637688,8
75,21,11.4477910058724,8
75,22,10.5095248647478,8
75,23,10.7878887444471,8
75,24,11.3849386219457,8
75,25,10.5616741130372,8
75,26,10.1105195853853,8
75,27,10.0866683385879,8
75,28,11.109616915746,8
75,29,11.630540012322,8
75,30,11.7282672735325,8
75,31,10.3271598850304,8
75,32,10.7620345103879,8
75,33,9.32361117790268,9
75,34,11.1473093680863,8
75,35,11.4697264675574,8
75,36,10.3979342317508,8
75,37,11.8577240973925,8
75,38,10.4097896791073,8
75,39,10.8815013507182,8
75,40,9.2648431299147,9
75,41,9.40143598904594,9
75,42,8.14251390987809,9
75,43,8.49173388562789,9
75,44,8.83275587615536,9
75,45,9.4127552301907,9
75,46,9.29973891775713,9
75,47,8.41506390817569,9
75,48,9.53129831930177,9
75,49,9.35070593244207,9
75,50,10.7687983311222,8
75,51,9.50946906660625,9
75,52,10.644065757283,8
75,53,10.7284908163573,8
75,54,11.583683577626,8
75,55,10.2913442911902,8
75,56,9.63150078263616,9
75,57,8.3526741471932,9
75,58,9.07587552444038,9
75,59,9.73792547308617,9
75,60,9.30376109063985,9
75,61,9.38201445583261,9
75,62,9.49971720152799,9
75,63,8.68552023451804,9
75,64,9.13306105022308,9
75,65,11.0956732288719,8
75,66,8.90398894266787,9
75,67,10.612463480246,8
75,68,11.2364243828707,8
75,69,9.39459661385207,9
75,70,11.3416626710646,8
75,71,7.96567159504959,9
75,72,11.4862952917226,8
75,73,8.67420861509229,9
75,74,9.87380718886486,9
75,75,9.3536985188546,9
75,76,8.22372414395624,9
75,77,6.60674979977824,10
75,78,7.10444754907677,10
75,79,7.44295054244881,10
75,80,7.13277375429031,10
75,81,7.79382611403548,10
75,82,7.03122801314526,10
75,83,7.27714003002698,10
75,84,6.89723491431539,10
75,85,7.2295701980659,10
75,86,7.10705440610061,10
75,87,6.35181257543042,10
75,88,7.52989267823104,10
75,89,6.82238625692272,10
75,90,6.51923484023571,10
75,91,6.25874163731955,10
75,92,7.45667551618765,10
75,93,7.60586205362506,10
75,94,6.47977382853138,10
75,95,7.6406364068016,10
75,96,6.6330606280147,10
75,97,7.5126780505991,10
75,98,7.34734483177704,10
75,99,8.06771458753839,10
75,100,7.35556529828522,10
76,1,16.542501103293,11
76,2,17.5356773468407,11
76,3,16.3172196218646,11
76,4,16.8986148168701,11
76,5,17.9764010506271,11
76,6,17.0501881973508,11
76,7,17.6130740113288,11
76,8,16.3919123716496,11
76,9,16.9271936644769,11
76,10,16.4809346232816,11
76,11,17.449852165607,11
76,12,17.4951634093129,11
76,13,17.5887380502623,11
76,14,17.0858046315911,11
76,15,16.6625977518457,11
76,16,10.8851340788172,8
76,17,9.35230755911279,9
76,18,8.98323056032678,9
76,19,8.40798639200652,9
76,20,10.3520158629173,8
76,21,10.6242265895152,8
76,22,10.3618279565689,8
76,23,8.88824223249939,9
76,24,8.86292421581786,9
76,25,8.53130896689846,9
76,26,10.6525009455567,8
76,27,10.9068962570937,8
76,28,11.2432437791389,8
76,29,11.5265948984889,8
76,30,16.9003266218835,11
76,31,17.1129887777786,11
76,32,16.9164055020265,11
76,33,17.1123404117444,11
76,34,16.4677313278105,11
76,35,17.1341859240642,11
76,36,16.5627115061815,11
76,37,16.9453601785317,11
76,38,16.6934750497078,11
76,39,17.4138560692512,11
76,40,16.8182840954189,11
76,41,16.8530656586174,11
76,42,17.6089412793666,11
76,43,9.47706988074469,9
76,44,8.81315887865744,9
76,45,9.47077634584986,9
76,46,8.99260455536845,9
76,47,8.76886012123813,9
76,48,9.50433357055641,9
76,49,11.5469282053894,8
76,50,11.2965017097231,8
76,51,10.6900473725561,8
76,52,16.2243917760941,11
76,53,17.4312712096582,11
76,54,16.7647959502423,11
76,55,16.7615134385195,11
76,56,16.6756990390784,11
76,57,16.4332448089491,11
76,58,16.7036360606365,11
76,59,17.7143712559739,11
76,60,16.92162767589,11
76,61,10.2912514722742,8
76,62,12.1138035579304,8
76,63,8.04228894100118,9
76,64,9.95236742977063,9
76,65,8.75634567528744,9
76,66,8.9085539070637,9
76,67,8.53792406851957,9
76,68,9.22821085603186,9
76,69,9.76592515689341,9
76,70,9.3070689359888,9
76,71,9.24635587050977,9
76,72,8.64428968177838,9
76,73,11.0563233522786,8
76,74,11.1307959545548,8
76,75,8.37487246384314,9
76,76,11.3923807343385,8
76,77,11.3788846451285,8
76,78,11.0611860996525,8
76,79,8.95796957709883,9
76,80,8.40382525357967,9
76,81,9.56788844898154,9
76,82,11.3746251884466,8
76,83,11.2808847257417,8
76,84,11.1510031515586,8
76,85,11.117538509833,8
76,86,11.4291187293192,8
76,87,8.4617398901806,9
76,88,9.64141904595547,9
76,89,9.38813441358323,9
76,90,8.6388395401852,9
76,91,10.690481013284,8
76,92,11.0588494724026,8
76,93,11.2176266141426,8
76,94,11.1391392956244,8
76,95,11.1034810346069,8
76,96,9.04002530000691,9
76,97,17.5314691273697,11
76,98,17.337398870381,11
76,99,10.8186444461379,8
76,100,10.0531465683513,8
77,1,7.66367640081366,10
77,2,6.91030762743995,10
77,3,7.05303079830925,10
77,4,6.96208348789542,10
77,5,6.20694007049841,10
77,6,7.62766443421761,10
77,7,7.24518112299361,10
77,8,7.50884404688448,10
77,9,7.74777523002424,10
77,10,6.35061254334439,10
77,11,7.65271468470107,10
77,12,7.28752121463447,10
77,13,7.31442892777836,10
77,14,7.16535132691034,10
77,15,7.86412981461645,10
77,16,5.92881656075789,10
77,17,6.30731889246653,10
77,18,7.13219819791941,10
77,19,7.47083287227692,10
77,20,7.65810645158005,10
77,21,6.95441923142173,10
77,22,6.90107410134619,10
77,23,7.39326821149025,10
77,24,7.69176670638558,10
77,25,5.71967069181064,10
77,26,7.01196086442722,10
77,27,7.13928696627454,10
77,28,7.94536255675828,10
77,29,7.26813246179611,10
77,30,6.73877946235174,10
77,31,7.42009599055043,10
77,32,7.25272595117562,10
77,33,7.6476690848693,10
77,34,6.23464162550463,10
77,35,6.47346592637465,10
77,36,7.6273121250302,10
77,37,6.54653107018093,10
77,38,7.24221623013455,10
77,39,6.68514902383896,10
77,40,9.36405026448138,9
77,41,11.6736803129449,8
77,42,11.160605031683,8
77,43,10.782603639273,8
77,44,17.1448467746777,11
77,45,17.2561534377802,11
77,46,17.1589773633544,11
77,47,11.1821482736869,8
77,48,11.3072984610963,8
77,49,10.7983653672025,8
77,50,10.5883129004673,8
77,51,10.6432235299436,8
77,52,16.7030837008232,11
77,53,16.7134066086724,11
77,54,16.516802115624,11
77,55,16.1712016290349,11
77,56,17.8714737207385,11
77,57,16.7308965505832,11
77,58,17.0609054932692,11
77,59,10.7024695068978,8
77,60,11.5417420285133,8
77,61,9.46321695246656,9
77,62,8.21093061316186,9
77,63,8.87995213677975,9
77,64,8.25365547304355,9
77,65,11.6251406800433,8
77,66,8.34604104979644,9
77,67,8.53047183753871,9
77,68,8.86848738611423,9
77,69,9.07063948861843,9
77,70,8.58345453809337,9
77,71,9.63698063709087,9
77,72,9.3125208429649,9
77,73,17.1252481891346,11
77,74,16.6328628795931,11
77,75,17.1082887921231,11
77,76,16.1642777951645,11
77,77,16.0611241658845,11
77,78,16.7776281136304,11
77,79,17.2268180181182,11
77,80,17.0491538983753,11
77,81,18.5147198128837,12
77,82,19.0659538040944,12
77,83,19.8500682386945,12
77,84,19.111482395437,12
77,85,19.5414152331996,12
77,86,19.2180043889798,12
77,87,19.1997988819293,12
77,88,19.745122402142,12
77,89,18.7925165558735,12
77,90,19.6773409319009,12
77,91,18.9628829356357,12
77,92,19.1243988917357,12
77,93,19.0617307886872,12
77,94,19.0780195121699,12
77,95,18.6437345081289,12
77,96,19.3572355897687,12
77,97,19.8656056500643,12
77,98,18.0877891094067,12
77,99,18.4333422029112,12
77,100,18.6880408023517,12
78,1,17.1049062286008,4
78,2,16.5339451996924,4
78,3,17.4466421596343,4
78,4,16.6486741777774,4
78,5,17.7690404120002,4
78,6,16.9256216037206,4
78,7,16.7243843523043,4
78,8,17.6114494077879,4
78,9,17.1522399446683,4
78,10,17.7112433001558,4
78,11,17.45061668256,4
78,12,17.0434637466295,4
78,13,17.0009459289506,4
78,14,16.4552540537472,4
78,15,16.9751346492869,4
78,16,14.9947032925207,3
78,17,14.2926902500476,3
78,18,15.6780678774645,3
78,19,13.493649845718,6
78,20,13.3690775360069,6
78,21,13.5836167720654,6
78,22,14.0459673971019,6
78,23,13.631531911648,6
78,24,13.3317327249362,6
78,25,13.9270897044834,3
78,26,14.7765340137283,3
78,27,15.1749473823876,3
78,28,13.4958022185378,6
78,29,13.7365538579561,6
78,30,13.0574800683612,6
78,31,12.8965555304546,6
78,32,13.0805001578535,6
78,33,12.5720064095801,6
78,34,12.9347521663269,6
78,35,12.5167038326641,6
78,36,13.2371022222214,6
78,37,12.6349155152471,6
78,38,13.1398482446204,6
78,39,12.5825366782356,6
78,40,12.9536007730841,6
78,41,11.5622112741403,6
78,42,12.7595927734663,6
78,43,13.4961591260804,6
78,44,13.3716708263801,6
78,45,12.8769135116719,6
78,46,13.1059145646534,6
78,47,13.3490508014914,6
78,48,13.7840064078109,6
78,49,12.9683888131647,6
78,50,12.849794620686,6
78,51,14.9832671142453,3
78,52,15.1999323780486,3
78,53,13.4393031571458,6
78,54,12.3368235579487,6
78,55,13.1742367457896,6
78,56,11.863268751062,6
78,57,12.421505270933,6
78,58,12.8145309087267,6
78,59,13.5839436657937,6
78,60,12.886434928056,6
78,61,13.0662868953508,6
78,62,13.0383917230756,6
78,63,13.0787641434642,6
78,64,14.5815498796536,3
78,65,14.4692705508826,3
78,66,12.4487947972024,6
78,67,15.0439991714289,3
78,68,14.8349767475736,3
78,69,14.7455919034186,3
78,70,14.621998676024,3
78,71,14.4799918803508,3
78,72,16.2925161867158,3
78,73,15.0025434997703,3
78,74,14.0610365063908,3
78,75,15.0932032872276,3
78,76,13.9758382045267,6
78,77,12.8287240865917,6
78,78,13.2674889077179,6
78,79,13.1046460221394,6
78,80,14.1636568244152,3
78,81,15.111540447585,3
78,82,14.8780461727301,3
78,83,16.0455970779995,3
78,84,14.684408383277,3
78,85,15.1718516226515,3
78,86,14.7808484041613,3
78,87,15.1474812160207,3
78,88,14.2634775886385,3
78,89,12.9342485939142,6
78,90,13.4666256865233,6
78,91,12.1495788903584,6
78,92,13.6000446554209,6
78,93,13.5874907881525,6
78,94,13.0890579856433,6
78,95,12.441113008259,6
78,96,13.3482267336112,6
78,97,12.9165292253023,6
78,98,13.6120166046119,6
78,99,12.4157453660425,6
78,100,13.0266152587569,6
79,1,19.7783012705392,12
79,2,19.0761342875965,12
79,3,19.1194841462597,12
79,4,19.2672819109283,12
79,5,19.3516779774861,12
79,6,19.1683802221804,12
79,7,19.5528078388161,12
79,8,19.3983039422638,12
79,9,19.1942633683544,12
79,10,18.8076844652558,12
79,11,18.9064348456671,12
79,12,16.1232648513319,11
79,13,16.9735591374828,11
79,14,16.8668013513006,11
79,15,17.1930137754835,11
79,16,16.8046809511649,11
79,17,17.2757604657488,11
79,18,16.909486895702,11
79,19,17.2922017932282,11
79,20,17.4690792866652,11
79,21,16.6448408832942,11
79,22,17.6784534062271,11
79,23,17.7343894349493,11
79,24,17.185164474167,11
79,25,17.9281448573677,11
79,26,17.4527386755101,11
79,27,17.2998875026994,11
79,28,17.8118117741452,11
79,29,16.9452544437353,11
79,30,16.8203336232405,11
79,31,16.9723922555355,11
79,32,16.5760852358708,11
79,33,17.4144735824022,11
79,34,17.693845095218,11
79,35,16.5940621760781,11
79,36,16.4980708320709,11
79,37,16.8296615632069,11
79,38,17.4680300966036,11
79,39,17.0747891300577,11
79,40,17.1014023424759,11
79,41,17.1189952296835,11
79,42,10.9876294676976,8
79,43,10.4969187211188,8
79,44,11.178155517398,8
79,45,8.78982964480129,9
79,46,9.19762326664309,9
79,47,11.1114894657927,8
79,48,11.4074610918777,8
79,49,11.938108186294,8
79,50,9.46009050238791,9
79,51,9.56785294053614,9
79,52,8.89564589438635,9
79,53,9.02879975855522,9
79,54,11.2066055639417,8
79,55,9.75932773502434,9
79,56,8.15173440594249,9
79,57,11.629312717258,8
79,58,10.6980147625945,8
79,59,11.7274794124736,8
79,60,9.58351674624424,9
79,61,9.18873261778519,9
79,62,11.0698288618163,8
79,63,10.5503273481691,8
79,64,11.312895190562,8
79,65,11.2955027089545,8
79,66,11.1147013958741,8
79,67,10.399769992385,8
79,68,11.73560908147,8
79,69,10.7251563210218,8
79,70,7.72363352901404,9
79,71,11.1035518730345,8
79,72,10.7060133964485,8
79,73,12.3612863552989,8
79,74,10.6724534712751,8
79,75,10.4757379731675,8
79,76,11.4583593507129,8
79,77,9.39421011600397,9
79,78,9.06974743786774,9
79,79,9.23005203008038,9
79,80,9.73377422667001,9
79,81,8.59989747578875,9
79,82,9.17044206076082,9
79,83,8.98257932290741,9
79,84,10.8948925777372,8
79,85,9.2173472965244,9
79,86,9.00599139545073,9
79,87,11.4793743494616,8
79,88,11.4460882412906,8
79,89,8.5967001550111,9
79,90,8.11251065913162,9
79,91,8.85994160923181,9
79,92,8.93690014129526,9
79,93,8.78613056876871,9
79,94,9.34788078654873,9
79,95,8.88262920681206,9
79,96,9.10545028718156,9
79,97,10.2911837973125,8
79,98,10.3123600898936,8
79,99,10.2427727461863,8
79,100,10.1943939905776,8
80,1,19.535397424527,5
80,2,18.542518027339,5
80,3,19.2369657301011,5
80,4,19.3059810964368,5
80,5,19.0745622125222,5
80,6,19.6334477068445,5
80,7,19.3667670617354,5
80,8,19.0935979037185,5
80,9,19.2697340777693,5
80,10,18.6225320515448,5
80,11,19.0930221622152,5
80,12,18.6954460088263,5
80,13,18.5987044778596,5
80,14,18.8112750863889,5
80,15,17.5292041125743,5
80,16,18.8951913442722,5
80,17,18.0118469345321,5
80,18,20.0240487134559,5
80,19,18.6330174812217,5
80,20,17.8696943688752,5
80,21,19.0134024789101,5
80,22,18.9358226867393,5
80,23,19.1766789589368,5
80,24,18.8071776375997,5
80,25,19.2093515958942,5
80,26,19.3156559614155,5
80,27,19.5460874151445,5
80,28,18.9598685187295,5
80,29,18.8716594629093,5
80,30,19.5635589475856,5
80,31,19.3791710796963,5
80,32,18.755898334812,5
80,33,18.8995645216693,5
80,34,19.3985815267847,5
80,35,18.5319134108137,5
80,36,18.7248466901785,5
80,37,18.897621944222,5
80,38,18.5406834860255,5
80,39,19.5347202143744,5
80,40,18.628681993008,5
80,41,18.4112136776892,5
80,42,19.4257961117066,5
80,43,16.9144504151029,4
80,44,17.7041114965293,4
80,45,17.070081329966,4
80,46,17.2108689514541,4
80,47,17.1383481288916,4
80,48,17.2735268299009,4
80,49,17.1392076691517,4
80,50,17.5024600320667,4
80,51,17.124081160522,4
80,52,17.2111545015111,4
80,53,16.9185489617311,4
80,54,16.6449432735649,4
80,55,16.6249676031981,4
80,56,17.1575661361634,4
80,57,16.7991414409328,4
80,58,17.794389933466,4
80,59,17.4499136700343,4
80,60,16.7683275246061,4
80,61,17.4963607101119,4
80,62,16.8323175255241,4
80,63,17.0069633725862,4
80,64,16.8826887976359,4
80,65,16.4994793562119,4
80,66,17.1874808348143,4
80,67,17.7427989454236,4
80,68,17.5293376182376,4
80,69,17.3624518439495,4
80,70,17.3180189928186,4
80,71,17.6503353118338,4
80,72,16.5330245500914,4
80,73,17.790340610788,4
80,74,17.1789667309909,4
80,75,16.9308644231813,4
80,76,17.1371294683607,4
80,77,17.2690409471116,4
80,78,17.0705514590054,4
80,79,17.1969633958779,4
80,80,17.3906784429343,4
80,81,16.910148546364,4
80,82,17.2782436521069,4
80,83,17.2382684728404,4
80,84,17.3241128193381,4
80,85,17.6638544051513,4
80,86,16.8077529366602,4
80,87,17.268778335992,4
80,88,16.7079768829547,4
80,89,18.4451235542017,5
80,90,19.678629038463,5
80,91,20.2919040504484,5
80,92,18.5831246335768,5
80,93,19.1958792010108,5
80,94,18.5849322719827,5
80,95,18.3292646794426,5
80,96,19.1539083666704,5
80,97,19.1412749331131,5
80,98,18.785176981895,5
80,99,18.6551725098664,5
80,100,18.7776495998326,5
81,1,16.546181807718,11
81,2,11.0349057798289,8
81,3,10.5349736427148,8
81,4,11.1905990669661,8
81,5,10.6471118299321,8
81,6,10.3347515478794,8
81,7,11.751986274873,8
81,8,9.06866087931949,9
81,9,8.53586113692953,9
81,10,7.73013527774433,9
81,11,8.68559408062013,9
81,12,9.94115768534891,8
81,13,8.79415602584205,9
81,14,17.9707393487958,11
81,15,16.1446986794021,11
81,16,16.7657346331521,11
81,17,18.0622801097241,11
81,18,17.4116792654523,11
81,19,16.4600185285082,11
81,20,9.28002989481599,9
81,21,8.6763421836636,9
81,22,9.08871976506686,9
81,23,9.86113792100115,9
81,24,9.30643480095042,9
81,25,9.31460996368957,9
81,26,11.4665659819487,8
81,27,10.9656385787291,8
81,28,10.2321645848004,8
81,29,10.1143905376065,8
81,30,10.6459365209737,8
81,31,11.2875137534333,8
81,32,11.6863104923197,8
81,33,10.9126277893777,8
81,34,7.99184470303684,9
81,35,9.72138595216089,9
81,36,10.8309713538409,8
81,37,10.868065068155,8
81,38,10.5813084572577,8
81,39,10.1100279874383,8
81,40,10.532726803177,8
81,41,10.8354843432736,8
81,42,11.2010709254026,8
81,43,11.4446748738423,8
81,44,11.1707172357298,8
81,45,11.0827248277101,8
81,46,8.97621620085178,9
81,47,8.53049369601721,9
81,48,11.6131819696426,8
81,49,10.3927678285975,8
81,50,11.1377342306645,8
81,51,11.0659226467679,8
81,52,10.5741609204039,8
81,53,9.86069697607999,8
81,54,11.5479565980486,8
81,55,8.88237032122557,9
81,56,8.49342175877373,9
81,57,10.2408742695062,8
81,58,9.68658900148128,9
81,59,9.21267645461377,9
81,60,8.85010054671393,9
81,61,8.95476337593467,9
81,62,11.4959858365154,8
81,63,10.7546912401179,8
81,64,11.4288438008777,8
81,65,11.1580905972692,8
81,66,11.6532353829064,8
81,67,8.88227811866058,9
81,68,8.75941376002226,9
81,69,10.6562504596202,8
81,70,10.7458748397877,8
81,71,9.51157891554874,9
81,72,7.75910019654299,9
81,73,9.19814601582114,9
81,74,10.533519569817,8
81,75,8.66086493927116,9
81,76,8.6658431289437,9
81,77,8.32857903866652,9
81,78,9.028930391773,9
81,79,8.92901396416244,9
81,80,9.03177319534947,9
81,81,11.2813933285068,8
81,82,11.4892927236111,8
81,83,16.0141532563578,11
81,84,17.1287217234736,11
81,85,16.3660082799656,11
81,86,17.2476189845265,11
81,87,17.6131228149818,11
81,88,16.4640091422926,11
81,89,17.4650632517244,11
81,90,16.0848244857713,11
81,91,16.9354751198118,11
81,92,17.0789619923811,11
81,93,16.4714769617493,11
81,94,17.1472040303676,11
81,95,16.959981589566,11
81,96,17.3085907292562,11
81,97,17.0009806477959,11
81,98,17.2800294480684,11
81,99,17.325444541276,11
81,100,17.0865921575537,11
82,1,15.0012707724426,3
82,2,17.2639538945711,4
82,3,17.2219664008101,4
82,4,17.1464250396414,4
82,5,17.5824047236941,4
82,6,17.6640242356746,4
82,7,16.2214301159592,4
82,8,17.0917811927965,4
82,9,16.0850277895422,4
82,10,16.4434389534005,4
82,11,16.7715353664063,4
82,12,17.1777948681042,4
82,13,17.5886445221708,4
82,14,17.2762903979546,4
82,15,17.4719251247166,4
82,16,17.0294254704576,4
82,17,17.2100924308758,4
82,18,17.7040080729907,4
82,19,16.1049910232009,4
82,20,15.3901777643333,3
82,21,15.3121212381885,3
82,22,15.2427152395038,3
82,23,13.118505417397,6
82,24,12.4463564411547,6
82,25,12.4935052055481,6
82,26,14.1395908879174,3
82,27,12.9774210587898,6
82,28,12.3498701897208,6
82,29,12.9894716983551,6
82,30,16.6259538051965,4
82,31,17.1916986431366,4
82,32,17.5732118670181,4
82,33,17.2680108890425,4
82,34,17.1098042202602,4
82,35,16.8818046817292,4
82,36,17.3205025646679,4
82,37,16.8995411724264,4
82,38,17.963016598749,4
82,39,18.0177791031488,4
82,40,17.3384449097465,4
82,41,17.1744105220488,4
82,42,18.0525099976268,4
82,43,17.4140636746136,4
82,44,16.7569989761099,4
82,45,16.7704829250686,4
82,46,16.9042072608452,4
82,47,16.7170748944525,4
82,48,17.3463863900519,4
82,49,17.5823895720761,4
82,50,17.0990732061104,4
82,51,16.930356584591,4
82,52,19.127222164326,5
82,53,18.873204281716,5
82,54,19.0475501049032,5
82,55,18.96443553924,5
82,56,19.5191053550349,5
82,57,19.234521856139,5
82,58,19.5932671990531,5
82,59,18.8516984410371,5
82,60,18.9885347381992,5
82,61,19.1856270636396,5
82,62,19.659953168557,5
82,63,19.5619532335942,5
82,64,19.5794790307609,5
82,65,17.9182951561592,5
82,66,18.4985994558389,5
82,67,19.1593038469595,5
82,68,19.0930602109393,5
82,69,19.2066871971724,5
82,70,19.1659020749522,5
82,71,19.1646033444549,5
82,72,19.6732048058869,5
82,73,19.353272391243,5
82,74,19.7569854934686,5
82,75,18.4696664416287,5
82,76,18.9613692529321,5
82,77,18.4721462359622,5
82,78,19.1948549174299,5
82,79,20.1872861327799,5
82,80,18.5794217847488,5
82,81,19.105928093304,5
82,82,19.5437274113454,5
82,83,18.4038285160832,5
82,84,19.3541002533452,5
82,85,18.5740389823683,5
82,86,18.7137124895036,5
82,87,19.6336592537579,5
82,88,19.2123140566602,5
82,89,18.821225441695,5
82,90,18.5284080451393,5
82,91,18.9943463616484,5
82,92,18.9622051056624,5
82,93,19.3306837916417,5
82,94,19.2986112299707,5
82,95,18.923753379739,5
82,96,18.7838869795319,5
82,97,18.7050012617456,5
82,98,19.2979091572452,5
82,99,18.9610209579833,5
82,100,18.0621251296802,5
83,1,18.9153762679944,12
83,2,19.1144943544923,12
83,3,19.2783432118329,12
83,4,19.2170704418596,12
83,5,20.36704400327,12
83,6,18.8867347536495,12
83,7,19.058366565384,12
83,8,18.199408894506,12
83,9,19.3041810790394,12
83,10,17.8116030342837,12
83,11,19.232595841017,12
83,12,18.9234452408077,12
83,13,17.8029586201708,12
83,14,18.2592146565236,12
83,15,19.1694580054683,12
83,16,18.476819363661,12
83,17,18.7301515931639,12
83,18,19.0691022890756,12
83,19,19.0049437188697,12
83,20,18.3557682085103,12
83,21,19.1595443574689,12
83,22,18.5392717648964,12
83,23,19.0144773579943,12
83,24,19.59491085798,12
83,25,18.8994071425442,12
83,26,18.7529967789831,12
83,27,20.2146456452845,12
83,28,19.5194145277561,12
83,29,18.7136430017925,12
83,30,18.5366341498209,12
83,31,18.8952903536577,12
83,32,18.8200072102005,12
83,33,18.9530508533783,12
83,34,19.1708996504237,12
83,35,18.8988853063204,12
83,36,19.2824249438271,12
83,37,19.3928018173702,12
83,38,18.9202857743801,12
83,39,19.0528083849917,12
83,40,20.1689929534786,12
83,41,19.5134700289799,12
83,42,20.0001621082336,12
83,43,19.3127004832773,12
83,44,19.0930012143394,12
83,45,19.4758923004573,12
83,46,18.2878556077435,12
83,47,18.7676851706483,12
83,48,19.3466142826485,12
83,49,18.1470560496315,12
83,50,18.7514896449855,12
83,51,18.6786154141843,12
83,52,18.370417202943,12
83,53,19.7702817797538,12
83,54,19.3714297795763,12
83,55,19.4673141533404,12
83,56,18.6137267350209,12
83,57,19.1234738268605,12
83,58,19.380996648111,12
83,59,19.4068010689842,12
83,60,17.6788538987738,12
83,61,16.9972031295713,11
83,62,16.8624819481099,11
83,63,17.7374995213776,11
83,64,17.1386006215698,11
83,65,17.882524481339,11
83,66,17.5298655915877,11
83,67,16.7838394950168,11
83,68,16.8490663186817,11
83,69,16.1116039962756,11
83,70,17.7793905640994,11
83,71,17.053720352545,11
83,72,17.9047583283382,11
83,73,17.5452938644217,11
83,74,16.5783629159974,11
83,75,17.358270885164,11
83,76,17.0610996272321,11
83,77,18.0217009812723,11
83,78,17.1243316896074,11
83,79,17.1511987236469,11
83,80,16.7720716617542,11
83,81,17.2653905336281,11
83,82,16.3532353311588,11
83,83,17.1421797673478,11
83,84,17.1104878447519,11
83,85,16.5237747426692,11
83,86,17.1897065199795,11
83,87,16.5864711184789,11
83,88,16.6004911995824,11
83,89,16.4661145066594,11
83,90,15.9609791727379,11
83,91,17.0652842937191,11
83,92,17.1968097974512,11
83,93,17.2594742073586,11
83,94,16.5413910554267,11
83,95,17.305433055598,11
83,96,16.5961252969591,11
83,97,16.8411819308952,11
83,98,17.9216935719496,11
83,99,16.778812916973,11
83,100,17.1502489724431,11
84,1,14.4457166532064,7
84,2,14.096601947347,7
84,3,14.5307199148529,7
84,4,14.0166640815742,7
84,5,14.1588943160586,7
84,6,13.7318254045416,7
84,7,14.1656839450887,7
84,8,13.7536677622813,7
84,9,13.8687567669619,7
84,10,13.7825168056834,7
84,11,13.8979285361669,7
84,12,15.0039171564656,7
84,13,13.778126335537,7
84,14,13.5578161652553,7
84,15,13.5709086144645,7
84,16,14.210570919299,7
84,17,14.4397350821822,7
84,18,14.8122236956569,7
84,19,13.8361396082684,7
84,20,13.8652958715389,7
84,21,13.6208170692309,7
84,22,13.5514197979654,7
84,23,13.9171214097356,7
84,24,13.5824849746939,7
84,25,13.9894230458899,7
84,26,14.1705285534014,7
84,27,13.5827441002626,7
84,28,14.356031021119,7
84,29,13.9809138241502,7
84,30,14.6135647706569,7
84,31,14.2630557991507,7
84,32,14.4667325635716,7
84,33,13.9157923244105,7
84,34,14.345975559635,7
84,35,14.700672102566,7
84,36,14.7051911309288,7
84,37,13.8373742329654,7
84,38,14.6681488129056,7
84,39,13.2575805724301,7
84,40,14.6102038970961,7
84,41,14.0181555011003,7
84,42,14.1552984177062,7
84,43,14.2287399646387,7
84,44,15.1590085113701,7
84,45,13.0779623684389,7
84,46,14.1780149285647,7
84,47,13.8080935148589,7
84,48,13.3998196654279,7
84,49,13.8492841721921,7
84,50,14.2517587364256,7
84,51,14.3344133665791,7
84,52,13.7402475177952,7
84,53,14.3670677022609,7
84,54,13.8982520286954,7
84,55,13.5655389686236,7
84,56,14.8964048110811,7
84,57,14.3262457720031,7
84,58,14.235328252518,7
84,59,14.3920848082896,7
84,60,14.9962779316634,7
84,61,14.7287716847373,7
84,62,13.4972620287086,7
84,63,13.452178261713,7
84,64,13.7718793010005,7
84,65,13.1571668490086,7
84,66,14.8947851530564,7
84,67,13.114561417752,7
84,68,14.6029742349499,7
84,69,14.0359461335757,7
84,70,13.3349345583978,7
84,71,13.4792448548466,7
84,72,14.2936410030895,7
84,73,15.0206129155342,7
84,74,13.4687787706225,7
84,75,13.3171591592448,7
84,76,14.3488446445043,7
84,77,13.7366341442818,7
84,78,14.0884240210244,7
84,79,14.3726712157312,7
84,80,14.0208427603658,7
84,81,13.3364396608085,7
84,82,13.9352685869423,7
84,83,14.0116130983239,7
84,84,13.4559280310828,7
84,85,14.590449817037,7
84,86,14.8820467853918,7
84,87,13.96679974115,7
84,88,15.4062414221033,7
84,89,13.7340987067492,7
84,90,14.796174180312,7
84,91,12.8120688078381,7
84,92,13.8906796170072,7
84,93,13.695240866953,7
84,94,14.2317370263953,7
84,95,13.6669096493624,7
84,96,13.9626767116052,7
84,97,14.2006852772557,7
84,98,13.3907998252775,7
84,99,13.8952779556773,7
84,100,13.8613525335157,7
85,1,14.0663552489067,7
85,2,13.9044800664825,7
85,3,14.3579754100528,7
85,4,15.0590157783295,7
85,5,14.2870564697611,7
85,6,13.3086078979798,7
85,7,12.9632410608294,7
85,8,14.3318276265909,7
85,9,14.361270633448,7
85,10,14.5862868041207,7
85,11,13.9423179440579,7
85,12,13.4102087208229,7
85,13,13.5458271339236,7
85,14,13.853909546273,7
85,15,14.1566859970272,7
85,16,14.0701841564652,7
85,17,13.7379431000656,7
85,18,13.9822726262784,7
85,19,13.3551598110129,7
85,20,13.4516673053421,7
85,21,13.8444101272488,7
85,22,13.5516412214519,7
85,23,14.2921816164503,7
85,24,13.3592255326,7
85,25,13.3445032340073,7
85,26,14.5242021460487,7
85,27,13.6288996626808,7
85,28,14.6231054838608,7
85,29,14.0064824964395,7
85,30,13.6902828118725,7
85,31,13.5282002436129,7
85,32,13.5339885485389,7
85,33,14.1310296758534,7
85,34,13.8787594459034,7
85,35,13.9623828447417,7
85,36,13.4869892114193,7
85,37,13.9473500553505,7
85,38,14.9553055470461,7
85,39,13.2125743889897,7
85,40,13.7613604971245,7
85,41,14.2260857224208,7
85,42,14.7974651084679,7
85,43,13.7666976585506,7
85,44,14.1963114027844,7
85,45,13.4627796874586,7
85,46,13.8660517744431,7
85,47,13.9108209381961,7
85,48,14.6899094836135,7
85,49,13.7021805978982,7
85,50,14.3034250827753,7
85,51,14.2354332552939,7
85,52,13.4658207133674,7
85,53,14.5311327718853,7
85,54,14.8432722579029,7
85,55,14.0016089257058,7
85,56,13.2660800104904,7
85,57,13.1904865857423,7
85,58,14.5816628817945,7
85,59,13.161273631321,7
85,60,13.7957415893458,7
85,61,14.3085524371851,7
85,62,13.8878338877449,7
85,63,14.183117986691,7
85,64,14.0834368657166,7
85,65,13.2548482267785,7
85,66,13.6158930936801,7
85,67,15.4486843955341,7
85,68,14.2246908363373,7
85,69,13.6673403391811,7
85,70,14.0692906721956,7
85,71,13.7883484793797,7
85,72,13.5769543202516,7
85,73,12.7426932366985,7
85,74,13.5264631024124,7
85,75,14.0907931628468,7
85,76,14.2502838510904,7
85,77,13.6678497344624,7
85,78,14.1891108471592,7
85,79,13.4300500606168,7
85,80,14.9204760742972,7
85,81,14.0121059993217,7
85,82,13.8761286464779,7
85,83,14.3031442286937,7
85,84,14.0145137066388,7
85,85,13.4947082816931,7
85,86,14.7992725597616,7
85,87,13.6479121216406,7
85,88,14.447027336955,7
85,89,14.8486528906878,7
85,90,13.4397279187218,7
85,91,15.3089206692116,7
85,92,13.0449017714831,7
85,93,14.2519330811144,7
85,94,14.2234169571659,7
85,95,13.7926812940808,7
85,96,15.6609642990422,7
85,97,13.309732709672,7
85,98,13.285492138613,7
85,99,13.3787638927796,7
85,100,13.782262432892,7
86,1,16.6245933179095,11
86,2,17.4501407424157,11
86,3,17.6914891417434,11
86,4,17.444094493718,11
86,5,16.788392457553,11
86,6,17.0585671058906,11
86,7,16.7357985040456,11
86,8,17.3632292487871,11
86,9,17.2645346374509,11
86,10,17.3032540084105,11
86,11,16.7270284809278,11
86,12,16.950396591273,11
86,13,16.9213795247414,11
86,14,16.5832608906971,11
86,15,16.393591034002,11
86,16,16.8511143154726,11
86,17,11.2951677206713,8
86,18,10.772787632511,8
86,19,16.5139804923474,11
86,20,16.6990978233242,11
86,21,17.5072478421606,11
86,22,17.0791352873632,11
86,23,15.8964649376361,11
86,24,16.1486549128222,11
86,25,18.0499780396858,11
86,26,16.4051546695356,11
86,27,17.2282319607361,11
86,28,17.2075108023319,11
86,29,16.8790313828947,11
86,30,17.1835520554842,11
86,31,17.5088071534724,11
86,32,18.15372934972,11
86,33,16.8612498628122,11
86,34,17.1792348004287,11
86,35,17.5981457662844,11
86,36,17.0900327231912,11
86,37,16.8991948057202,11
86,38,17.0701087685586,11
86,39,16.8696482145141,11
86,40,17.4595332257133,11
86,41,16.16792369714,11
86,42,17.2361937485078,11
86,43,16.2520712633941,11
86,44,17.1307518143923,11
86,45,17.3292984412682,11
86,46,16.8583617069471,11
86,47,17.3476764341199,11
86,48,17.6381085421994,11
86,49,16.7360799374679,11
86,50,17.0943103023892,11
86,51,17.1602581211571,11
86,52,16.7542575236237,11
86,53,16.6263632856325,11
86,54,17.0673810891582,11
86,55,17.020438901784,11
86,56,16.5992435469668,11
86,57,16.2772396050694,11
86,58,16.8720052584704,11
86,59,17.6850360385427,11
86,60,16.8425986272808,11
86,61,16.8721382416759,11
86,62,17.0792283083519,11
86,63,16.5137311885913,11
86,64,16.9396123296872,11
86,65,16.3296193098777,11
86,66,17.8501916317442,11
86,67,17.4156740591559,11
86,68,16.4794323799552,11
86,69,15.8870000776651,11
86,70,17.0549263381242,11
86,71,16.2816562656989,11
86,72,17.8812500866186,11
86,73,17.262908262836,11
86,74,16.3439264004733,11
86,75,17.0706253422044,11
86,76,16.2792289700821,11
86,77,16.2409200562983,11
86,78,16.845413868781,11
86,79,17.0867681711122,11
86,80,17.3101799927228,11
86,81,17.0803230849013,11
86,82,17.6248509153444,11
86,83,16.9767748897456,11
86,84,16.6521607309163,11
86,85,16.7085605089559,11
86,86,17.7101307649803,11
86,87,17.5024642374048,11
86,88,16.3076549039193,11
86,89,17.0443077266205,11
86,90,17.4445897404056,11
86,91,16.3219932454861,11
86,92,17.3033995242709,11
86,93,18.1336494143638,11
86,94,17.1884976438147,11
86,95,17.1017078040249,11
86,96,16.2394434294347,11
86,97,17.2744769413938,11
86,98,17.5055641888749,11
86,99,17.0918987153268,11
86,100,16.8332130969502,11
87,1,17.4201717083107,4
87,2,16.7166291330862,4
87,3,16.9711184756211,4
87,4,17.0202931438757,4
87,5,16.6040532212904,4
87,6,17.1224025475355,4
87,7,17.2337234342073,4
87,8,14.8944364481034,3
87,9,16.7782336071386,4
87,10,15.9566010198246,4
87,11,17.0153611655504,4
87,12,17.0214940389364,4
87,13,17.1598139766355,4
87,14,17.1173968089446,4
87,15,15.9389274480892,4
87,16,16.0581458703476,4
87,17,16.4932717395068,4
87,18,17.3283367161746,4
87,19,15.4055982469723,3
87,20,15.5872609499414,3
87,21,14.8635597227732,3
87,22,15.0492461164931,3
87,23,15.3785898111359,3
87,24,14.5089978626405,3
87,25,14.4219900219721,3
87,26,13.4200330787857,6
87,27,13.1713254016578,6
87,28,14.7940388145245,3
87,29,15.6491404880367,3
87,30,15.7056226519308,3
87,31,15.6985716444411,3
87,32,15.713365368705,3
87,33,12.1657983161383,6
87,34,14.5697368358386,3
87,35,14.3265701022874,3
87,36,14.9158173412226,3
87,37,14.6388123868056,3
87,38,14.9583423124864,3
87,39,16.2071497917687,3
87,40,15.2892276083787,3
87,41,14.9222140393374,3
87,42,14.3279178762851,3
87,43,15.3856717425902,3
87,44,15.0637904920936,3
87,45,15.1436625911763,3
87,46,15.2233989777689,3
87,47,15.167082998068,3
87,48,14.8182227237813,3
87,49,15.6558271815408,3
87,50,14.801840570544,3
87,51,14.3927100028158,3
87,52,15.2932469167027,3
87,53,15.8441213354919,3
87,54,14.70992798978,3
87,55,15.8253455047171,3
87,56,14.3601873755309,3
87,57,14.7938182028807,3
87,58,14.5363245590447,3
87,59,14.6761525060459,3
87,60,15.6233026617271,3
87,61,14.5554604382688,3
87,62,14.0794396740368,3
87,63,15.3351315234978,3
87,64,17.4307172110561,4
87,65,16.7837574892951,4
87,66,15.6860181848547,4
87,67,16.8548582569705,4
87,68,15.2583561416337,3
87,69,14.6946724389583,3
87,70,14.4077661398926,3
87,71,15.2763748980202,3
87,72,15.7585559555394,3
87,73,12.5569796854529,6
87,74,12.0738750363704,6
87,75,13.0175548912126,6
87,76,13.6496324014136,6
87,77,12.8776160264374,6
87,78,12.3459442632652,6
87,79,12.4819688332671,6
87,80,12.677307569101,6
87,81,13.4274578942337,6
87,82,12.1005976284147,6
87,83,12.8483001588602,6
87,84,15.1530551590774,3
87,85,13.3245290369039,6
87,86,15.6625045487745,3
87,87,15.7354689023875,3
87,88,14.6487562876216,3
87,89,15.2086460754406,3
87,90,15.452717245923,3
87,91,14.8293515781014,3
87,92,15.1037011078303,3
87,93,14.416621103327,3
87,94,14.1792436000801,3
87,95,15.6276912026484,3
87,96,16.6788111958582,4
87,97,17.13060131549,4
87,98,16.147090225348,4
87,99,16.6733472675687,4
87,100,16.1158330722952,4
88,1,17.3750432747718,4
88,2,17.7463337511841,4
88,3,17.6157356634004,4
88,4,16.3731345195562,4
88,5,16.7236227180255,4
88,6,17.1921388241658,4
88,7,17.3385599420084,4
88,8,17.2278976011342,4
88,9,16.5919055165794,4
88,10,16.3891653750777,4
88,11,16.5720798538885,4
88,12,15.9664879827723,4
88,13,16.5210022536707,4
88,14,16.2542642305475,4
88,15,16.5987908663859,4
88,16,16.9070549218003,4
88,17,17.4923855494847,4
88,18,17.2192193862848,4
88,19,16.7517225325093,4
88,20,16.7250282995737,4
88,21,17.1134825295831,4
88,22,17.1651130153733,4
88,23,15.0591341502001,3
88,24,14.5510377512062,3
88,25,14.5600127838905,3
88,26,15.2973418573431,3
88,27,15.90267078023,3
88,28,15.4997596643216,3
88,29,12.9786509006786,6
88,30,14.4655634186368,3
88,31,14.3541155070084,3
88,32,14.8460206603033,3
88,33,12.7612014243523,6
88,34,12.4072497959733,6
88,35,14.0016287855951,6
88,36,12.6545217612878,6
88,37,12.4987615523724,6
88,38,12.3750996687975,6
88,39,13.2354246250754,6
88,40,15.730686777568,3
88,41,14.4899419816524,3
88,42,14.1656909339292,3
88,43,14.7421832678656,3
88,44,15.3031667973957,3
88,45,14.8437118010209,3
88,46,14.2683789826983,3
88,47,14.4901933204007,3
88,48,13.7203543587277,3
88,49,15.4367481929249,3
88,50,14.0741074410843,3
88,51,15.1882945503103,3
88,52,15.2181632752462,3
88,53,14.9051634718476,3
88,54,13.8966020265371,6
88,55,16.2704334689541,3
88,56,14.9298750237332,3
88,57,12.6199860423363,6
88,58,12.7406654098451,6
88,59,13.9445377287282,6
88,60,12.1498222981574,6
88,61,13.0143924216672,6
88,62,14.4559158740561,3
88,63,15.4384185719079,3
88,64,12.0201094325179,6
88,65,13.2534428487633,6
88,66,14.0629878828165,6
88,67,12.5696527179559,6
88,68,13.6257736738008,6
88,69,13.1940687687799,6
88,70,13.1423775697051,6
88,71,12.9525388141315,6
88,72,12.6518531114619,6
88,73,12.7107489936468,6
88,74,13.270474156405,6
88,75,12.7709158074942,6
88,76,12.5363169298412,6
88,77,13.0768198759183,6
88,78,12.1910533352052,6
88,79,13.5778210492866,6
88,80,12.6970414543649,6
88,81,13.5798302128331,6
88,82,13.199658280477,6
88,83,13.4862950510754,6
88,84,13.3170671908842,6
88,85,13.0708284833636,6
88,86,12.6708104375801,6
88,87,13.2719285984836,6
88,88,16.0047235461604,3
88,89,14.9808529747363,3
88,90,17.1937857304818,4
88,91,16.9968169928527,4
88,92,17.4177003496495,4
88,93,17.626066812744,4
88,94,17.5522987945278,4
88,95,16.9015794946817,4
88,96,17.5873231830047,4
88,97,17.3991268443358,4
88,98,17.6678681462087,4
88,99,17.3682024013973,4
88,100,16.8296217284361,4
89,1,10.9187391208421,8
89,2,8.77876439219487,9
89,3,9.32385229946399,9
89,4,8.71071371410436,9
89,5,11.1972705186871,8
89,6,11.1173722568377,8
89,7,8.97052716049484,9
89,8,10.1668090287213,8
89,9,8.95321523714212,9
89,10,9.18260011616891,9
89,11,11.6884052248948,8
89,12,10.4612462265586,8
89,13,11.4043133287208,8
89,14,9.33331234700733,9
89,15,9.76588368088608,8
89,16,11.2221225967407,8
89,17,9.38091866070223,9
89,18,9.12505917670015,9
89,19,10.3462953318922,9
89,20,8.97045234658057,9
89,21,8.54314032598686,9
89,22,9.13152024957613,9
89,23,8.97053031236219,9
89,24,9.34949736632231,9
89,25,8.47710259662433,9
89,26,10.4315564674455,9
89,27,11.0688188482122,8
89,28,10.419798576007,8
89,29,11.1956863640639,8
89,30,11.1876179998721,8
89,31,9.15482925474041,9
89,32,8.96566078375677,9
89,33,11.5928500822617,8
89,34,9.89625005584219,9
89,35,12.2930124859789,8
89,36,10.3666839339906,8
89,37,16.5018939378471,11
89,38,16.5094584829874,11
89,39,17.360065246341,11
89,40,17.547447270962,11
89,41,16.7054018906932,11
89,42,17.4362728183074,11
89,43,16.8854226720948,11
89,44,17.1474576077953,11
89,45,16.7195364912399,11
89,46,16.7232436678596,11
89,47,16.5260066707271,11
89,48,17.0172045326228,11
89,49,17.3417538443094,11
89,50,17.7391657277638,11
89,51,8.64173928255309,9
89,52,9.57323190914363,9
89,53,8.36372496696393,9
89,54,8.67197911497817,9
89,55,9.56229449287185,9
89,56,8.93085336688096,9
89,57,11.5509744926373,8
89,58,10.535239694517,8
89,59,11.9698729326029,8
89,60,10.8923968674107,8
89,61,10.4943625756894,8
89,62,10.8865231045909,8
89,63,10.9602778643259,8
89,64,10.9873788367966,8
89,65,7.86193591793802,9
89,66,11.7877853820757,8
89,67,10.5933204954864,8
89,68,10.219409922723,8
89,69,10.3009966983964,8
89,70,10.5697814349672,8
89,71,9.03787258321803,9
89,72,9.5425466955204,9
89,73,10.4668721328934,8
89,74,11.1999554137453,8
89,75,8.88357981768356,9
89,76,8.80602477508871,9
89,77,8.19331096980325,9
89,78,8.44958230817373,9
89,79,9.03151972535932,9
89,80,8.49916063529562,9
89,81,9.23302143928666,9
89,82,9.36634978125549,9
89,83,9.04187585223928,9
89,84,9.08731498870759,9
89,85,10.8246123548622,8
89,86,9.355409724942,9
89,87,11.7726319059093,8
89,88,9.2181562703297,9
89,89,8.56493307473128,9
89,90,10.9567277469089,8
89,91,11.7410821716343,8
89,92,9.09526900235964,9
89,93,7.80807461595511,9
89,94,8.91710469837983,9
89,95,8.03630861435136,9
89,96,8.81899926899456,9
89,97,11.5753488531759,8
89,98,9.25891758923232,2
89,99,9.77910881045423,2
89,100,10.2403227868185,2
90,1,16.9302591333083,11
90,2,8.13889119713379,9
90,3,8.98551703377274,9
90,4,8.46608604433914,9
90,5,8.72191812658176,9
90,6,9.55113651207715,9
90,7,8.81038624000901,9
90,8,6.38741331951201,10
90,9,7.7054721933021,10
90,10,6.95551024745896,10
90,11,5.85811736275769,10
90,12,6.61782249903251,10
90,13,6.73415098293497,10
90,14,8.00915725841848,10
90,15,5.99472221331568,10
90,16,7.58529611958844,10
90,17,7.49990851637779,10
90,18,6.33737429514219,10
90,19,6.52630048875786,10
90,20,7.05172618941085,10
90,21,6.67895243263485,10
90,22,7.09882470853482,10
90,23,6.46665338717053,10
90,24,7.23287249778784,10
90,25,7.69718288699178,10
90,26,8.04803190145931,10
90,27,6.49525347651616,10
90,28,7.05594375110885,10
90,29,6.98635444623724,10
90,30,7.48406212766767,10
90,31,7.6424113714656,10
90,32,7.07463328940981,10
90,33,6.85073618775869,10
90,34,7.31051388470228,10
90,35,6.96414127852778,10
90,36,7.27083806751511,10
90,37,7.05028385309173,10
90,38,6.73305791656777,10
90,39,7.5862800622014,10
90,40,7.02093788479815,10
90,41,6.27714895714669,10
90,42,6.93348714247642,10
90,43,7.5809848490256,10
90,44,6.35126772126596,10
90,45,6.50413835484361,10
90,46,6.95209818309448,10
90,47,6.87459447099303,10
90,48,6.53099661781134,10
90,49,6.9782173443032,10
90,50,7.35934166629063,10
90,51,6.54021077832473,10
90,52,6.61740318483648,10
90,53,7.29911713756027,10
90,54,7.08273445810244,10
90,55,6.99787980828466,10
90,56,7.04476680564929,10
90,57,6.5416298365445,10
90,58,6.50342110785888,10
90,59,6.56774415751096,10
90,60,6.79178852167844,10
90,61,6.60843042023024,10
90,62,7.16622089636597,10
90,63,6.82781374859973,10
90,64,6.42561718677994,10
90,65,6.30608307847763,10
90,66,7.13501018081073,10
90,67,6.76120411460184,10
90,68,7.57497150775039,10
90,69,6.45279799113831,10
90,70,7.04829277289846,10
90,71,7.0305500702024,10
90,72,6.40737896706366,10
90,73,6.3009879413438,10
90,74,6.92515157658254,10
90,75,7.17805004795444,10
90,76,6.97180365556993,10
90,77,7.09574389996378,10
90,78,7.09517657015873,10
90,79,6.44339430709664,10
90,80,7.23437526326416,10
90,81,7.35903914182644,10
90,82,8.18374578394682,10
90,83,7.07120572730129,10
90,84,7.36227261098157,10
90,85,6.40608818043495,10
90,86,9.30400436213743,9
90,87,10.8533105778482,8
90,88,11.7328719941877,8
90,89,10.1380098351236,8
90,90,11.4536785643757,8
90,91,10.3977723007404,8
90,92,9.08514883375251,9
90,93,8.18496813071747,9
90,94,9.30925192115171,9
90,95,9.41885166095273,9
90,96,10.2140182933729,8
90,97,10.0358476160716,8
90,98,11.2826027486544,8
90,99,10.711191432615,8
90,100,11.2057668553714,8
91,1,18.9507830235074,5
91,2,18.8650140245533,5
91,3,19.2726820382752,5
91,4,19.7818018212494,5
91,5,18.8469819126258,5
91,6,19.0539302138366,5
91,7,19.2915415752401,5
91,8,19.168056362136,5
91,9,19.2381830113901,5
91,10,18.2440126356894,5
91,11,19.472851866164,5
91,12,18.9040966308962,5
91,13,19.1573268626073,5
91,14,19.1484277713069,5
91,15,19.8453805212919,5
91,16,19.9598264869048,5
91,17,18.4451197126866,5
91,18,19.5194564560617,5
91,19,19.1260493672223,5
91,20,19.5031759156654,5
91,21,18.4516464193813,5
91,22,18.528350982154,5
91,23,19.6616390570483,5
91,24,18.2518647465697,5
91,25,18.8750231279724,5
91,26,19.159301640307,5
91,27,18.3581446630611,5
91,28,19.7090540788311,5
91,29,18.9047213047885,5
91,30,19.0023274139745,5
91,31,19.1981838057641,5
91,32,19.0193084701062,5
91,33,19.4566635341214,5
91,34,18.6385235774393,5
91,35,18.8981936493226,5
91,36,19.4908446492083,5
91,37,19.2746865749553,5
91,38,18.6835335803917,5
91,39,19.198502528842,5
91,40,18.8745802453683,5
91,41,19.5286502516154,5
91,42,18.3733745366135,5
91,43,18.9268337864928,5
91,44,18.260238768109,5
91,45,19.8630163331111,5
91,46,18.7102645904002,5
91,47,19.5688055068676,5
91,48,19.2806107923205,5
91,49,18.6530553055408,5
91,50,19.0827585220034,5
91,51,18.2911292309319,5
91,52,20.2235394888429,5
91,53,18.8414415322418,5
91,54,18.9740866890158,5
91,55,18.7449591947388,5
91,56,19.0995880888823,5
91,57,18.2698516187575,5
91,58,19.0122713804635,5
91,59,18.4322432895116,5
91,60,18.8976510004021,5
91,61,18.6587623873106,5
91,62,18.524218354307,5
91,63,19.4202386445484,5
91,64,18.6888496960853,5
91,65,18.5896249579416,5
91,66,18.3927415169003,5
91,67,18.6465855751293,5
91,68,18.8564381374463,5
91,69,17.9167774638346,5
91,70,18.1797126856621,5
91,71,18.3731728978094,5
91,72,19.1488675671098,5
91,73,18.8020460679842,5
91,74,18.8874233730196,5
91,75,19.2426965723929,5
91,76,18.5323828431502,5
91,77,18.9650657004245,5
91,78,18.4361951040357,5
91,79,19.1048751715914,5
91,80,19.4165557047726,5
91,81,19.2505668120777,5
91,82,18.1164316087937,5
91,83,18.7852895561334,5
91,84,18.3106308806222,5
91,85,20.2192540239294,5
91,86,19.4683201181223,5
91,87,18.3882210935324,5
91,88,19.7197862463434,5
91,89,19.670371408248,5
91,90,18.5485294548065,5
91,91,18.8719014105339,5
91,92,18.4135645070959,5
91,93,19.6838087494663,5
91,94,19.2041453753694,5
91,95,19.1205606819184,5
91,96,18.3774855435858,5
91,97,18.7808131718676,5
91,98,18.9003117753942,5
91,99,18.5076797478557,5
91,100,18.6131352000234,5
92,1,15.1565616683273,3
92,2,15.7560431345982,3
92,3,16.0184391062368,3
92,4,14.7999315205174,3
92,5,15.558601771639,3
92,6,14.3319889107655,3
92,7,14.4656308998799,3
92,8,13.3219556692213,6
92,9,12.9930368261232,6
92,10,12.665796115801,6
92,11,13.6572483423525,6
92,12,14.2295444280119,6
92,13,12.9766303214051,6
92,14,13.3953449256727,6
92,15,13.019189145559,6
92,16,12.764344177469,6
92,17,13.3547204196898,6
92,18,14.8069544778186,3
92,19,15.3080341256401,3
92,20,15.0727002109154,3
92,21,15.3542026943964,3
92,22,13.0945830794084,6
92,23,13.5684216060859,6
92,24,16.0968786170951,3
92,25,14.6086624740259,3
92,26,13.0880773029278,6
92,27,12.7114640868661,6
92,28,12.9006722884141,6
92,29,15.2518084264785,3
92,30,15.4880398191046,3
92,31,14.7711254503834,3
92,32,14.9411530402368,3
92,33,14.4539597796254,3
92,34,13.2847482363075,3
92,35,13.9699279315107,6
92,36,12.6998536021662,6
92,37,13.0934027513569,6
92,38,12.4220487385419,6
92,39,13.036910445783,6
92,40,11.8968036817934,6
92,41,13.6653588223444,6
92,42,12.6618134316988,6
92,43,12.5435189611424,6
92,44,15.095965871361,3
92,45,15.4780089876399,3
92,46,15.132703734271,3
92,47,14.7324026366063,3
92,48,14.7720066148179,3
92,49,14.1926078197574,3
92,50,14.9277397017622,3
92,51,14.72534812383,3
92,52,14.4803144732407,3
92,53,16.0015306985853,3
92,54,15.6647002647531,3
92,55,14.2333623634737,3
92,56,15.7773889436522,3
92,57,14.6659725889797,3
92,58,14.939973005811,3
92,59,14.7352184748367,3
92,60,14.2472306590238,3
92,61,15.1122308867515,3
92,62,16.1802812711865,4
92,63,16.8481447735609,4
92,64,17.6296029562282,4
92,65,17.4972660593869,4
92,66,16.6577445293348,4
92,67,16.7309435906813,4
92,68,17.4204488216291,4
92,69,16.9021199571509,4
92,70,17.4282955827909,4
92,71,14.2441018498524,3
92,72,15.7697611493264,3
92,73,15.2994638174043,3
92,74,14.8558588384397,3
92,75,14.4334906781344,3
92,76,15.7273266349326,3
92,77,15.2404481462277,3
92,78,15.8495905762148,3
92,79,14.5872004135177,3
92,80,14.9472187459503,3
92,81,14.7877401422221,3
92,82,14.9456719098337,3
92,83,14.7375771967664,3
92,84,15.2664297404426,3
92,85,14.6909148435525,3
92,86,14.7376091668931,3
92,87,14.9923782210855,3
92,88,16.0202496777857,3
92,89,14.6222555409022,3
92,90,14.5525967604568,3
92,91,15.2283983413863,3
92,92,14.420738733282,3
92,93,14.5313633848702,3
92,94,14.8456741888901,3
92,95,15.3101355615505,3
92,96,14.9070320228484,3
92,97,14.8286574863404,3
92,98,15.8446797619938,3
92,99,13.0922756200172,6
92,100,13.9306706535904,6
93,1,15.0171884830402,3
93,2,15.0457028357572,3
93,3,14.8342110602295,3
93,4,14.6013102386033,3
93,5,16.0845615701558,4
93,6,16.7389218704668,4
93,7,17.3859364123807,4
93,8,17.4155825572501,4
93,9,17.1878798253484,4
93,10,16.6603184796225,4
93,11,16.5693971632988,4
93,12,16.1203341970989,4
93,13,18.1258485279931,4
93,14,17.4813743527446,4
93,15,16.6272919879741,4
93,16,16.9420928564743,4
93,17,17.6611486804328,4
93,18,17.4429383322204,4
93,19,16.6657617053406,4
93,20,16.2515124700822,4
93,21,15.1776153092723,3
93,22,15.3642411201095,3
93,23,14.6085118185972,3
93,24,15.3364868455825,3
93,25,14.6370084922048,3
93,26,14.8812839506257,3
93,27,14.4770836962123,3
93,28,15.4832515055149,3
93,29,14.7589682388364,3
93,30,15.3451394654602,3
93,31,14.897409276194,3
93,32,14.6589617200653,3
93,33,15.4329876542513,3
93,34,15.1019139608152,3
93,35,16.9064973343711,4
93,36,17.098573560787,4
93,37,16.6256314608332,4
93,38,17.0756024538786,4
93,39,16.7417209274362,4
93,40,17.5768994074798,4
93,41,17.156596848728,4
93,42,17.5239281478455,4
93,43,16.1322253775507,4
93,44,17.5169201671255,4
93,45,16.5879727542052,4
93,46,17.2110471025028,4
93,47,17.5855124051075,4
93,48,14.0665472817842,3
93,49,15.2713824530454,3
93,50,14.2813325474755,3
93,51,14.2272925911685,3
93,52,14.851128855549,3
93,53,14.9055174257258,3
93,54,15.5778650827268,3
93,55,15.2952372491468,3
93,56,13.0848599726325,6
93,57,13.1365749134779,6
93,58,13.9730063788366,6
93,59,12.3138525447908,6
93,60,12.9301524443887,6
93,61,13.8739684921103,6
93,62,13.0850735496419,6
93,63,13.040506081274,6
93,64,13.5782404921149,6
93,65,13.8617943532507,6
93,66,13.0163183037799,6
93,67,12.4439378638926,6
93,68,12.2838561144617,6
93,69,12.5580981579522,6
93,70,12.4009008310587,6
93,71,13.859570064017,6
93,72,14.5827955210426,3
93,73,15.1771406087589,3
93,74,15.1901618587982,3
93,75,14.8347745670244,3
93,76,15.0654924494822,3
93,77,16.8231767177321,4
93,78,17.9386745228911,4
93,79,16.7282677499198,4
93,80,16.2058173924961,4
93,81,18.3695571133921,4
93,82,16.7370901551355,4
93,83,16.7607121292531,4
93,84,17.5967564404569,4
93,85,16.7674809537718,4
93,86,17.0711464194181,4
93,87,16.220416899328,4
93,88,17.5732570184941,4
93,89,17.5007134515747,4
93,90,17.1437411495657,4
93,91,16.9962485642137,4
93,92,17.6504105727153,4
93,93,17.3214926282009,4
93,94,16.9849081144909,4
93,95,17.3010758083922,4
93,96,16.8764228976652,4
93,97,17.2567381966384,4
93,98,16.9525597834443,4
93,99,16.6484102374804,4
93,100,16.8712257762111,4
94,1,12.9594276770263,6
94,2,13.2662780594259,6
94,3,13.4062553930759,6
94,4,12.8974924640184,6
94,5,15.6073033605554,3
94,6,14.5973925725082,3
94,7,14.9208575429068,3
94,8,15.7418286293815,3
94,9,14.3675121151176,3
94,10,14.1716005404867,6
94,11,13.3588088356981,6
94,12,12.7298033651826,6
94,13,13.7137422859407,6
94,14,14.252391314045,6
94,15,12.5783206324178,6
94,16,12.6953945684058,6
94,17,13.1953648310166,6
94,18,12.677695973726,6
94,19,13.8228402592142,6
94,20,13.4790760686578,3
94,21,12.7496292277455,6
94,22,13.0114369966337,6
94,23,15.4801025756275,3
94,24,13.1975942921606,6
94,25,13.7386741508032,6
94,26,14.4928942401953,3
94,27,15.2613623006721,3
94,28,14.7651086773473,3
94,29,14.8286684721156,3
94,30,14.9212334363125,3
94,31,15.3322170918598,3
94,32,14.1216345671055,3
94,33,15.2046931336124,3
94,34,12.5365614119468,6
94,35,12.5179204361941,6
94,36,13.0861575834704,6
94,37,14.306811882208,3
94,38,15.2340792950613,3
94,39,15.1857000442418,3
94,40,15.1742198573743,3
94,41,14.981715187103,3
94,42,14.1945320556704,3
94,43,15.2718137572595,3
94,44,13.7049092697555,3
94,45,15.5818763701101,3
94,46,15.9465935760117,3
94,47,14.6948414010528,3
94,48,14.9709259093657,3
94,49,13.1853790813423,6
94,50,13.2592905437433,6
94,51,12.465028993913,6
94,52,12.9465983803181,6
94,53,13.4698998113986,6
94,54,12.9835224470087,6
94,55,12.9645859242328,6
94,56,13.5123553985911,6
94,57,13.4491674951978,6
94,58,13.8291326211156,3
94,59,14.4677458707539,3
94,60,14.7292091619276,3
94,61,14.6166327719203,3
94,62,14.5759616994456,3
94,63,17.0783153748184,4
94,64,16.6040458624658,4
94,65,17.0061637678722,4
94,66,17.2695456754492,4
94,67,16.3365685000748,4
94,68,16.9419857223901,4
94,69,16.312997080087,4
94,70,14.2392436583002,3
94,71,14.6336484342225,3
94,72,15.1422689515637,3
94,73,15.2157009279304,3
94,74,14.9384454394615,3
94,75,13.5167315155698,6
94,76,12.1779997250513,6
94,77,12.5495067715418,6
94,78,12.7758205323233,6
94,79,13.2219516871321,6
94,80,13.3284384139285,6
94,81,12.6364302614382,6
94,82,12.3919064548317,6
94,83,11.9981297819075,6
94,84,13.0521079541541,6
94,85,13.212049977866,6
94,86,12.4871696187829,6
94,87,12.8393618507233,6
94,88,13.1283125701059,6
94,89,12.5534965987562,6
94,90,12.849153044823,6
94,91,12.6249489884287,6
94,92,12.9901956311926,6
94,93,14.342546090706,6
94,94,13.0654108673687,6
94,95,15.3787430335176,3
94,96,14.6193498924244,3
94,97,15.7108421534124,3
94,98,14.9020778974652,3
94,99,15.0337020958329,3
94,100,15.0965430189259,3
95,1,14.7174241722751,7
95,2,13.8185336630267,7
95,3,13.9247272692346,7
95,4,13.8807712879176,7
95,5,14.4573111708937,7
95,6,13.8736986875887,7
95,7,13.676418942907,7
95,8,13.4316838731903,7
95,9,13.7625023345195,7
95,10,13.5358612029346,7
95,11,14.3135119244615,7
95,12,13.9074530860945,7
95,13,13.4891283574188,7
95,14,12.9676456995109,7
95,15,13.7412053390575,7
95,16,14.2265154848086,7
95,17,13.8133383980117,7
95,18,13.5164793878746,7
95,19,13.8300888118785,7
95,20,14.80344041481,7
95,21,14.2587918492743,7
95,22,13.927728858155,7
95,23,13.2015863422297,7
95,24,14.2494166934358,7
95,25,13.6365924349687,7
95,26,14.0389955781355,7
95,27,13.2758036466487,7
95,28,14.8070367712692,7
95,29,14.0839715875299,7
95,30,13.5898411421963,7
95,31,14.0351703568074,7
95,32,14.2448112620686,7
95,33,14.1215009400227,7
95,34,13.8329265350178,7
95,35,13.7618963124173,7
95,36,13.6023539479957,7
95,37,14.6414918598892,7
95,38,14.5192590104793,7
95,39,14.8718296612053,7
95,40,14.2637581268611,7
95,41,13.6150994194895,7
95,42,14.5682894341576,7
95,43,14.0475547219245,7
95,44,14.9079730604766,7
95,45,14.825698009771,7
95,46,13.7706733591842,7
95,47,14.0811763994701,7
95,48,13.5933913873302,7
95,49,14.5081805212692,7
95,50,13.4743086734579,7
95,51,13.1613381106876,7
95,52,14.1045980364723,7
95,53,12.9844243598192,7
95,54,14.1313878511838,7
95,55,14.1985177699246,7
95,56,13.1734219066553,7
95,57,14.3009039791199,7
95,58,13.936261257572,7
95,59,13.5711951154697,7
95,60,13.9137680962508,7
95,61,13.8890613798187,7
95,62,14.1100231835987,7
95,63,14.0751564829041,7
95,64,14.1358214782993,7
95,65,13.4932555746088,7
95,66,14.02605318987,7
95,67,13.6795966535722,7
95,68,14.2417737938567,7
95,69,13.5867756370862,7
95,70,13.339305716289,7
95,71,13.8468872174825,7
95,72,13.8242609177216,7
95,73,13.8226415324211,7
95,74,13.4102847808276,7
95,75,13.2213810983284,7
95,76,13.3805408544871,7
95,77,13.8292980099849,7
95,78,13.1813355862071,7
95,79,13.8194579051718,7
95,80,14.3067455739625,7
95,81,14.3190697226561,7
95,82,13.4198454905745,7
95,83,14.1582173745246,7
95,84,14.2194587658344,7
95,85,14.0118937632248,7
95,86,13.84707179527,7
95,87,14.2855007995699,7
95,88,13.9389106794679,7
95,89,13.6604661316222,7
95,90,15.0860362558826,7
95,91,14.2891250434185,7
95,92,15.1775816181912,7
95,93,14.3822045949478,7
95,94,14.1824446103842,7
95,95,13.1649088236288,7
95,96,14.2579990157614,7
95,97,13.8531463017373,7
95,98,14.3468443068262,7
95,99,14.2664375987834,7
95,100,14.2193193178491,7
96,1,10.3292335337667,2
96,2,10.1294675547233,2
96,3,9.75884452280243,2
96,4,10.2334504914521,2
96,5,10.0509839027479,2
96,6,9.40397383586518,2
96,7,10.1706664329882,2
96,8,9.66779869366689,2
96,9,10.286294877433,2
96,10,10.3957053872794,2
96,11,9.88244503552503,2
96,12,9.54169577675199,2
96,13,10.0768095686924,2
96,14,10.614115179753,2
96,15,9.87134035366996,2
96,16,10.0361170026084,2
96,17,9.26866890087832,2
96,18,10.4851409126031,2
96,19,10.6080237057595,2
96,20,10.3949395029613,2
96,21,10.9114854089672,2
96,22,9.39408466689904,2
96,23,9.71115354978338,2
96,24,9.08838700973435,2
96,25,9.28950260301406,2
96,26,10.628375287661,2
96,27,9.84572596794573,2
96,28,9.69228857846965,2
96,29,9.62842188543653,2
96,30,10.3515839082217,2
96,31,9.41310913789311,2
96,32,10.2513597479682,2
96,33,10.7244160472786,2
96,34,10.0375738507175,2
96,35,9.50206851012506,2
96,36,10.13520115415,2
96,37,9.36431377462303,2
96,38,9.67587899966065,2
96,39,9.39243235483803,2
96,40,9.94793450552503,2
96,41,9.82070734637971,2
96,42,9.66350147897433,2
96,43,10.8534127389897,2
96,44,10.1791459201528,2
96,45,9.83147375328694,2
96,46,9.9518487005703,2
96,47,10.2863749676572,2
96,48,10.2035440900279,2
96,49,10.0757952059728,2
96,50,9.82407245143086,2
96,51,10.4400531103587,2
96,52,8.9155474903738,2
96,53,10.0351149391383,2
96,54,10.0913180746732,2
96,55,9.49853318905965,2
96,56,9.65423121349713,2
96,57,10.481984872432,2
96,58,9.96908738372555,2
96,59,10.711593149745,2
96,60,10.0315223059466,2
96,61,10.1136627097946,2
96,62,9.2993786884019,2
96,63,9.24046822210708,2
96,64,10.7460395405046,2
96,65,9.79027816439075,2
96,66,9.71181400852539,2
96,67,10.1243052747108,2
96,68,10.0486797421342,2
96,69,9.39481036247518,2
96,70,10.2491726778607,2
96,71,10.6461202994912,2
96,72,10.2282317002704,2
96,73,10.2485394618334,2
96,74,9.73925364335681,2
96,75,10.4297524985373,2
96,76,9.91772093234751,2
96,77,10.0874078534213,2
96,78,10.2426121317612,2
96,79,10.2866253267894,2
96,80,10.1140109813987,2
96,81,10.0426533957284,2
96,82,9.00972698327825,2
96,83,9.93604252915657,2
96,84,9.47938230733204,2
96,85,9.91838434366134,2
96,86,9.89323621466702,2
96,87,9.75703336228467,2
96,88,9.5235251225073,2
96,89,10.0527817603383,2
96,90,9.63855582992782,2
96,91,9.97776564343707,2
96,92,10.5091676797799,2
96,93,9.86875416687828,2
96,94,10.3154597253007,2
96,95,10.6328350809721,2
96,96,9.44169853531378,2
96,97,10.4875184810411,2
96,98,10.0041491533982,2
96,99,9.7026395841426,2
96,100,9.84309902182319,2
97,1,16.7075253935991,11
97,2,16.8647562211404,11
97,3,17.1090733861108,11
97,4,17.4041561060905,11
97,5,17.5327411012163,11
97,6,16.9382429541941,11
97,7,16.7247248981126,11
97,8,16.6151553452291,11
97,9,17.6448007800011,11
97,10,17.0475368056256,11
97,11,17.2995514832857,11
97,12,17.1200779339109,11
97,13,17.2122032697056,11
97,14,16.3558916720511,11
97,15,17.0895046316396,11
97,16,16.5694282949752,11
97,17,17.2194672388989,11
97,18,17.4868895388633,11
97,19,17.0095092333849,11
97,20,17.100329970685,11
97,21,17.4246374652686,11
97,22,17.2212319855515,11
97,23,17.2148651272257,11
97,24,16.7441462055947,11
97,25,16.6383879986524,11
97,26,17.1817007447671,11
97,27,16.8763900532131,11
97,28,16.8566092466297,11
97,29,17.2285225787215,11
97,30,16.4452331797931,11
97,31,17.4729579507509,11
97,32,17.3657173455563,11
97,33,17.0635353307249,11
97,34,17.0564512803426,11
97,35,16.9161684275932,11
97,36,7.89518887813697,9
97,37,11.583758256158,8
97,38,11.1921840866671,8
97,39,11.8478173853348,8
97,40,12.1156712104737,8
97,41,11.8530722676801,8
97,42,11.286468902452,8
97,43,11.1175525848528,8
97,44,11.3637735702399,8
97,45,10.5542334144487,8
97,46,11.334584331227,8
97,47,8.299786485423,9
97,48,11.0193195797249,8
97,49,11.5167315988039,8
97,50,10.9429806224746,8
97,51,10.5136271274682,8
97,52,8.95754457269132,9
97,53,8.22759541201017,9
97,54,8.92008311409454,9
97,55,8.33988406417121,9
97,56,10.8035114347457,8
97,57,11.8097185777649,8
97,58,8.87158151937715,9
97,59,8.84198194544276,9
97,60,8.67360030345739,9
97,61,8.92524503029673,9
97,62,9.52735349729752,9
97,63,11.0362353877123,8
97,64,11.2351638789048,8
97,65,11.0889568870585,8
97,66,10.7801642280748,8
97,67,10.6217026115847,8
97,68,11.2128173730807,8
97,69,11.0984325448846,8
97,70,11.4215875286216,8
97,71,11.9019237620594,8
97,72,11.5867600757576,8
97,73,10.4042937679618,8
97,74,17.4366165252332,11
97,75,16.8387723670432,11
97,76,17.5093063417965,11
97,77,16.6129763291039,11
97,78,16.6594959644801,11
97,79,17.617351061779,11
97,80,10.9452079676819,8
97,81,10.8655582396324,8
97,82,17.9781702415586,11
97,83,17.7421128580306,11
97,84,16.3401595829069,11
97,85,17.8460955321532,11
97,86,17.5666453458354,11
97,87,17.9564129249277,11
97,88,10.413032138819,8
97,89,10.2352381846866,8
97,90,10.8321147604462,8
97,91,16.5429601888794,11
97,92,16.7871338079429,11
97,93,17.456126513944,11
97,94,17.3057446789443,11
97,95,16.9699009292417,11
97,96,16.9041911480918,11
97,97,17.3751045625987,11
97,98,17.0778588271857,11
97,99,16.7659273455273,11
97,100,16.4263495682624,11
98,1,14.462025138396,3
98,2,12.6838775514673,6
98,3,12.82480787211,6
98,4,15.3285467723379,3
98,5,15.9837702879764,3
98,6,14.9480381175475,3
98,7,15.1865527277873,3
98,8,15.4105362689034,3
98,9,12.6980326659894,6
98,10,13.6469707489622,6
98,11,12.8265130704384,6
98,12,12.0453566785856,6
98,13,14.1522950570531,3
98,14,14.4601746679947,3
98,15,13.0988531513007,6
98,16,12.3955239950256,6
98,17,13.0534113065655,6
98,18,13.012624190876,6
98,19,14.5734127368127,3
98,20,15.3044009150901,3
98,21,15.0376570840659,3
98,22,14.7685301440403,3
98,23,14.4763906241912,3
98,24,14.6232642551928,3
98,25,14.4126743831563,3
98,26,13.451800890738,3
98,27,15.0486363140593,3
98,28,14.7683089804704,3
98,29,15.0044827649389,3
98,30,13.7992072508725,6
98,31,12.9311607587498,6
98,32,13.004002973955,6
98,33,13.3161309103345,6
98,34,12.9966514853276,6
98,35,12.7496609923819,6
98,36,12.8186672062143,6
98,37,13.0215095697993,6
98,38,12.9632418394937,6
98,39,12.2610546806034,6
98,40,12.4324643416933,6
98,41,12.7662265720224,6
98,42,13.1735299326452,6
98,43,12.3581263453689,6
98,44,12.6170199672135,6
98,45,12.8944700199094,6
98,46,14.3600658581979,3
98,47,14.8551614773756,3
98,48,14.6296469299918,3
98,49,15.6313520960459,3
98,50,14.4383370106209,3
98,51,14.9261185835039,3
98,52,15.0847981130884,3
98,53,16.6629277616374,4
98,54,16.8409472901547,4
98,55,16.9930173078777,4
98,56,17.1012033278333,4
98,57,17.0221803276365,4
98,58,16.3272694275373,4
98,59,16.6723644497093,4
98,60,16.3179660860235,4
98,61,17.9914943721749,4
98,62,15.5255130102504,4
98,63,17.2620738889064,4
98,64,17.8892304479667,4
98,65,16.6125865725652,4
98,66,17.0782053015266,4
98,67,12.5750146253623,6
98,68,13.1580554203637,6
98,69,12.7380251028891,6
98,70,12.8779174074109,6
98,71,13.7486837541393,6
98,72,13.4079653372907,6
98,73,13.0292687210863,6
98,74,13.1249314874078,6
98,75,12.1862474291997,6
98,76,12.7028499431001,6
98,77,13.337324806779,6
98,78,16.5359042935544,4
98,79,16.6110600534641,4
98,80,16.4911794228494,4
98,81,16.5469837186033,4
98,82,16.58469006989,4
98,83,16.765828022269,4
98,84,16.3962025928187,4
98,85,17.1549982290049,4
98,86,18.3896123142874,4
98,87,16.7881552465246,4
98,88,16.9096039518754,4
98,89,17.5685203034178,4
98,90,16.2091606107828,4
98,91,17.354370991124,4
98,92,16.747138166151,4
98,93,17.217201834924,4
98,94,17.0588962217555,4
98,95,16.0717979766092,4
98,96,17.3567007603631,4
98,97,17.0253290773564,4
98,98,16.7122443496172,4
98,99,17.1561763473769,4
98,100,17.5702031733188,4
99,1,17.3890816717328,4
99,2,16.457389076143,4
99,3,16.3469877345167,4
99,4,17.4805744636462,4
99,5,16.5521761483495,4
99,6,17.0157525757447,4
99,7,19.7240879915293,5
99,8,19.1145977226694,5
99,9,19.1677584542405,5
99,10,19.8005568201547,5
99,11,18.6268607846577,5
99,12,18.79797407072,5
99,13,19.2989402485661,5
99,14,18.8863452205932,5
99,15,18.3125661924694,5
99,16,18.3591991101829,5
99,17,18.8838661462047,5
99,18,19.1068930516326,5
99,19,18.5061180318258,5
99,20,18.7906075752871,5
99,21,18.6416955711035,5
99,22,19.0294683470852,5
99,23,18.7556972096736,5
99,24,19.1460868825699,5
99,25,19.007558948014,5
99,26,20.2289991633159,5
99,27,18.6384742308943,5
99,28,18.2207767756448,5
99,29,17.9413525372005,5
99,30,18.8149446496522,5
99,31,19.1821476246755,5
99,32,18.6361570505644,5
99,33,18.7124724494742,5
99,34,19.3420416188941,5
99,35,18.5248981698866,5
99,36,18.7567294078993,5
99,37,18.747567932254,5
99,38,19.0438267767378,5
99,39,18.8506221217875,5
99,40,19.4899127855999,5
99,41,19.6782740545434,5
99,42,19.3864232574137,5
99,43,18.8847225186867,5
99,44,19.4110295745276,5
99,45,18.8471382203671,5
99,46,19.2509406492327,5
99,47,18.7115271215342,5
99,48,19.0646751637424,5
99,49,18.1835072800661,5
99,50,18.7449067456542,5
99,51,18.8827036431719,5
99,52,18.1224481425283,5
99,53,17.4177176531527,5
99,54,19.1205439413873,5
99,55,18.8053044652233,5
99,56,18.4130163502305,5
99,57,18.8627299578006,5
99,58,18.7038490970771,5
99,59,18.3364128735241,5
99,60,18.8392386132586,5
99,61,19.1485391536371,5
99,62,19.1405662014478,5
99,63,19.2754108097372,5
99,64,19.0209690305953,5
99,65,18.3275520125686,5
99,66,18.4200768384,5
99,67,18.5598363333696,5
99,68,19.4545323016695,5
99,69,19.3384275061494,5
99,70,19.3729566327811,5
99,71,19.1324767021819,5
99,72,19.4518859583577,5
99,73,19.361708013217,5
99,74,19.1013380320171,5
99,75,19.3697791058857,5
99,76,19.9950500711063,5
99,77,19.5991336708914,5
99,78,19.0080153417237,5
99,79,18.7370135455189,5
99,80,19.299178268324,5
99,81,19.3220476588894,5
99,82,19.2690450798043,5
99,83,19.1482901414094,5
99,84,19.891742193861,5
99,85,19.9776553278358,5
99,86,18.7198265852701,5
99,87,19.3330293938254,5
99,88,18.4527639996609,5
99,89,18.7675885802891,5
99,90,18.8404487822119,5
99,91,19.3676447251107,5
99,92,20.0360418405342,5
99,93,18.501829075784,5
99,94,18.6592354069142,5
99,95,18.9916851674141,5
99,96,18.2879251148739,5
99,97,19.6373203203782,5
99,98,19.1249546214372,5
99,99,19.1648056139112,5
99,100,18.5381911812414,5
100,1,-0.257551041937718,1
100,2,0.288719028591236,1
100,3,0.713988148226679,1
100,4,0.115256743898558,1
100,5,0.224331493533315,1
100,6,-0.210262342238311,1
100,7,0.353659692629832,1
100,8,-0.0329391384121917,1
100,9,-0.0367863852726446,1
100,10,0.268569842263769,1
100,11,-0.0999964880934532,1
100,12,0.145530920882189,1
100,13,-0.0958105323675481,1
100,14,-0.914988153641563,1
100,15,-0.53202548891322,1
100,16,-0.386667552109362,1
100,17,-0.942449246500207,1
100,18,0.199792396967722,1
100,19,-0.11942674147343,1
100,20,-0.394909079666392,1
100,21,0.344033230560428,1
100,22,0.404964222815999,1
100,23,-0.154712591941213,1
100,24,-0.70512043559052,1
100,25,-0.295802148131521,1
100,26,0.216324871671648,1
100,27,0.0335288005628226,1
100,28,-0.0990859103053134,1
100,29,-0.865426081572463,1
100,30,-0.664810431549714,1
100,31,0.230015565993171,1
100,32,0.218565273831887,1
100,33,0.646925717313047,1
100,34,-0.266031928420343,1
100,35,0.442266137684001,1
100,36,0.286299860137651,1
100,37,0.207127250227108,1
100,38,0.693147250374724,1
100,39,-0.285372774740736,1
100,40,0.280125041841431,1
100,41,0.239086097322676,1
100,42,0.199455606859925,1
100,43,0.0545909984008361,1
100,44,0.310386647530467,1
100,45,0.193084237013041,1
100,46,-0.512043700886178,1
100,47,-1.23824021828403,1
100,48,-0.260804730810113,1
100,49,0.401280816028012,1
100,50,0.252559832615729,1
100,51,-0.0989244642329797,1
100,52,0.197898978024394,1
100,53,-0.584769640749985,1
100,54,0.103703173386612,1
100,55,0.0467605339558477,1
100,56,0.803311928020308,1
100,57,-1.0011107896028,1
100,58,0.334541229552868,1
100,59,-0.600003312305565,1
100,60,0.49042926141848,1
100,61,-0.325697637714582,1
100,62,0.582498921767403,1
100,63,0.352571741284928,1
100,64,0.00517124825933741,1
100,65,0.0386152451609018,1
100,66,0.407098466986055,1
100,67,0.917881808579913,1
100,68,0.203520366541506,1
100,69,-0.482794499994104,1
100,70,0.184503780065375,1
100,71,-0.389791231690527,1
100,72,0.715478788115075,1
100,73,-0.0303298770024883,1
100,74,-0.00766541770443186,1
100,75,-0.171595939354479,1
100,76,-0.435589840408211,1
100,77,0.768198763743685,1
100,78,-0.0543908357755566,1
100,79,-0.673740355976222,1
100,80,0.596939438472292,1
100,81,-0.264981354972956,1
100,82,0.285511486712666,1
100,83,0.215755646556285,1
100,84,0.781126014845407,1
100,85,-0.0859418635349159,1
100,86,0.227265132518721,1
100,87,-0.515133766357432,1
100,88,0.501908093723779,1
100,89,-0.214529666017268,1
100,90,0.333654456943292,1
100,91,0.735222941088757,1
100,92,0.254043206528165,1
100,93,-0.0947686097550608,1
100,94,0.414626610458133,1
100,95,0.590621746561186,1
100,96,0.0546188077423899,1
100,97,0.757481051692155,1
100,98,-0.673170576901416,1
100,99,0.200687309589855,1
100,100,-0.825477219727628,1
