"SAMPLE_CODE","TRACK_TIME_SEC","SR_87_86","Region_ID"
1,1,13.5470777609726,7
1,2,14.9001034582438,7
1,3,14.1558338606539,7
1,4,14.1574483370017,7
1,5,14.1402932410423,7
1,6,12.9255591778864,7
1,7,14.0955924292809,7
1,8,13.5951459679312,7
1,9,14.3834758272914,7
1,10,14.3413038506944,7
1,11,13.9486800401065,7
1,12,14.2757505615874,7
1,13,13.9453472734947,7
1,14,13.2959637463713,7
1,15,13.7652690970095,7
1,16,13.3445100399471,7
1,17,14.2383679709322,7
1,18,14.2849122688506,7
1,19,13.8273663898674,7
1,20,14.5283349946196,7
1,21,14.9462806054993,7
1,22,13.4940451931129,7
1,23,13.9098728571512,7
1,24,13.3270853093891,7
1,25,13.4449027806474,7
1,26,14.0756676648056,7
1,27,13.7317627309728,7
1,28,14.4755951795519,7
1,29,14.0833875568358,7
1,30,13.4446136693637,7
1,31,13.9214431449319,7
1,32,14.0792254103997,7
1,33,13.6187500333899,7
1,34,15.6758809894093,7
1,35,13.6790143528207,7
1,36,14.192755042177,7
1,37,13.9531321232491,7
1,38,13.1614555622422,7
1,39,13.8775122302509,7
1,40,14.6321525157155,7
1,41,14.7120295218198,7
1,42,14.6406140208272,7
1,43,14.4182687047276,7
1,44,14.3595060987374,7
1,45,13.9705729304857,7
1,46,13.8170611814047,7
1,47,13.5956836934976,7
1,48,13.9212671614267,7
1,49,13.1248354161862,7
1,50,14.3881790055314,7
1,51,13.4756747219261,7
1,52,13.7887262425583,7
1,53,14.91930017545,7
1,54,15.0067864441395,7
1,55,13.5310719580141,7
1,56,13.6692541029805,7
1,57,14.19398710452,7
1,58,13.6336419480321,7
1,59,13.3663073713828,7
1,60,13.7079321415218,7
1,61,14.1240905961402,7
1,62,13.4067565348062,7
1,63,13.7539622868354,7
1,64,13.9323569077814,7
1,65,14.5189534402526,7
1,66,13.9658386404208,7
1,67,13.4665399573518,7
1,68,14.218202279445,7
1,69,14.1169331894616,7
1,70,13.5769408180481,7
1,71,14.4841799289785,7
1,72,13.9398722468274,7
1,73,14.1473395218349,7
1,74,13.546472454575,7
1,75,13.8159041474308,7
1,76,13.9263946578744,7
1,77,13.772723657701,7
1,78,14.1377191091647,7
1,79,14.280835371789,7
1,80,13.8897293642221,7
1,81,14.8103976109649,7
1,82,13.0400456835924,7
1,83,14.5034478187927,7
1,84,14.503969256608,7
1,85,13.215269662247,7
1,86,13.8318469901849,7
1,87,14.0201449054731,7
1,88,14.5089393901271,7
1,89,14.3242704081074,7
1,90,13.6366960326645,7
1,91,14.0968634265144,7
1,92,13.6432048380085,7
1,93,14.0743148307957,7
1,94,14.2147445025879,7
1,95,14.6519239585296,7
1,96,14.1720058911461,7
1,97,13.9870081139141,7
1,98,13.3471334828794,7
1,99,13.036496570158,7
1,100,13.9170097671191,7
2,1,9.29092106171472,9
2,2,8.30214525125565,9
2,3,10.4043473873576,8
2,4,10.5422012514072,8
2,5,11.1100601088432,8
2,6,17.0198295376534,11
2,7,16.8288754788412,11
2,8,17.5368197341148,11
2,9,17.9333749002848,11
2,10,17.3106393059679,11
2,11,17.6030494084342,11
2,12,17.9107321346018,11
2,13,17.4703688292342,11
2,14,17.5251807882862,11
2,15,16.82353767981,11
2,16,17.2889357667871,11
2,17,16.3820828005256,11
2,18,17.6013419853958,11
2,19,17.8609711629964,11
2,20,10.0603891796776,8
2,21,10.3468560894053,8
2,22,8.49781915350501,9
2,23,9.67688203359537,9
2,24,7.85298699009441,9
2,25,10.4805602740998,8
2,26,12.488729391098,8
2,27,8.59696070887458,9
2,28,9.28582160342473,9
2,29,8.8456767733106,9
2,30,9.17658692084708,9
2,31,9.47012083649599,9
2,32,10.4487498005268,8
2,33,10.9455570293275,8
2,34,10.570430507089,8
2,35,11.314835296498,8
2,36,10.4800969417342,8
2,37,11.9410715656754,8
2,38,11.098718498821,8
2,39,11.1740414668368,8
2,40,11.0023015010983,8
2,41,8.45178044065924,9
2,42,9.84666433710492,9
2,43,9.00530858340542,9
2,44,9.01367790849653,9
2,45,9.79200222165448,9
2,46,10.9604604825397,8
2,47,11.1810234797742,8
2,48,11.3240931234735,8
2,49,10.1673381496019,8
2,50,11.229390911077,8
2,51,11.025796644902,8
2,52,11.0982873821441,8
2,53,10.9750725362319,8
2,54,11.0996600855253,8
2,55,10.4882587540888,8
2,56,10.9585672326998,8
2,57,11.3342363448153,8
2,58,8.7099657809265,9
2,59,10.8905616987972,8
2,60,9.14246390911168,9
2,61,9.29560543996581,9
2,62,8.75810641032033,9
2,63,8.27201138071343,9
2,64,7.71732709230975,9
2,65,8.78669027379463,9
2,66,9.00921421270234,9
2,67,9.10327434316121,9
2,68,8.77276435610646,9
2,69,9.13276000572086,9
2,70,10.5948304850207,8
2,71,10.4942695371941,8
2,72,11.2151613794269,8
2,73,9.97620537402852,9
2,74,8.13892454434676,9
2,75,9.34234900848668,9
2,76,9.10823240527368,9
2,77,8.45085712658717,9
2,78,11.0382080024495,8
2,79,11.7069286365759,8
2,80,9.2572410192647,9
2,81,8.18256165101048,9
2,82,8.34025556264538,9
2,83,10.996966975767,8
2,84,10.762809624026,8
2,85,10.2722387527867,8
2,86,10.6669348647614,8
2,87,10.8995482525957,8
2,88,11.0249840038605,8
2,89,9.37065061987727,9
2,90,10.1730584152555,8
2,91,11.468958106265,8
2,92,9.14086440398679,9
2,93,11.5588475261179,8
2,94,12.0202240295246,8
2,95,11.3922247049549,8
2,96,10.8967110881272,8
2,97,10.8829616544205,8
2,98,10.8478146379032,8
2,99,10.8498479406284,8
2,100,9.13927221082028,9
3,1,16.6453231849059,4
3,2,16.650063135593,4
3,3,16.7725270264885,4
3,4,16.1314094355173,4
3,5,16.7566132129774,4
3,6,18.4044376002351,5
3,7,19.0895432527944,5
3,8,20.0564114558835,5
3,9,19.1273992554358,5
3,10,18.3952428289477,5
3,11,19.1400978114133,5
3,12,19.1841218521212,5
3,13,19.695373063553,5
3,14,19.2508960041595,5
3,15,19.1750146499356,5
3,16,18.376539562603,5
3,17,19.7891908663399,5
3,18,18.389368059605,5
3,19,18.649192454095,5
3,20,19.0397927634464,5
3,21,19.0774532845757,5
3,22,18.9109019231892,5
3,23,17.9820312355833,5
3,24,18.6940553079414,5
3,25,19.5694296490498,5
3,26,19.6677094098417,5
3,27,19.4119345000644,5
3,28,19.1399884307018,5
3,29,18.6924254361321,5
3,30,19.4594414706797,5
3,31,19.2374021209981,5
3,32,19.1992301801074,5
3,33,18.7645032831967,5
3,34,19.5778398893477,5
3,35,19.1501042588656,5
3,36,19.5328603640048,5
3,37,19.1138771371207,5
3,38,19.4206456483944,5
3,39,19.0870818067821,5
3,40,19.3731548339659,5
3,41,18.5360758648771,5
3,42,19.1232424424049,5
3,43,20.2267665456058,5
3,44,17.7044546771453,5
3,45,19.6406594555497,5
3,46,18.8734681566697,5
3,47,18.8806740939057,5
3,48,19.4705359835442,5
3,49,18.9612001728006,5
3,50,19.2294406572172,5
3,51,18.5687588915178,5
3,52,18.2267521493327,5
3,53,18.9249290780629,5
3,54,19.0500175268366,5
3,55,18.0804260669262,5
3,56,18.9379359190401,5
3,57,18.724111986409,5
3,58,18.7792988528893,5
3,59,19.8900338235959,5
3,60,19.6891418185302,5
3,61,19.4314135820996,5
3,62,19.4731498629792,5
3,63,19.3201091804369,5
3,64,18.9911179726363,5
3,65,18.8936296030816,5
3,66,18.3074837994437,5
3,67,19.031811790633,5
3,68,19.6293735718967,5
3,69,18.7339343192053,5
3,70,18.8190099025221,5
3,71,18.9345541330398,5
3,72,19.2351100733194,5
3,73,19.6276761085366,5
3,74,18.4004354768722,5
3,75,19.400907354404,5
3,76,18.6200245747466,5
3,77,18.915664521994,5
3,78,19.84616557898,5
3,79,18.8851340955207,5
3,80,19.3449690027334,5
3,81,19.0531808773984,5
3,82,19.081584630587,5
3,83,18.141818380513,5
3,84,19.8225027616715,5
3,85,19.8942298014673,5
3,86,19.2336343387408,5
3,87,19.1068443799464,5
3,88,19.0830381407392,5
3,89,18.6808631161637,5
3,90,19.1066220716429,5
3,91,20.0124862798385,5
3,92,18.7709740396993,5
3,93,18.5642743182606,5
3,94,19.3464876585539,5
3,95,18.5997322624928,5
3,96,19.330830725714,5
3,97,19.7433750731633,5
3,98,18.9916541059255,5
3,99,18.7609468139377,5
3,100,18.8349948690637,5
4,1,17.0388442807241,4
4,2,17.2322296563265,4
4,3,16.3326093084317,4
4,4,17.2688969002605,4
4,5,16.6729997863238,4
4,6,17.0339219605312,4
4,7,17.1526840195347,4
4,8,16.7232535210085,4
4,9,17.3092706761431,4
4,10,17.3502133426827,4
4,11,17.4890144443835,4
4,12,17.4259110554177,4
4,13,16.8448252084886,4
4,14,16.4036272052702,4
4,15,17.5576162390551,4
4,16,16.8120805962329,4
4,17,17.0500874540394,4
4,18,16.9160415914638,4
4,19,17.5344179578699,4
4,20,15.8783760439437,4
4,21,17.6476922305833,4
4,22,17.202037236412,4
4,23,16.7886653501121,4
4,24,16.8924135429094,4
4,25,17.7967687850111,4
4,26,17.7911149429344,4
4,27,16.6786155985779,4
4,28,17.6917149311196,4
4,29,17.3901060988057,4
4,30,17.1484479439368,4
4,31,15.60881163014,3
4,32,14.6934187350713,3
4,33,15.691873203684,3
4,34,12.7823745731144,6
4,35,12.6839479127568,6
4,36,11.8759292437723,6
4,37,12.7526181016164,6
4,38,15.5822399860581,3
4,39,13.6805261375249,6
4,40,13.0810556632773,6
4,41,14.2156748249512,3
4,42,14.7834942115663,3
4,43,14.1523786972054,3
4,44,15.3795427289882,3
4,45,15.0471088721411,3
4,46,15.1530355558915,3
4,47,14.8697641057111,3
4,48,14.7708736873054,3
4,49,15.5150351838917,3
4,50,14.483834837341,3
4,51,15.2791850162692,3
4,52,14.5950938121621,3
4,53,14.7068160089587,3
4,54,14.011600554876,3
4,55,14.9775296699682,3
4,56,14.6262900201207,3
4,57,15.4501945858716,3
4,58,15.4025142555006,3
4,59,14.5616234664355,3
4,60,14.8297789773608,3
4,61,14.9982623976567,3
4,62,14.4303156490695,3
4,63,13.2425785077938,6
4,64,12.7852082762837,6
4,65,12.8822284717369,6
4,66,13.2769111946066,6
4,67,12.8555834757477,6
4,68,13.9717446970399,6
4,69,13.4384641950276,6
4,70,13.1652890277056,6
4,71,13.0025061323223,6
4,72,12.7388959654825,6
4,73,12.1848692947535,6
4,74,12.9866300636585,6
4,75,12.4565814882251,6
4,76,13.5483879723509,6
4,77,15.5695108522103,3
4,78,14.5469040329658,3
4,79,14.6771493430091,3
4,80,14.4990368349331,3
4,81,14.3421730767663,3
4,82,15.4201604275028,3
4,83,14.7154295708715,3
4,84,17.1198504328662,4
4,85,17.3970488301218,4
4,86,17.5542167204947,4
4,87,17.0666347991974,4
4,88,17.3663387223787,4
4,89,16.1036035395021,4
4,90,17.5569750113213,4
4,91,16.8850366769111,4
4,92,17.4088680452297,4
4,93,17.3127941836499,4
4,94,16.7693858981255,4
4,95,17.3107323891276,4
4,96,16.9765044251089,4
4,97,17.1161320215722,4
4,98,17.0549397937927,4
4,99,16.3714945772393,4
4,100,17.2407480843702,4
5,1,13.54118456719,6
5,2,13.0116906219746,6
5,3,12.8137890701492,6
5,4,12.7634945205756,6
5,5,13.734853727662,6
5,6,12.6261047651501,6
5,7,16.7878274144296,4
5,8,16.3255573629032,4
5,9,17.4479555490043,4
5,10,16.7564032541885,4
5,11,17.2887788154995,4
5,12,17.200809574241,4
5,13,16.5032224781497,4
5,14,17.5636391043653,4
5,15,17.4490818043355,4
5,16,17.7481404886611,4
5,17,17.1538523255501,4
5,18,17.0558496164382,4
5,19,16.9300096866263,4
5,20,17.1873462913171,4
5,21,17.8085239719858,4
5,22,16.34191592005,4
5,23,16.6055775505831,4
5,24,17.2231644654887,4
5,25,17.4990710806381,4
5,26,14.837591731205,3
5,27,15.1627367895225,3
5,28,14.9054532935531,3
5,29,15.0924262875066,3
5,30,14.5960091408896,3
5,31,14.8231023440558,3
5,32,15.2998544515608,3
5,33,12.8395094841662,6
5,34,12.4717918732372,6
5,35,13.184844390797,6
5,36,13.1685883299636,6
5,37,12.6544670022339,6
5,38,14.9127420713188,3
5,39,14.602881736587,3
5,40,14.7869687336433,3
5,41,14.6697308232228,3
5,42,14.670823759256,3
5,43,15.5557472367864,3
5,44,12.3543214645491,6
5,45,13.411790701091,6
5,46,12.5513655254681,6
5,47,13.5914277746608,6
5,48,13.0987908552355,6
5,49,12.5268933230347,6
5,50,13.3746110857882,6
5,51,13.7628504365639,6
5,52,12.4346067224855,6
5,53,13.0991881482754,6
5,54,12.5023938163577,6
5,55,13.1191013738917,6
5,56,13.7135589586389,6
5,57,13.108348234724,6
5,58,13.3480241357498,6
5,59,14.6490296839615,3
5,60,14.7427799546422,3
5,61,15.2099431252886,3
5,62,15.0900126192637,3
5,63,15.0078775826385,3
5,64,15.0106268512552,3
5,65,14.256948340633,3
5,66,14.6417360811188,3
5,67,14.7319938304458,3
5,68,15.1684332437109,3
5,69,15.4868703665363,3
5,70,14.6868260271559,3
5,71,15.3608324999141,3
5,72,13.9370590341329,3
5,73,14.5275911407024,3
5,74,15.1930501327644,3
5,75,14.75844819555,3
5,76,15.0947460896968,3
5,77,13.2736060642809,6
5,78,12.7089682080388,6
5,79,12.8376475096701,6
5,80,12.492465684547,6
5,81,13.557822137323,6
5,82,12.7835920269392,6
5,83,11.7248784512442,6
5,84,12.9416681675949,6
5,85,12.2683802702891,6
5,86,14.1218745320873,3
5,87,15.7154725494587,3
5,88,14.068822857297,3
5,89,15.3074606105166,3
5,90,14.686407919302,3
5,91,15.1955892132651,3
5,92,15.4197760360082,3
5,93,14.4847696864203,3
5,94,15.7962662416274,3
5,95,15.6446771061071,3
5,96,15.7248176018474,3
5,97,15.0712815620239,3
5,98,14.9562489666136,3
5,99,15.5826629331587,3
5,100,14.2537563270276,3
6,1,18.9821450019154,5
6,2,18.8663277342844,5
6,3,17.9293999349776,5
6,4,19.4641368917069,5
6,5,18.8265891118714,5
6,6,18.0331190619396,5
6,7,19.5422941320252,5
6,8,19.052623105001,5
6,9,18.6422693325347,5
6,10,19.011971373485,5
6,11,19.2071379919614,5
6,12,18.7725148601374,5
6,13,18.9223709343762,5
6,14,19.2557428354763,5
6,15,19.1039925003194,5
6,16,18.7114189340851,5
6,17,18.7688860089393,5
6,18,18.2893589205928,5
6,19,19.0634927082129,5
6,20,19.0708188932179,5
6,21,19.6289805279504,5
6,22,18.5152249609128,5
6,23,19.8372231383446,5
6,24,19.6408974723756,5
6,25,20.0661292375914,5
6,26,18.9620091911463,5
6,27,18.4004028362144,5
6,28,19.4501411065628,5
6,29,18.5193142193084,5
6,30,18.244174532034,5
6,31,19.376996093764,5
6,32,19.5312334508968,5
6,33,19.3415772200409,5
6,34,19.6340586843019,5
6,35,18.5485474686995,5
6,36,19.3039642679513,5
6,37,19.7961577266746,5
6,38,18.8740736166158,5
6,39,19.4673938416114,5
6,40,19.5318872530265,5
6,41,18.8587046676731,5
6,42,19.6573152604947,5
6,43,19.4632639655071,5
6,44,18.7990986382315,5
6,45,19.2659623798216,5
6,46,18.843593015997,5
6,47,19.2362448988481,5
6,48,18.3539347379347,5
6,49,18.7272558145919,5
6,50,20.0388345076773,5
6,51,18.8816812453492,5
6,52,18.2647704411298,5
6,53,18.964896432211,5
6,54,19.5733460467453,5
6,55,19.4298209586572,5
6,56,18.8078017190522,5
6,57,18.7865145194782,5
6,58,18.9613838685549,5
6,59,19.4043673634049,5
6,60,19.0053218792141,5
6,61,18.4637380441618,5
6,62,18.5084816726901,5
6,63,18.8508421357398,5
6,64,18.9804025229627,5
6,65,19.4074899219639,5
6,66,18.5730932096014,5
6,67,19.3346710195054,5
6,68,19.9141701384675,5
6,69,18.6784622967523,5
6,70,19.2237334064002,5
6,71,19.3060735600295,5
6,72,17.6254889891725,5
6,73,19.0668692305757,5
6,74,18.5122396574294,5
6,75,18.5377768171043,5
6,76,18.7966774750411,5
6,77,19.6357043181038,5
6,78,18.6422519670536,5
6,79,19.0085359144166,5
6,80,18.2596731950507,5
6,81,19.1892876138881,5
6,82,18.7784627146788,5
6,83,16.591718388249,4
6,84,17.3645608240903,4
6,85,16.4289123119109,4
6,86,16.8820897406711,4
6,87,16.7928252294672,4
6,88,15.3103827305414,3
6,89,15.2717941833917,3
6,90,13.2442634940302,6
6,91,12.3923573899099,6
6,92,15.1343210773847,3
6,93,12.6484055782644,6
6,94,12.0457260480755,6
6,95,15.1460742718438,3
6,96,15.0546538308379,3
6,97,12.8141033464851,6
6,98,15.1827076605998,3
6,99,14.3022095111223,3
6,100,14.7857461355751,3
7,1,13.5205609251427,6
7,2,14.9377741669658,3
7,3,14.4482486590332,3
7,4,14.5948191200248,3
7,5,14.9849438125221,3
7,6,14.48730776217,3
7,7,14.3946596417839,3
7,8,14.980698306513,3
7,9,14.9311242638896,3
7,10,16.0883475511431,3
7,11,14.6183344047711,3
7,12,15.0043744908595,3
7,13,14.6838031956697,3
7,14,16.3031061062179,3
7,15,14.9578959216243,3
7,16,15.5102519425567,3
7,17,16.0188772713225,3
7,18,15.6938995622244,3
7,19,15.6142335363565,3
7,20,12.635175310471,6
7,21,12.8379178940289,6
7,22,13.022100709651,6
7,23,12.6957305298231,6
7,24,12.5760418310636,6
7,25,12.8746995111562,6
7,26,13.0373421542318,6
7,27,13.2280118734691,6
7,28,13.6541106701015,6
7,29,12.1776981265158,6
7,30,12.6684580442588,6
7,31,12.8183564443497,6
7,32,13.3382969081975,6
7,33,14.0347265121378,6
7,34,12.8600600339608,6
7,35,12.9353037588674,6
7,36,12.960165392352,6
7,37,13.0491604470698,6
7,38,12.643066204956,6
7,39,13.0981942959825,6
7,40,13.4773100052782,6
7,41,13.500608593602,6
7,42,12.5463130766504,6
7,43,12.9437164357374,6
7,44,13.1399432665946,6
7,45,15.3596048352183,3
7,46,14.9566705155857,3
7,47,14.799769123744,3
7,48,15.1399436871794,3
7,49,14.6551469020973,3
7,50,15.10734297169,3
7,51,15.0044597993743,3
7,52,15.0790265214607,3
7,53,15.0449458883909,3
7,54,14.0864526941082,3
7,55,15.4725319183249,3
7,56,13.9247850475648,6
7,57,12.6625901107814,6
7,58,12.7567867649429,6
7,59,12.2023861925725,6
7,60,14.8077594918352,3
7,61,15.0544726868412,3
7,62,14.7270768326923,3
7,63,13.2542172672861,6
7,64,13.1267335558781,6
7,65,12.6961912103099,6
7,66,13.4373465647906,6
7,67,12.9229663479594,6
7,68,13.0083140111568,6
7,69,13.2964388693665,6
7,70,13.2144199378213,6
7,71,12.2748957288399,6
7,72,13.9503481353467,6
7,73,13.1584002203798,6
7,74,12.7907172070761,6
7,75,12.3222008886268,6
7,76,13.2740578988174,6
7,77,13.1155282827273,6
7,78,12.6962388148308,6
7,79,12.8077643520457,6
7,80,12.3361609978512,6
7,81,14.2938619749524,6
7,82,12.2943995743591,6
7,83,12.4026370212333,6
7,84,12.8256430813771,6
7,85,13.4800836348509,6
7,86,13.2406676509457,6
7,87,13.3585437682208,6
7,88,12.7455303096444,6
7,89,13.0577074251407,6
7,90,12.9712444127133,6
7,91,12.9329716091867,6
7,92,15.4844962009254,3
7,93,14.9738198558546,3
7,94,17.5772505906305,4
7,95,17.5109174754192,4
7,96,15.9175750037274,4
7,97,17.4017594553088,4
7,98,16.7835929405378,4
7,99,16.5435091365939,4
7,100,17.2274076716604,4
8,1,16.1961168021951,11
8,2,16.9662285763259,11
8,3,16.9633568017389,11
8,4,16.7711095271791,11
8,5,16.0863126417681,11
8,6,17.8634964498933,11
8,7,16.4370925847034,11
8,8,16.5953899360833,11
8,9,16.9366601636843,11
8,10,17.3327306965694,11
8,11,16.5966075936967,11
8,12,17.3906253269875,11
8,13,15.9825944619283,11
8,14,17.4416436237623,11
8,15,16.3241683155752,11
8,16,16.6163685821444,11
8,17,17.2984289581886,11
8,18,16.5012719018614,11
8,19,16.7018330819835,11
8,20,17.1681417951021,11
8,21,16.7146585839595,11
8,22,17.2341618999164,11
8,23,16.8130315289659,11
8,24,16.7633113006314,11
8,25,16.4559651481623,11
8,26,17.21111306095,11
8,27,17.4207910747207,11
8,28,16.4762952380392,11
8,29,16.2397529083078,11
8,30,17.04029133422,11
8,31,17.236982153224,11
8,32,16.8198776426415,11
8,33,17.3835479915099,11
8,34,16.7770680300947,11
8,35,16.8652248912652,11
8,36,16.7524734549693,11
8,37,17.0379370159201,11
8,38,16.3476020981471,11
8,39,10.5626720763783,8
8,40,11.1902724442171,8
8,41,17.0723519452457,11
8,42,16.5849981915566,11
8,43,16.2821440322333,11
8,44,16.9420918044579,11
8,45,16.5043766233465,11
8,46,17.3039560721595,11
8,47,16.9086117368719,11
8,48,9.80253956721573,9
8,49,9.01395559158592,9
8,50,8.58520046669222,9
8,51,10.0629160569137,9
8,52,9.05822173879628,9
8,53,8.35435213152156,9
8,54,9.41849820865385,9
8,55,10.6160912270446,8
8,56,10.0499739816675,9
8,57,10.096363857896,9
8,58,9.86222450872559,9
8,59,10.4236739109304,9
8,60,8.75641950350255,9
8,61,8.9386052457379,9
8,62,9.20732549090202,9
8,63,8.82095612546274,9
8,64,9.33270710609361,9
8,65,9.08062455748909,9
8,66,9.21388053280702,9
8,67,8.90923926212144,9
8,68,9.26857077216967,9
8,69,9.93086690857001,8
8,70,8.52492514075097,9
8,71,9.12523640167462,9
8,72,9.05202277513875,9
8,73,10.8459948278409,8
8,74,16.5593889499053,11
8,75,17.4335429926594,11
8,76,16.4251376335249,11
8,77,17.7938085762891,11
8,78,16.6918869671694,11
8,79,17.3634716691227,11
8,80,16.7975497718475,11
8,81,16.9563363298351,11
8,82,17.0664753422171,11
8,83,16.9381513534247,11
8,84,17.7286862514446,11
8,85,16.6339957114336,11
8,86,17.7652939031116,11
8,87,17.7648473585574,11
8,88,17.2709287393031,11
8,89,16.5538959861491,11
8,90,16.9679478698086,11
8,91,17.3953319684525,11
8,92,17.1735008253073,11
8,93,16.9348263221887,11
8,94,16.8143620462698,11
8,95,17.3046627461192,11
8,96,17.2594251988503,11
8,97,16.1471232481788,11
8,98,16.9554215833973,11
8,99,15.7644930750812,11
8,100,16.2869939322355,11
9,1,9.38932319140108,9
9,2,9.27776092087009,9
9,3,11.0241909667396,8
9,4,11.5495007960803,8
9,5,9.40405020420302,9
9,6,8.63955433529873,9
9,7,11.1373196242731,8
9,8,10.2295555415495,8
9,9,11.4168551502386,8
9,10,8.92093810932553,9
9,11,9.06685451140438,9
9,12,9.16898838765302,9
9,13,8.89351478345375,9
9,14,10.3367655653707,8
9,15,11.5350067666889,8
9,16,8.23655840730506,9
9,17,9.75044599206051,9
9,18,9.48212128901276,9
9,19,9.0281102915143,9
9,20,9.25153863152863,9
9,21,9.27458717609048,9
9,22,11.0360546040384,8
9,23,8.72481409163337,9
9,24,8.73582090346939,9
9,25,10.2110096784372,8
9,26,11.744268297105,8
9,27,9.97569180672857,8
9,28,10.9075995079025,8
9,29,9.32825966925015,9
9,30,11.0854404143828,8
9,31,9.33218745851627,9
9,32,11.3406680343325,8
9,33,10.4000805737997,8
9,34,10.7783493575545,8
9,35,10.3316002032227,8
9,36,11.9558813518138,8
9,37,10.8243726535175,8
9,38,11.6639570822093,8
9,39,8.85928199766522,9
9,40,11.0568173367527,8
9,41,9.22800272494036,9
9,42,9.16032340501073,9
9,43,10.9505357809424,8
9,44,9.57317271598612,9
9,45,8.88351457585423,9
9,46,10.1593159949728,8
9,47,10.6944485223222,8
9,48,11.4041391222247,8
9,49,8.76269149799389,9
9,50,9.19737704355751,9
9,51,8.23726736148004,9
9,52,8.99470370458437,9
9,53,8.17318160449165,9
9,54,8.70083418520712,9
9,55,16.0551642910708,11
9,56,16.5874765655692,11
9,57,16.8276842375491,11
9,58,17.0547353364333,11
9,59,17.4880112278285,11
9,60,16.0308503790822,11
9,61,17.2847776895043,11
9,62,17.4607038747421,11
9,63,9.9836745745096,8
9,64,8.7807788841719,9
9,65,9.02585827228468,9
9,66,9.31400908807715,9
9,67,10.6154163056791,8
9,68,11.0315445415421,8
9,69,11.2420981780646,8
9,70,10.9286214726944,8
9,71,10.0639801488245,8
9,72,8.49198518223164,9
9,73,8.96112847066255,9
9,74,11.0345906617942,8
9,75,11.2948551912768,8
9,76,10.8482275757962,8
9,77,11.8432996115808,8
9,78,11.0112819220414,8
9,79,8.53822842102673,9
9,80,9.82203927379105,9
9,81,8.14549246441263,9
9,82,11.9596361144092,8
9,83,10.9528074537839,8
9,84,10.4874003589633,8
9,85,11.2038629147963,8
9,86,10.5171908405877,8
9,87,11.488397795976,8
9,88,10.7085918170277,8
9,89,10.0119671873581,8
9,90,10.7772341881502,8
9,91,10.8085519555025,8
9,92,10.8914091132472,8
9,93,9.05800038742423,9
9,94,16.5591762673657,11
9,95,15.873098023543,11
9,96,10.982549066287,8
9,97,11.1143875788975,8
9,98,11.8082331311302,8
9,99,11.178072308893,8
9,100,10.8536204331894,8
10,1,17.1192164457337,4
10,2,17.4250003677965,4
10,3,16.9683809063115,4
10,4,17.5070066679555,4
10,5,15.6044044083545,4
10,6,17.2870362636175,4
10,7,17.0649782851166,4
10,8,17.1480972021562,4
10,9,17.8547741945829,4
10,10,17.8261137334173,4
10,11,17.6524881357877,4
10,12,17.4580036821609,4
10,13,16.290320420117,4
10,14,17.6469403026063,4
10,15,17.3847383080817,4
10,16,16.9439015143644,4
10,17,16.6857805362975,4
10,18,17.3185446303598,4
10,19,17.7921612734286,4
10,20,17.8529778741842,4
10,21,17.1703051904931,4
10,22,18.0738312266089,4
10,23,15.2870431593096,3
10,24,15.4835732812372,3
10,25,15.0487216249932,3
10,26,14.7183490108682,3
10,27,14.6836356913732,3
10,28,13.858644977565,3
10,29,15.5341960899131,3
10,30,15.7832185057793,3
10,31,14.7778982999537,3
10,32,16.3727570291118,4
10,33,16.7813516283641,4
10,34,16.54600149998,4
10,35,16.4174039384686,4
10,36,16.8265527410718,4
10,37,17.1216505996906,4
10,38,14.7187626106466,3
10,39,14.7113387181242,3
10,40,14.796866119543,3
10,41,15.2414616037641,3
10,42,13.9061269608701,6
10,43,12.778303020652,6
10,44,12.3690345755356,6
10,45,16.2618682121854,4
10,46,16.514418015776,4
10,47,17.6054213660547,4
10,48,17.4266237960134,4
10,49,16.1474147525133,4
10,50,17.7124575460606,4
10,51,17.0751497888478,4
10,52,17.6070995854371,4
10,53,15.3603375527196,3
10,54,15.3624114356057,3
10,55,14.1470360513779,3
10,56,15.1112755440153,3
10,57,14.7820097422286,3
10,58,15.0555260337779,3
10,59,14.9883678857345,3
10,60,14.3486537032672,3
10,61,14.397903551569,3
10,62,15.9025654831795,3
10,63,14.9484119663391,3
10,64,14.9206728839166,3
10,65,15.0424206442254,3
10,66,17.2230780307723,4
10,67,16.9462050196912,4
10,68,17.2382316541285,4
10,69,17.0655012445486,4
10,70,16.3133431290319,4
10,71,15.8140797612866,4
10,72,17.3963613595319,4
10,73,16.4601497389505,4
10,74,16.7436833173967,4
10,75,17.3446053026826,4
10,76,17.0268671533808,4
10,77,17.0160225799151,4
10,78,18.5194753159535,4
10,79,15.5429388113179,3
10,80,13.0768094877837,6
10,81,13.5649176663671,6
10,82,12.9777399910795,6
10,83,15.0045777624385,3
10,84,15.0211418601782,3
10,85,15.9764543416073,3
10,86,15.7769085194568,3
10,87,14.9808146561441,3
10,88,14.742612002415,3
10,89,15.3800304971463,3
10,90,14.5447793100673,3
10,91,14.449204740944,3
10,92,13.2661397471895,6
10,93,13.7210796043483,6
10,94,15.1871404477932,3
10,95,13.3114759075262,6
10,96,11.656339660665,6
10,97,15.0680941323241,3
10,98,15.7735461825863,3
10,99,15.345744167795,3
10,100,14.8237314591368,3
11,1,6.67130064756137,10
11,2,6.97296334259649,10
11,3,7.12766181884423,10
11,4,7.30728273515761,10
11,5,6.69139458581019,10
11,6,7.19541486089524,10
11,7,7.22780501144241,10
11,8,6.67207784133983,10
11,9,6.7302765100834,10
11,10,6.76269887809211,10
11,11,6.44523443345854,10
11,12,6.95485896334757,10
11,13,6.80674732625124,10
11,14,8.1418218030382,10
11,15,7.03700510275761,10
11,16,6.39426929905158,10
11,17,7.4139279110419,10
11,18,7.78688265697415,10
11,19,7.31374271367221,10
11,20,7.63559675475389,10
11,21,6.53768093088894,10
11,22,7.09458601117633,10
11,23,6.72719567192021,10
11,24,6.42378044417812,10
11,25,5.94074648100809,10
11,26,7.14044699104707,10
11,27,9.32284998763905,9
11,28,9.15930046565343,9
11,29,10.1765999433067,9
11,30,10.204897506357,8
11,31,8.15931728109277,9
11,32,8.81394936778917,9
11,33,9.30601671668352,9
11,34,9.24656329148739,9
11,35,11.4408715067332,8
11,36,11.1665086526006,8
11,37,11.5024595892306,8
11,38,10.6962590099732,8
11,39,8.62096880414223,9
11,40,9.39175774374904,9
11,41,7.92161073802468,9
11,42,8.53675018626705,9
11,43,9.83472589317949,9
11,44,9.70887747805989,9
11,45,10.0794397825295,9
11,46,10.8830667902552,8
11,47,10.3221363921242,8
11,48,9.27632486243872,9
11,49,8.8011001881383,9
11,50,10.3640953085778,9
11,51,8.3646522650927,9
11,52,10.6991413085085,8
11,53,8.95145158657931,9
11,54,11.0528106106972,8
11,55,10.928603756215,8
11,56,10.5818401588246,8
11,57,10.7993552305793,8
11,58,11.5301920633703,8
11,59,8.92732717569073,9
11,60,9.03740593086556,9
11,61,8.87516653507832,9
11,62,10.5216123628315,8
11,63,8.23664417745433,9
11,64,8.33257892540413,9
11,65,17.3496610849118,11
11,66,17.5491968467511,11
11,67,17.0199623970574,11
11,68,16.9232753566074,11
11,69,16.3460310456171,11
11,70,17.9557170954578,11
11,71,16.12863295062,11
11,72,16.9566280127849,11
11,73,17.4057823875584,11
11,74,17.5657205160107,11
11,75,17.4881984491214,11
11,76,17.0030690883767,11
11,77,16.7087757033526,11
11,78,17.1636248341691,11
11,79,16.699780356689,11
11,80,16.7522431087271,11
11,81,17.0733957324275,11
11,82,17.7926624298007,11
11,83,16.864605472656,11
11,84,17.1454168929791,11
11,85,17.4715458721874,11
11,86,16.9271137600821,11
11,87,16.7597118882401,11
11,88,16.8165684926016,11
11,89,16.22491899288,11
11,90,17.1065611771274,11
11,91,15.9472045927789,11
11,92,17.2304890349587,11
11,93,16.0215884519764,11
11,94,16.2331884097295,11
11,95,16.8018723065937,11
11,96,17.8911183966651,11
11,97,17.0983845006708,11
11,98,17.1562539831549,11
11,99,16.776093170925,11
11,100,16.6360021146831,11
12,1,0.325575479011961,1
12,2,0.375163717382465,1
12,3,-0.297071572827024,1
12,4,-0.0200236255602454,1
12,5,-1.28756886807916,1
12,6,0.403648193750735,1
12,7,0.346029580031223,1
12,8,-0.506452722683539,1
12,9,0.23972936527777,1
12,10,-0.441760103045936,1
12,11,0.0824751064726733,1
12,12,0.0240318420144561,1
12,13,0.113201210877033,1
12,14,0.115217217279612,1
12,15,0.22307823644819,1
12,16,0.646684789214036,1
12,17,0.0149495518571107,1
12,18,0.915649044601644,1
12,19,0.840148920902759,1
12,20,0.522032937876373,1
12,21,0.520117683876759,1
12,22,0.195368489513444,1
12,23,0.0434777558610245,1
12,24,-0.00392362321314082,1
12,25,-0.737776414153354,1
12,26,-0.762213157599793,1
12,27,0.0520217588807889,1
12,28,-0.0167764863230193,1
12,29,-0.619628865856789,1
12,30,0.780291989583881,1
12,31,-0.683814456745109,1
12,32,-0.291026175992995,1
12,33,0.732783602523967,1
12,34,0.469159681291852,1
12,35,0.0550383116748611,1
12,36,0.112937189312947,1
12,37,0.588744806666864,1
12,38,0.0307284838022233,1
12,39,-0.586000486964428,1
12,40,-0.130885482313365,1
12,41,-0.994456845775911,1
12,42,-0.229920547388563,1
12,43,-0.504372407460184,1
12,44,-0.631061546866131,1
12,45,-0.469343864238789,1
12,46,0.919393235229108,1
12,47,0.693128132032385,1
12,48,0.240682835801865,1
12,49,0.0994188642540884,1
12,50,0.62706726033894,1
12,51,-0.112232250125622,1
12,52,-1.40618049818886,1
12,53,-0.248511590848324,1
12,54,0.0229418977906638,1
12,55,-0.203423186722486,1
12,56,-0.223672667117554,1
12,57,-1.06859999242914,1
12,58,0.115792754661898,1
12,59,-0.111541806855935,1
12,60,0.45989930079974,1
12,61,0.191785760270519,1
12,62,-0.0793969412257557,1
12,63,-1.00977260489917,1
12,64,0.0442294172681534,1
12,65,0.0339244178048944,1
12,66,-0.474515021789071,1
12,67,0.322120202514129,1
12,68,-0.772626698440642,1
12,69,-0.70997455099217,1
12,70,1.11253573564511,1
12,71,-0.724351281519603,1
12,72,-0.646956271678332,1
12,73,0.522135532220374,1
12,74,-0.802247326871203,1
12,75,0.623247876257114,1
12,76,-0.21087855804084,1
12,77,-0.0544782762310626,1
12,78,-0.474715389701574,1
12,79,-0.643348474696197,1
12,80,-0.44205769603999,1
12,81,0.0930699522773535,1
12,82,-0.0517756925722703,1
12,83,0.0500319466365735,1
12,84,-0.619520169674803,1
12,85,-0.26264385071959,1
12,86,-0.143948983771419,1
12,87,0.175492581554058,1
12,88,-0.567844111955961,1
12,89,-0.573053629758295,1
12,90,0.437195286499384,1
12,91,-0.17625719454954,1
12,92,1.01768214595182,1
12,93,-0.236107188062506,1
12,94,0.0077826760047075,1
12,95,-1.22349265032306,1
12,96,0.584322098199294,1
12,97,0.364434500112994,1
12,98,-0.413640767670366,1
12,99,0.695288113651292,1
12,100,0.424481166680381,1
13,1,7.04338656999201,10
13,2,6.41544065593335,10
13,3,7.3431910777046,10
13,4,7.43508665777085,10
13,5,7.2266776705545,10
13,6,7.17101981838716,10
13,7,7.77360413811062,10
13,8,6.70113246852468,10
13,9,6.79363925513046,10
13,10,6.84654230951648,10
13,11,7.34604228062038,10
13,12,6.41782959530856,10
13,13,6.38583178956622,10
13,14,8.07988944919011,10
13,15,5.67818544592581,10
13,16,6.22502005950623,10
13,17,7.34932539674475,10
13,18,7.45258047832959,10
13,19,6.97486369355843,10
13,20,6.4272134011053,10
13,21,8.3663256222253,10
13,22,6.92174838223453,10
13,23,7.05678308562721,10
13,24,7.52402273798882,10
13,25,6.65004327211531,10
13,26,8.05414401232599,10
13,27,6.81015400032946,10
13,28,6.5539349043017,10
13,29,6.32876050668589,10
13,30,6.78636314339877,10
13,31,7.45777841554081,10
13,32,7.0235354382131,10
13,33,6.79562769188553,10
13,34,6.97440979046547,10
13,35,6.88871453147132,10
13,36,7.16837262428041,10
13,37,6.79990594902125,10
13,38,6.95450436168443,10
13,39,8.2443432169206,10
13,40,6.66237634509695,10
13,41,6.96229128964979,10
13,42,7.11664943539893,10
13,43,7.17727128521185,10
13,44,6.7792379519899,10
13,45,6.52862990172716,10
13,46,6.44923503888908,10
13,47,7.88745094527537,10
13,48,6.29721381889082,10
13,49,6.69504832472284,10
13,50,6.85377866994723,10
13,51,7.55043215473917,10
13,52,6.9479245398156,10
13,53,6.7719117175174,10
13,54,7.03879898779567,10
13,55,6.28638442973158,10
13,56,6.80320077995589,10
13,57,6.83105753588873,10
13,58,6.99366412247449,10
13,59,6.85964066579379,10
13,60,6.62873701526776,10
13,61,6.96682047434129,10
13,62,6.88247629384383,10
13,63,6.17796637240054,10
13,64,7.56539892978171,10
13,65,6.83324107094283,10
13,66,6.30584716362366,10
13,67,6.21971066156623,10
13,68,7.43620417180155,10
13,69,7.12323160708103,10
13,70,6.4972399207074,10
13,71,6.62497538357228,10
13,72,6.45659559648035,10
13,73,7.26612504817896,10
13,74,7.21107502567068,10
13,75,6.37711027875886,10
13,76,7.30608307280941,10
13,77,7.61155183789972,10
13,78,6.42443903107228,10
13,79,8.75771259880173,10
13,80,7.38495857735338,10
13,81,7.19912221167651,10
13,82,7.97688019995863,10
13,83,6.99392963132991,10
13,84,6.57122674909658,10
13,85,6.80617168444871,10
13,86,7.86673912587704,10
13,87,6.17409136969856,10
13,88,9.49238873110373,9
13,89,8.65443147558104,9
13,90,8.95182266299885,9
13,91,11.2683462630817,8
13,92,10.8699032633723,8
13,93,16.8384020192346,11
13,94,16.7074772719646,11
13,95,16.4107185677554,11
13,96,16.554054257147,11
13,97,17.2802171877362,11
13,98,16.4926305030794,11
13,99,17.2827807145213,11
13,100,16.0008755916141,11
14,1,14.3665281659568,7
14,2,13.3907291977822,7
14,3,14.3304125422318,7
14,4,14.2822984316033,7
14,5,13.7419809222299,7
14,6,14.9747951691545,7
14,7,12.9999378960433,7
14,8,14.1472893535605,7
14,9,14.1814298595127,7
14,10,14.3242761585166,7
14,11,13.8535496046057,7
14,12,13.7074642600003,7
14,13,13.8745884336257,7
14,14,14.6625102551529,7
14,15,14.110282762789,7
14,16,14.6756210344106,7
14,17,12.7339251580971,7
14,18,12.9110338796793,7
14,19,14.8627651176764,7
14,20,13.0630626505493,7
14,21,14.3367816147854,7
14,22,13.300528013881,7
14,23,13.5572499217464,7
14,24,14.1056086652095,7
14,25,13.1639701648092,7
14,26,13.7402824314693,7
14,27,13.861171869525,7
14,28,14.4211926205712,7
14,29,13.6717773993469,7
14,30,14.4983080690041,7
14,31,14.0476387045165,7
14,32,12.9005944168767,7
14,33,13.9346647504118,7
14,34,14.4192256588893,7
14,35,13.5029843244559,7
14,36,14.0419595725761,7
14,37,13.3782009395508,7
14,38,14.26033045831,7
14,39,14.4832164464698,7
14,40,14.1496390447709,7
14,41,14.4926992074667,7
14,42,15.0108067832622,7
14,43,14.3979485286793,7
14,44,13.5071373073107,7
14,45,13.8993875319115,7
14,46,14.7452767805759,7
14,47,14.0607249659071,7
14,48,14.1762056497044,7
14,49,13.7371921283828,7
14,50,14.4256779293958,7
14,51,13.7861347984974,7
14,52,12.6368117783403,7
14,53,14.5016703091722,7
14,54,14.2837370327358,7
14,55,14.805266363816,7
14,56,13.7198696085481,7
14,57,14.6350367235063,7
14,58,14.3228581477904,7
14,59,13.9937388261364,7
14,60,14.0463977045076,7
14,61,14.4923241523079,7
14,62,14.0743265538952,7
14,63,14.2882623172771,7
14,64,13.808481176965,7
14,65,13.7125802490586,7
14,66,13.4129237809673,7
14,67,12.9984415496182,7
14,68,14.6507765842562,7
14,69,14.8070809179714,7
14,70,14.9130411665416,7
14,71,14.309048222911,7
14,72,14.3879077715307,7
14,73,13.6131924692415,7
14,74,14.0742823595956,7
14,75,13.8508532914514,7
14,76,14.227316140926,7
14,77,13.38107340712,7
14,78,15.4012705795103,7
14,79,13.1352748425679,7
14,80,13.7461669818397,7
14,81,13.9605070501543,7
14,82,14.3745058230399,7
14,83,14.2312368680753,7
14,84,13.8710503028754,7
14,85,13.984205044823,7
14,86,14.4865329078817,7
14,87,13.2613747867981,7
14,88,14.8315692365604,7
14,89,14.158648337,7
14,90,14.6131389486082,7
14,91,13.6399654155445,7
14,92,14.0993047502275,7
14,93,13.8735828379754,7
14,94,13.7913092721008,7
14,95,13.8459325628369,7
14,96,14.0842004380795,7
14,97,14.0241022968639,7
14,98,13.6322154181671,7
14,99,13.8799381765929,7
14,100,13.9972187620779,7
15,1,18.984411790409,12
15,2,18.6338969721916,12
15,3,19.1827398572092,12
15,4,19.0255269976245,12
15,5,18.5347573971213,12
15,6,19.0350172720072,12
15,7,19.0440683987615,12
15,8,17.5690922883472,12
15,9,19.906575084844,12
15,10,18.3676757652552,12
15,11,18.8856744845279,12
15,12,19.6605031521732,12
15,13,18.4955719286116,12
15,14,18.8917317236453,12
15,15,20.1967650965322,12
15,16,19.3245825038079,12
15,17,19.0395737784911,12
15,18,18.8955032099754,12
15,19,19.381988576217,12
15,20,19.6226356801988,12
15,21,18.6134084193276,12
15,22,19.1540159407475,12
15,23,18.9848855742394,12
15,24,17.9312779523354,12
15,25,18.4447132119268,12
15,26,19.0924293987782,12
15,27,18.8743658689566,12
15,28,19.3094445319393,12
15,29,19.1270756943173,12
15,30,19.2094480159429,12
15,31,17.7982528980787,12
15,32,18.7621270316625,12
15,33,19.6431262825632,12
15,34,18.7886768860172,12
15,35,18.8716210167893,12
15,36,18.4409366546318,12
15,37,18.9993370555666,12
15,38,18.9157382745647,12
15,39,19.1450074591593,12
15,40,18.7363121648481,12
15,41,18.6792535663989,12
15,42,19.1277327407759,12
15,43,19.2521910319369,12
15,44,19.224147873826,12
15,45,18.3526974496397,12
15,46,18.7815347686653,12
15,47,19.8266263795045,12
15,48,18.6110804631172,12
15,49,18.9509052976165,12
15,50,19.4325336303814,12
15,51,18.7401570675891,12
15,52,18.3569324420426,12
15,53,19.73410732506,12
15,54,18.8878510570798,12
15,55,18.901303773886,12
15,56,19.3553493549462,12
15,57,20.2971403488006,12
15,58,18.1979650296468,12
15,59,19.4904930317148,12
15,60,19.8092552095928,12
15,61,19.1230811842632,12
15,62,18.9629020401327,12
15,63,19.3902828966188,12
15,64,18.3441974637768,12
15,65,19.0084067711405,12
15,66,18.6923171511539,12
15,67,19.3028656841612,12
15,68,18.8568289364352,12
15,69,19.2945459403028,12
15,70,19.0824038064894,12
15,71,18.658726975177,12
15,72,19.372066518559,12
15,73,19.157642754446,12
15,74,19.3416020440684,12
15,75,19.0637512394855,12
15,76,19.0778576099413,12
15,77,18.9052863231161,12
15,78,19.2341676418172,12
15,79,19.4275171641254,12
15,80,18.7975010677632,12
15,81,18.7989545089843,12
15,82,18.0636009564629,12
15,83,20.013530900568,12
15,84,19.3592302395001,12
15,85,18.9674886361594,12
15,86,18.6045732197542,12
15,87,18.6956274646044,12
15,88,18.3322212384953,12
15,89,18.9734457757986,12
15,90,19.9846801166144,12
15,91,18.7859514492514,12
15,92,19.4851518861218,12
15,93,19.2816404281017,12
15,94,19.7485247897513,12
15,95,18.7833859625728,12
15,96,19.6329461361387,12
15,97,18.899657816283,12
15,98,19.3233261746817,12
15,99,19.8957302044652,12
15,100,18.2930488285515,12
16,1,9.52853146831547,2
16,2,9.57642317799869,2
16,3,9.61847810478301,2
16,4,9.637867432343,2
16,5,9.12739617933051,2
16,6,9.89639893027806,2
16,7,8.98492838136407,2
16,8,9.79813673893007,2
16,9,10.5940218183734,2
16,10,9.87606491550331,2
16,11,10.8429127764901,2
16,12,9.51139838710002,2
16,13,9.80207787863796,2
16,14,9.92465036870774,2
16,15,9.36370621878854,2
16,16,10.1097227468236,2
16,17,10.3171526361897,2
16,18,10.1447799550254,2
16,19,10.0898367378,2
16,20,10.1566357945298,2
16,21,9.36576093990648,2
16,22,10.6527509616479,2
16,23,10.1482178869208,2
16,24,9.60159745195856,2
16,25,9.74498274613261,2
16,26,9.77830054427567,2
16,27,10.2894723899583,2
16,28,9.9940839313387,2
16,29,11.2107384381317,2
16,30,10.2647871547446,2
16,31,9.61041533579474,2
16,32,9.85736890668255,2
16,33,10.1198025241682,2
16,34,10.0985648349439,2
16,35,10.3511004469233,2
16,36,10.8386752321771,2
16,37,9.39719953682259,2
16,38,9.77050901451434,2
16,39,9.54691355304164,2
16,40,9.33148036645039,2
16,41,9.59321701599544,2
16,42,10.0040117306088,2
16,43,9.55461924242816,2
16,44,9.73429905034207,2
16,45,9.88936830137231,2
16,46,9.17536989924367,2
16,47,10.6399287545481,2
16,48,8.36788414067224,2
16,49,9.6286209298478,2
16,50,10.5102692961909,2
16,51,10.7622563643848,2
16,52,10.6137762903975,2
16,53,9.82952515305429,2
16,54,9.66241239559808,2
16,55,10.6685055624064,2
16,56,10.1350529114369,2
16,57,9.94669602082131,2
16,58,9.56570616593134,2
16,59,10.041270730448,2
16,60,10.1901480482052,2
16,61,10.6229907250769,2
16,62,9.4472456742296,2
16,63,10.0544637991809,2
16,64,9.95039454523211,2
16,65,10.0084675796014,2
16,66,9.25991008148044,2
16,67,10.1437054128007,2
16,68,9.47746566558374,2
16,69,10.0764546381955,2
16,70,10.6173687542095,2
16,71,9.88262945277579,2
16,72,10.4711243850546,2
16,73,10.4637971528692,2
16,74,10.3290187610421,2
16,75,9.22558480596513,2
16,76,9.4963992103144,2
16,77,9.8722557002723,2
16,78,10.7031680494863,2
16,79,10.0329055110765,2
16,80,9.91923364621717,2
16,81,9.4776310399893,2
16,82,10.7755114865099,2
16,83,10.3040115410946,2
16,84,10.1760509150957,2
16,85,10.4978540123649,2
16,86,10.1240839423488,2
16,87,10.3188077060088,2
16,88,10.0921986452704,2
16,89,8.82623928266875,2
16,90,10.5217293682876,2
16,91,9.23188384209155,2
16,92,9.50707526519606,2
16,93,9.39406200129401,2
16,94,10.7347527610565,2
16,95,9.79897940833319,2
16,96,10.2975532018682,2
16,97,9.49701659602239,2
16,98,10.4670248682335,2
16,99,9.73642048192939,2
16,100,9.84661477566386,2
17,1,9.7264072869509,2
17,2,10.3205079870047,2
17,3,9.88460312410965,2
17,4,10.283137977231,2
17,5,9.85703491000092,2
17,6,10.7596168484155,2
17,7,9.49666954804851,2
17,8,9.83754366362966,2
17,9,10.0614429360903,2
17,10,9.84052644715597,2
17,11,9.72675548968276,2
17,12,10.015645798069,2
17,13,10.0263288676003,2
17,14,10.280280553172,2
17,15,9.8739318257434,2
17,16,9.82874515007965,2
17,17,10.0999188243685,2
17,18,10.8283937753876,2
17,19,10.7068721360919,2
17,20,9.87278830641235,2
17,21,9.34528142605811,2
17,22,8.99300110308838,2
17,23,9.99998130170173,2
17,24,11.2359257521806,2
17,25,10.0450165868465,2
17,26,10.717911094137,2
17,27,10.2954016814823,2
17,28,10.7654104263216,2
17,29,10.0948630452989,2
17,30,9.76009313003686,2
17,31,8.84314265503748,2
17,32,10.071130754639,2
17,33,10.2562275378485,2
17,34,9.85026674403296,2
17,35,10.4383252818739,2
17,36,10.1891765404875,2
17,37,9.24052854010855,2
17,38,9.22274640576396,2
17,39,11.026877425723,2
17,40,9.54702876196644,2
17,41,10.6777106071024,2
17,42,10.2767712742668,2
17,43,10.3658108429984,2
17,44,9.83376958704201,2
17,45,9.59939619995459,2
17,46,9.50473494186962,2
17,47,9.72866816152785,2
17,48,10.4788999013716,2
17,49,10.2600289821443,2
17,50,9.00356474397686,2
17,51,10.2921219551479,2
17,52,9.87270714455034,2
17,53,10.7051967444945,2
17,54,10.053758521391,2
17,55,9.66214967503073,2
17,56,9.22763081688203,2
17,57,10.7626750283802,2
17,58,10.3220507940686,2
17,59,10.467916923624,2
17,60,9.75720550718919,2
17,61,10.3723063505184,8
17,62,10.4288930014331,8
17,63,11.1950139632354,8
17,64,11.9665670077765,8
17,65,8.7588011617836,9
17,66,8.67718384905402,9
17,67,8.35754124966913,9
17,68,8.86169348725947,9
17,69,9.18757789366003,9
17,70,10.3336562169497,8
17,71,10.5921909756754,8
17,72,11.3816485523157,8
17,73,11.6403425740976,8
17,74,10.6876217321437,8
17,75,10.6177366949782,8
17,76,8.95335561060196,9
17,77,9.14028864668697,9
17,78,9.13349217347923,9
17,79,9.6238378190753,9
17,80,10.7263168791479,8
17,81,11.2419887572344,8
17,82,17.3725268359091,11
17,83,17.7745478209482,11
17,84,17.3271024999421,11
17,85,17.0844044196382,11
17,86,16.1756340148146,11
17,87,17.3675107763768,11
17,88,17.2369863351445,11
17,89,17.1564580993922,11
17,90,15.7500368940143,11
17,91,16.4376774505573,11
17,92,10.4571358615846,8
17,93,11.6282819295185,8
17,94,11.6251128344225,8
17,95,10.7216453747098,8
17,96,10.345149999152,8
17,97,9.22671541562303,9
17,98,9.42830096175992,9
17,99,8.93201593616356,9
17,100,8.02590789341628,9
18,1,15.9992698720141,11
18,2,17.1295141460227,11
18,3,17.027865948619,11
18,4,16.2176200871498,11
18,5,17.3616055540188,11
18,6,17.2264920373358,11
18,7,17.3463055440371,11
18,8,16.3810992067083,11
18,9,17.0168063635682,11
18,10,17.5318278531603,11
18,11,17.4888925170437,11
18,12,17.0423463371076,11
18,13,18.2064058520651,11
18,14,16.7335888913031,11
18,15,17.3054039298978,11
18,16,16.8262318254825,11
18,17,11.3584184292101,8
18,18,9.28951839365088,9
18,19,9.0430326260124,9
18,20,8.8319431765709,9
18,21,11.0721199177333,8
18,22,11.0225233803138,8
18,23,10.9201412485981,8
18,24,11.3306195645704,8
18,25,11.0618709464656,8
18,26,10.1648844265654,8
18,27,11.3619088291391,8
18,28,9.35056886787086,9
18,29,8.96541604798095,9
18,30,10.2976496031188,8
18,31,11.0306418181621,8
18,32,11.2350615971561,8
18,33,11.1241908919193,8
18,34,10.5860159888467,8
18,35,10.7078169723606,8
18,36,10.7088276609598,8
18,37,10.5599334688445,8
18,38,8.91505485658014,9
18,39,11.25474759976,8
18,40,10.9518270470523,8
18,41,11.0518608742944,8
18,42,10.9674394858667,8
18,43,11.3919115885872,8
18,44,11.4312287045268,8
18,45,8.92098732742223,9
18,46,10.9801673862365,8
18,47,10.3504157812058,8
18,48,11.3446623217275,8
18,49,11.1953557565862,8
18,50,10.6547937227236,8
18,51,11.0386899912391,8
18,52,12.2775653001355,8
18,53,10.8102690793774,8
18,54,11.0608502693018,8
18,55,11.6305471828952,8
18,56,16.4165758917644,11
18,57,17.1498078932555,11
18,58,17.0311788975783,11
18,59,17.0788794965191,11
18,60,16.4690322551568,11
18,61,17.0370595765745,11
18,62,16.479904287028,11
18,63,17.5189823413521,11
18,64,17.1622486862582,11
18,65,16.8651810831368,11
18,66,18.2774109849596,11
18,67,16.0505666401403,11
18,68,16.9748388430463,11
18,69,17.8157175901109,11
18,70,17.5677857684042,11
18,71,16.3474210992203,11
18,72,15.9242986090259,11
18,73,17.4679349649296,11
18,74,17.3165981602529,11
18,75,16.7091919744994,11
18,76,16.8466077212887,11
18,77,16.9188138171636,11
18,78,17.3325496847327,11
18,79,16.421378883362,11
18,80,17.0643848763434,11
18,81,17.6024061271606,11
18,82,16.2046715821727,11
18,83,16.5784511257817,11
18,84,17.8346125634404,11
18,85,16.982947233018,11
18,86,16.5952801520977,11
18,87,17.4245785585106,11
18,88,17.0066624439958,11
18,89,17.1389992045226,11
18,90,16.4554158086258,11
18,91,16.8712750720619,11
18,92,16.6731142255732,11
18,93,15.9019567607789,11
18,94,16.8574344374409,11
18,95,16.7545652313283,11
18,96,16.3038608386293,11
18,97,16.5767105081626,11
18,98,17.4173220460949,11
18,99,15.6621275778333,11
18,100,15.8493164854522,11
19,1,17.0893746388607,4
19,2,17.137032263373,4
19,3,17.2885164229915,4
19,4,17.0405013853131,4
19,5,17.0814644205103,4
19,6,17.1095711531041,4
19,7,16.7949897862366,4
19,8,17.4580663175357,4
19,9,16.6599111603297,4
19,10,18.2539381545047,4
19,11,17.4710812843655,4
19,12,18.3728416314758,4
19,13,16.5108880076296,4
19,14,16.1636976654402,4
19,15,14.4149445526986,3
19,16,14.9276231934031,3
19,17,15.0769768869803,3
19,18,12.9250982570816,6
19,19,13.3789080194881,6
19,20,12.543088032408,6
19,21,13.9040071390147,6
19,22,13.1487832139697,6
19,23,13.0100129285208,6
19,24,12.8233950701579,6
19,25,12.9514296263736,6
19,26,12.140869319292,6
19,27,14.4479268391032,3
19,28,15.2795742446447,3
19,29,13.2552566762051,6
19,30,14.0427833774202,3
19,31,15.1853264074318,3
19,32,12.420702560543,6
19,33,13.6718814044915,6
19,34,13.1430212910725,6
19,35,13.2287132411316,6
19,36,13.6607979884257,6
19,37,12.4701275013551,6
19,38,13.5841205205144,6
19,39,15.0457942738139,3
19,40,14.7875031820435,3
19,41,14.1106443213563,3
19,42,15.135293990801,3
19,43,15.7007863220513,3
19,44,14.1844923943698,3
19,45,15.0539247447568,3
19,46,14.788391496054,3
19,47,14.9815784260527,3
19,48,13.0689126395902,6
19,49,13.368069073353,6
19,50,14.9986766767498,3
19,51,16.7742638332903,4
19,52,16.6018276082956,4
19,53,17.7876139878202,4
19,54,16.6350544126175,4
19,55,17.8057928854968,4
19,56,16.7698403809874,4
19,57,16.9546345651404,4
19,58,16.5537607969514,4
19,59,17.0732272365496,4
19,60,16.2502147362736,4
19,61,16.7564819921312,4
19,62,16.662853230292,4
19,63,17.2155601985637,4
19,64,17.1990510638602,4
19,65,16.4299395365752,4
19,66,11.611629679807,6
19,67,13.0231486791253,6
19,68,13.6811376457413,6
19,69,13.2792867585431,6
19,70,12.59959387813,6
19,71,14.8748939984839,3
19,72,14.6431729052155,3
19,73,14.7315041024787,3
19,74,17.3920863251594,4
19,75,16.7939242253115,4
19,76,16.6084000619404,4
19,77,17.7046809704973,4
19,78,17.5848323308527,4
19,79,17.1159770309837,4
19,80,17.0111964447565,4
19,81,16.3716963192498,4
19,82,16.8071034590034,4
19,83,16.4111369275498,4
19,84,16.9091371605552,4
19,85,16.4135666701669,4
19,86,16.8848252757692,4
19,87,17.4157238323991,4
19,88,16.5640216501275,4
19,89,16.2245733363884,4
19,90,17.7264209250791,4
19,91,16.5030474611878,4
19,92,16.5843108267471,4
19,93,17.7047789207057,4
19,94,14.5735132767685,3
19,95,15.3665845744252,3
19,96,15.2494695019937,3
19,97,14.9327975011754,3
19,98,14.4713237489653,3
19,99,15.421940619597,3
19,100,13.3040907893245,6
20,1,6.85575391708058,10
20,2,6.87874361326731,10
20,3,7.73622328497962,10
20,4,7.62345377818808,10
20,5,6.38747532315927,10
20,6,7.36373036458275,10
20,7,7.05451452283519,10
20,8,6.9879033026047,10
20,9,7.60769483067511,10
20,10,6.52580304053724,10
20,11,7.05067316192603,10
20,12,6.80688293844138,10
20,13,6.15597610026315,10
20,14,6.94638339637697,10
20,15,6.95362260219433,10
20,16,7.7504665822877,10
20,17,6.17159706147571,10
20,18,6.833564123802,10
20,19,6.26238871357932,10
20,20,7.46540791145663,10
20,21,5.73586021945141,10
20,22,6.62588504808131,10
20,23,5.985579276642,10
20,24,8.50044040427076,9
20,25,10.2299193594375,8
20,26,11.1158799232638,8
20,27,10.3838739197221,8
20,28,10.98196114376,8
20,29,10.9378021408453,8
20,30,8.61853283471292,9
20,31,8.81968954952501,9
20,32,8.10508018618965,9
20,33,9.0097196796705,9
20,34,9.34109260952995,9
20,35,10.178450412352,9
20,36,11.8257033689192,8
20,37,8.66773599285543,9
20,38,11.8508611379074,8
20,39,11.1113723647116,8
20,40,9.4710360903744,9
20,41,9.23354865577195,9
20,42,11.6875211989927,8
20,43,8.51099749087325,9
20,44,9.53101798971818,9
20,45,9.47496616769034,9
20,46,10.9561740538998,8
20,47,9.32714955230419,9
20,48,9.02726548162896,9
20,49,10.8103801781704,8
20,50,9.89565326233526,8
20,51,10.5302194271413,8
20,52,10.3072522360769,8
20,53,5.92012788808657,10
20,54,7.31526865784106,10
20,55,5.79003753341805,10
20,56,7.07838304997295,10
20,57,7.75961979140294,10
20,58,7.90569261464624,10
20,59,6.92438724194157,10
20,60,7.11143518490783,10
20,61,7.05106253940874,10
20,62,7.02302691160536,10
20,63,7.13436605370281,10
20,64,7.04304493823876,10
20,65,6.4036188466481,10
20,66,7.53630990312662,10
20,67,5.9940594218756,10
20,68,6.63710346009101,10
20,69,6.31217491737911,10
20,70,7.51005922991169,10
20,71,6.35795732190095,10
20,72,7.63361133020565,10
20,73,7.33345761189568,10
20,74,6.62924480228201,10
20,75,6.04820068267057,10
20,76,6.51898587118463,10
20,77,7.76640369395516,10
20,78,5.98734362960915,10
20,79,7.67189653902178,10
20,80,6.17706071631234,10
20,81,7.27194311135693,10
20,82,7.3662184170542,10
20,83,7.36280665703751,10
20,84,6.74588892556771,10
20,85,7.26446002903093,10
20,86,6.834754757124,10
20,87,7.71611635183195,10
20,88,7.55529034328989,10
20,89,7.45290228244964,10
20,90,6.4113928230785,10
20,91,6.84792319814292,10
20,92,6.62186801515123,10
20,93,6.73651149918696,10
20,94,6.71715250662949,10
20,95,7.35915514784882,10
20,96,7.4551313292951,10
20,97,7.46761535964792,10
20,98,6.87753239266976,10
20,99,7.44501928064606,10
20,100,6.73199478571489,10
21,1,7.20737292092825,10
21,2,7.27151386270284,10
21,3,6.61992069649274,10
21,4,7.03481139080315,10
21,5,7.20167695276567,10
21,6,7.42109162882283,10
21,7,7.11542372481755,10
21,8,10.6939269638804,8
21,9,9.27602285811045,9
21,10,6.48855255141247,10
21,11,7.20002901514355,10
21,12,7.35149247871576,10
21,13,7.13210541211073,10
21,14,7.22564066992668,10
21,15,6.62926467559281,10
21,16,6.98790923775287,10
21,17,6.96488934303865,10
21,18,7.41204995251581,10
21,19,6.93655078125978,10
21,20,7.23240056586036,10
21,21,6.53472392126238,10
21,22,7.44024493709385,10
21,23,6.98819794431158,10
21,24,6.30764258610342,10
21,25,6.26049149556764,10
21,26,6.66902486733896,10
21,27,6.92300400221616,10
21,28,7.18334916418323,10
21,29,6.26519806793541,10
21,30,6.44904685921256,10
21,31,6.88607013838273,10
21,32,7.25055369637487,10
21,33,6.92544580171869,10
21,34,5.95638291895207,10
21,35,6.6011349188279,10
21,36,9.2064427084668,9
21,37,8.88703829608573,9
21,38,11.744272324828,8
21,39,10.738979359626,8
21,40,10.4934103055078,8
21,41,9.16719517898055,9
21,42,10.9023575794082,8
21,43,10.6663678983026,8
21,44,10.7345978688716,8
21,45,11.1262594973743,8
21,46,11.478194991336,8
21,47,11.7877058304816,8
21,48,10.0596142103228,8
21,49,11.136529393368,8
21,50,11.4447244578289,8
21,51,10.8850205469089,8
21,52,8.5027687883053,9
21,53,8.83484411106627,9
21,54,9.79734428767841,9
21,55,6.84324374236714,10
21,56,6.4847664492413,10
21,57,6.50280912564592,10
21,58,7.14216179612665,10
21,59,6.91751599198198,10
21,60,7.40105693372775,10
21,61,6.87583430009253,10
21,62,7.04319385456891,10
21,63,6.38198679903575,10
21,64,7.74862293271568,10
21,65,6.33152012858568,10
21,66,6.73642258341981,10
21,67,7.06471968568868,10
21,68,7.03562526400665,10
21,69,6.58754606254299,10
21,70,6.72191164687395,10
21,71,6.14001895930127,10
21,72,6.87666800418015,10
21,73,7.21107969021774,10
21,74,7.45059021733336,10
21,75,7.05881671122678,10
21,76,7.21110081277827,10
21,77,7.56206018484957,10
21,78,7.16450102684646,10
21,79,6.6437643688407,10
21,80,6.4851318780154,10
21,81,7.74305262083929,10
21,82,7.35329497799427,10
21,83,6.97264292480524,10
21,84,7.07659160732694,10
21,85,6.96070088897576,10
21,86,7.50433152541827,10
21,87,7.69996345846807,10
21,88,7.98346235642016,10
21,89,6.75232404119631,10
21,90,6.78140901078176,10
21,91,7.0356691308338,10
21,92,6.7619249491573,10
21,93,7.3109784621731,10
21,94,7.74048763387129,10
21,95,6.75047123601129,10
21,96,6.45078935524196,10
21,97,7.49641069703379,10
21,98,7.42132912989163,10
21,99,5.77095800365688,10
21,100,8.09159510739208,10
22,1,6.94240672895493,10
22,2,7.18847305491912,10
22,3,7.05022455456617,10
22,4,6.92973050834838,10
22,5,6.53984387686567,10
22,6,6.95264041102378,10
22,7,6.8101338952973,10
22,8,7.35654170955532,10
22,9,6.96855496948239,10
22,10,7.59930038791043,10
22,11,7.19471336137098,10
22,12,6.83990715199069,10
22,13,6.86325321406084,10
22,14,6.92684304833799,10
22,15,7.40618250760917,10
22,16,6.74552521435581,10
22,17,7.30503574489989,10
22,18,7.08011305191382,10
22,19,6.50628206340598,10
22,20,7.25551976868873,10
22,21,6.78329597399891,10
22,22,6.7851117364904,10
22,23,6.51911453587501,10
22,24,7.15448284038033,10
22,25,6.82069725967902,10
22,26,7.02608602524431,10
22,27,7.17906551786153,10
22,28,6.20697542460733,10
22,29,6.95629865006795,10
22,30,7.09780599621193,10
22,31,7.22236359893815,10
22,32,7.14724871646841,10
22,33,6.90612189085424,10
22,34,6.8565238792604,10
22,35,6.95537970407026,10
22,36,7.09248250875146,10
22,37,6.51170360119883,10
22,38,6.30268512344265,10
22,39,6.719810437731,10
22,40,6.68878431827455,10
22,41,6.45664015252847,10
22,42,7.35474851936529,10
22,43,6.72258205731811,10
22,44,7.63044184296416,10
22,45,7.55502821213714,10
22,46,7.55563774211876,10
22,47,7.15619085228918,10
22,48,7.40573513203103,10
22,49,7.38832419433293,10
22,50,7.67006722777135,10
22,51,7.22559991115088,10
22,52,6.93262707683311,10
22,53,7.22907499082947,10
22,54,7.56651737856134,10
22,55,7.36380744535713,10
22,56,7.12312588648595,10
22,57,6.59236012163072,10
22,58,6.86584426075034,10
22,59,6.568889701602,10
22,60,7.15020102145896,10
22,61,7.01939952223438,10
22,62,7.23029846177339,10
22,63,6.21972443952866,10
22,64,6.96778799592153,10
22,65,6.97233127518309,10
22,66,7.16282602024659,10
22,67,6.80167066293362,10
22,68,7.87361329059989,9
22,69,8.62352197769929,9
22,70,9.21472439216198,9
22,71,10.9157422705969,8
22,72,11.3222480897644,8
22,73,10.902393503936,8
22,74,17.3156890967121,11
22,75,17.0367641772425,11
22,76,16.5502448054601,11
22,77,15.9845492613557,11
22,78,16.7020440265723,11
22,79,17.0409014770359,11
22,80,10.7086443727875,8
22,81,10.8318587179361,8
22,82,9.07070634110868,9
22,83,9.37287691931439,9
22,84,9.14373798124282,9
22,85,10.9306648841481,8
22,86,10.8883156583868,8
22,87,11.3810811575684,8
22,88,11.1539385109742,8
22,89,11.3020621362936,8
22,90,10.94934038875,8
22,91,11.9361252419044,8
22,92,10.4750240062759,8
22,93,8.43697380628235,9
22,94,17.4070061426661,11
22,95,16.9592434741679,11
22,96,16.8872248155619,11
22,97,16.9121284978971,11
22,98,16.9633973359964,11
22,99,17.1195910382978,11
22,100,17.5653503910834,11
23,1,16.8314809381985,4
23,2,16.7954904364545,4
23,3,16.8612381561956,4
23,4,17.3831861242762,4
23,5,16.2828446571094,4
23,6,17.9241813594561,4
23,7,16.9500179027474,4
23,8,17.7400152076346,4
23,9,18.1479917668271,5
23,10,19.6162196945842,5
23,11,18.7733595383698,5
23,12,19.0316849975274,5
23,13,19.392727697239,5
23,14,18.9690879299601,5
23,15,18.5144297333923,5
23,16,19.2638203316602,5
23,17,18.7378288950842,5
23,18,18.5219198405295,5
23,19,19.4630848058669,5
23,20,18.7359256107916,5
23,21,18.6010380591573,5
23,22,18.5155984199181,5
23,23,18.3580923989997,5
23,24,19.3213201148086,5
23,25,19.3740438151086,5
23,26,19.0928198145726,5
23,27,19.2382394601581,5
23,28,18.0990915798377,5
23,29,19.2032659965826,5
23,30,19.2011295784364,5
23,31,19.9759731993969,5
23,32,19.3506455448984,5
23,33,18.4441102803794,5
23,34,19.4137013201491,5
23,35,18.0834693933404,5
23,36,18.4079717704474,5
23,37,19.2362321447803,5
23,38,18.4413402641697,5
23,39,18.4841635552087,5
23,40,18.9720826209164,5
23,41,19.7560571463478,5
23,42,18.7071811924981,5
23,43,19.5373818197259,5
23,44,19.2142927643569,5
23,45,18.9531868666649,5
23,46,18.7444230518451,5
23,47,18.8109221235072,5
23,48,18.8193959282834,5
23,49,18.3602414292242,5
23,50,18.1600935317409,5
23,51,19.4040216959158,5
23,52,18.9152963000989,5
23,53,18.6778338011889,5
23,54,19.8752728733007,5
23,55,18.6214937903395,5
23,56,19.3429269253783,5
23,57,18.2992869137424,5
23,58,20.4268597411057,5
23,59,18.9184541506817,5
23,60,18.5403472528801,5
23,61,19.1929615567114,5
23,62,19.0629797411022,5
23,63,19.1381670767758,5
23,64,19.4081321170118,5
23,65,19.1236050804229,5
23,66,18.3659517417427,5
23,67,19.6421067478098,5
23,68,19.0052553982101,5
23,69,18.758209492255,5
23,70,18.5020509135737,5
23,71,18.8115060113098,5
23,72,19.4567979714616,5
23,73,19.0411545898728,5
23,74,19.0685943393059,5
23,75,19.0128489085008,5
23,76,18.9452904040158,5
23,77,18.63568623445,5
23,78,18.670258574819,5
23,79,20.1358587125077,5
23,80,18.9761372404665,5
23,81,18.5722285446073,5
23,82,18.7979273198304,5
23,83,18.594958987189,5
23,84,19.4452685086839,5
23,85,18.9832635908239,5
23,86,18.8706758425008,5
23,87,19.0268856670413,5
23,88,17.9893011703955,5
23,89,19.4003603848023,5
23,90,18.2517324083058,5
23,91,19.4304224730911,5
23,92,18.4014675838965,5
23,93,18.508146476587,5
23,94,18.8794186979524,5
23,95,19.4609230345902,5
23,96,19.7786084349008,5
23,97,19.1116729392135,5
23,98,18.9624210812017,5
23,99,19.2097057481963,5
23,100,19.3394642136144,5
24,1,14.3266223150004,7
24,2,13.9092840815996,7
24,3,13.7088670312775,7
24,4,13.5578056894169,7
24,5,14.141810320392,7
24,6,13.8888453327414,7
24,7,14.8374284568889,7
24,8,13.1126239306381,7
24,9,14.447526082737,7
24,10,14.5011885735979,7
24,11,13.6751630966554,7
24,12,14.6877373803755,7
24,13,13.3097128451713,7
24,14,14.8880581703916,7
24,15,14.4270084410851,7
24,16,14.1085266786733,7
24,17,13.37229445103,7
24,18,13.8946621414225,7
24,19,14.0445887976809,7
24,20,14.4549253708025,7
24,21,14.3155196557851,7
24,22,14.7752131830277,7
24,23,14.2772554830834,7
24,24,13.8976269269823,7
24,25,15.8772121323896,7
24,26,14.0463918942487,7
24,27,13.7961748151216,7
24,28,14.0025130089785,7
24,29,14.2175199747709,7
24,30,13.159320014681,7
24,31,13.0221978322407,7
24,32,14.0082182392582,7
24,33,13.8229953490201,7
24,34,13.2870919271883,7
24,35,13.9643567885849,7
24,36,13.37283225636,7
24,37,13.575226657849,7
24,38,14.7470403268154,7
24,39,14.0906123155204,7
24,40,14.6980735794978,7
24,41,13.8241100458868,7
24,42,13.9452004910155,7
24,43,13.4523939391826,7
24,44,13.8648742364855,7
24,45,13.8285170828253,7
24,46,14.5127971448408,7
24,47,13.8432200824983,7
24,48,13.8123774098094,7
24,49,14.2684916280138,7
24,50,13.8831203153846,7
24,51,14.0787723316498,7
24,52,14.6541907966019,7
24,53,14.1008809272957,7
24,54,13.7831942188219,7
24,55,14.3380689788173,7
24,56,13.4936643612092,7
24,57,13.9249921214228,7
24,58,13.8526933238938,7
24,59,14.0989472405301,7
24,60,13.4662147761574,7
24,61,15.0040615797521,7
24,62,14.5867977672758,7
24,63,14.3155793025346,7
24,64,13.1874430561394,7
24,65,13.0975480589538,7
24,66,14.4685316968839,7
24,67,14.4229792191564,7
24,68,13.3235408703296,7
24,69,13.9350318511023,7
24,70,14.6223923843331,7
24,71,14.1189544460919,7
24,72,14.6919844233179,7
24,73,13.988001236345,7
24,74,13.2339572690026,7
24,75,14.3885102368097,7
24,76,13.9512719428164,7
24,77,13.8017241970115,7
24,78,13.5054454874238,7
24,79,13.7720536299281,7
24,80,14.2714895500833,7
24,81,14.3886738599174,7
24,82,14.5352894007935,7
24,83,13.8477818096308,7
24,84,13.459655006815,7
24,85,14.0784035075059,7
24,86,14.4813676776596,7
24,87,14.6324105795411,7
24,88,13.9199706622408,7
24,89,14.0623428690109,7
24,90,13.0748982142676,7
24,91,14.4424269154717,7
24,92,13.8750038865346,7
24,93,13.801957510521,7
24,94,13.846323547678,7
24,95,14.8976340779567,7
24,96,13.7663442401729,7
24,97,13.1015751852831,7
24,98,13.8529824437245,7
24,99,14.2479465845846,7
24,100,14.1412956084283,7
25,1,17.935095775607,12
25,2,19.8874719033849,12
25,3,19.325933223968,12
25,4,19.256427664297,12
25,5,18.8568082774707,12
25,6,19.4364008774118,12
25,7,18.3623034755425,12
25,8,18.9806906131377,12
25,9,18.8585614821549,12
25,10,19.590353162847,12
25,11,20.1999065789541,12
25,12,19.1139207178648,12
25,13,18.9710830370747,12
25,14,19.0162406747492,12
25,15,19.45719327413,12
25,16,18.9307323777174,12
25,17,19.064222053933,12
25,18,19.6376865993912,12
25,19,19.6270161620007,12
25,20,18.2581077708415,12
25,21,19.7778873527546,12
25,22,17.9749058573252,12
25,23,18.7024374911378,12
25,24,19.2855385236835,12
25,25,18.7798367888595,12
25,26,18.6104003606058,12
25,27,20.2042103217931,12
25,28,19.1059363124679,12
25,29,18.5412824257482,12
25,30,18.8720566132517,12
25,31,19.381854532931,12
25,32,17.8923688053359,12
25,33,19.6909793254768,12
25,34,19.7892704772813,12
25,35,18.8628903531424,12
25,36,19.3970266894232,12
25,37,19.1509956381289,12
25,38,19.6600047023884,12
25,39,18.2724896907258,12
25,40,19.2428204624339,12
25,41,18.4470116445596,12
25,42,19.5932999360059,12
25,43,18.7529436367151,12
25,44,19.0139076728282,12
25,45,19.3482147927629,12
25,46,18.8461377809402,12
25,47,19.8528226571483,12
25,48,18.8857630113354,12
25,49,18.7661877550234,12
25,50,19.9704319959783,12
25,51,18.991053038997,12
25,52,19.7654601006501,12
25,53,18.5416080158242,12
25,54,19.0180954091336,12
25,55,19.4763941315404,12
25,56,19.0001712596829,12
25,57,18.6491962950067,12
25,58,18.5604098619504,12
25,59,18.8776151029566,12
25,60,18.5753733557329,12
25,61,19.5896047724995,12
25,62,18.9482127564686,12
25,63,18.6993988798117,12
25,64,19.4069275180264,12
25,65,20.0208786678316,12
25,66,19.2237177306646,12
25,67,18.7022512174252,12
25,68,18.6053315841388,12
25,69,19.0177237502138,12
25,70,19.3684537437123,12
25,71,18.7626816611671,12
25,72,19.1215882616156,12
25,73,18.9970505893819,12
25,74,19.8154863518401,12
25,75,19.4182063137585,12
25,76,18.465718900888,12
25,77,19.1221456162266,12
25,78,19.3708116313855,12
25,79,18.4811186994656,12
25,80,19.548466154095,12
25,81,19.1899390476507,12
25,82,18.4713307024869,12
25,83,18.3001071771603,12
25,84,18.6850466352226,12
25,85,19.4087755251353,12
25,86,19.2226785313603,12
25,87,18.2717715194741,12
25,88,18.9715359384029,12
25,89,19.1194353605723,12
25,90,18.6387698007208,12
25,91,18.0516342004998,12
25,92,19.9151472413993,12
25,93,18.8911757562857,12
25,94,18.8438798537969,12
25,95,18.4661182187765,12
25,96,18.6469444219319,12
25,97,18.8561634675832,12
25,98,19.3405700584675,12
25,99,18.1533215586452,12
25,100,18.4819783389571,12
26,1,6.75616781795121,10
26,2,7.89824584524478,10
26,3,7.23083520478731,10
26,4,5.55848660542458,10
26,5,6.26767573634569,10
26,6,6.9882487592674,10
26,7,6.93865729609562,10
26,8,7.53302843434527,10
26,9,6.26426313319511,10
26,10,7.66984950453048,10
26,11,7.04693779489774,10
26,12,6.88045707426721,10
26,13,6.94980758136869,10
26,14,6.89918443818708,10
26,15,6.18286622976482,10
26,16,6.83568833289566,10
26,17,6.16060048492604,10
26,18,7.6442511521382,10
26,19,6.91854154504191,10
26,20,7.26466811957457,10
26,21,6.90344715358602,10
26,22,6.76071700686971,10
26,23,6.98073998168213,10
26,24,6.95122713633714,10
26,25,6.80983122572458,10
26,26,7.55889179007369,10
26,27,6.79578259655884,10
26,28,6.86399150530495,10
26,29,7.63980836785143,10
26,30,7.29000080975204,10
26,31,6.81317917125018,10
26,32,7.42426537281073,10
26,33,7.29103645526184,10
26,34,8.01286941653744,10
26,35,6.70943886309956,10
26,36,6.72793452929701,10
26,37,6.94528833541802,10
26,38,7.54480067521808,10
26,39,5.78085699290516,10
26,40,5.82985471488863,10
26,41,6.82122281580784,10
26,42,7.10319243709467,10
26,43,7.09351312301718,10
26,44,8.36853499063468,10
26,45,6.82982956530659,10
26,46,6.77058999102059,10
26,47,6.67928615772102,10
26,48,7.66608437014612,10
26,49,6.99891021571508,10
26,50,6.82081196815732,10
26,51,6.56858130497683,10
26,52,6.99274789082502,10
26,53,6.79544265307333,10
26,54,6.81867351953206,10
26,55,6.27231039612559,10
26,56,6.65959036576694,10
26,57,7.08283922603003,10
26,58,8.71704858580103,10
26,59,6.52440180994922,10
26,60,7.08732761535185,10
26,61,6.86333083217121,10
26,62,6.50846299414336,10
26,63,6.87387210658513,10
26,64,6.62051826606604,10
26,65,6.34220408326181,10
26,66,7.18247377676248,10
26,67,6.77762078813549,10
26,68,7.7855434413154,10
26,69,7.02863720834413,10
26,70,6.52509339273308,10
26,71,6.95516093133349,10
26,72,7.08976834382033,10
26,73,6.93720542736138,10
26,74,6.62237791127555,10
26,75,7.29813906956775,10
26,76,7.43767696115961,10
26,77,7.37419175991363,10
26,78,7.09710834935549,10
26,79,7.34842238118546,10
26,80,6.5706404168102,10
26,81,7.38389652409989,10
26,82,7.05703075291075,10
26,83,6.70124360320886,10
26,84,6.67804596968776,10
26,85,6.64820845473619,10
26,86,6.99425896667437,10
26,87,6.86919087631705,10
26,88,7.26896363401715,10
26,89,6.96439248083155,10
26,90,5.94508967511678,10
26,91,7.89134411014766,10
26,92,7.49209201366238,10
26,93,7.60988360862532,10
26,94,6.7485159334215,10
26,95,7.31293708723125,10
26,96,6.99831728653003,10
26,97,6.67643409100773,10
26,98,7.39625976301295,10
26,99,6.9822407091326,10
26,100,7.09105446229642,10
27,1,7.81259979122498,9
27,2,9.47819908370969,9
27,3,8.20961124955213,9
27,4,11.2275804384576,8
27,5,8.90995875135141,9
27,6,8.2957428756414,9
27,7,9.11075535461159,9
27,8,8.42970531370344,9
27,9,9.0695181302047,9
27,10,9.57673626046414,9
27,11,9.52632651379997,9
27,12,7.86966613321328,9
27,13,8.33612284395392,9
27,14,8.80437413401629,9
27,15,9.23886222215241,9
27,16,9.33710964762875,9
27,17,8.9319569649864,9
27,18,9.17222732643118,9
27,19,9.37245843952515,9
27,20,8.90711617074202,9
27,21,6.61184373674057,10
27,22,7.39640794418763,10
27,23,6.44529687034675,10
27,24,6.37166444476645,10
27,25,6.83676186949426,10
27,26,6.81520005645323,10
27,27,7.87894080454315,10
27,28,6.48499422476694,10
27,29,7.60471905976486,10
27,30,7.52932704000245,10
27,31,7.43733559891398,10
27,32,7.77867219366904,10
27,33,7.02694476497709,10
27,34,7.29139205824872,10
27,35,7.32050569615589,10
27,36,7.03056267508124,10
27,37,6.73700475246187,10
27,38,5.83581710381241,10
27,39,7.77927224942181,10
27,40,6.42300466879281,10
27,41,6.81481724240922,10
27,42,6.59923759472102,10
27,43,8.05827929135699,10
27,44,6.47931203988599,10
27,45,6.70931578359135,10
27,46,7.03688320375983,10
27,47,6.97395587069701,10
27,48,6.93955499461205,10
27,49,7.26964311202453,10
27,50,6.99737208485944,10
27,51,6.59875774582733,10
27,52,7.13617721601448,10
27,53,7.09915496233402,10
27,54,8.81870982785099,9
27,55,8.31178014015153,9
27,56,9.48155848194461,9
27,57,10.7172787978486,8
27,58,9.13493062284734,9
27,59,9.67462421296452,9
27,60,8.75500104822687,9
27,61,8.32790281488819,9
27,62,9.3508452539084,9
27,63,9.56833112040249,9
27,64,10.2550218631595,9
27,65,7.81738430580995,9
27,66,8.54282525416751,9
27,67,8.9053944221747,9
27,68,10.2328386393671,8
27,69,9.72049102304967,9
27,70,10.8885252242896,8
27,71,10.8834762152212,8
27,72,10.909918603486,8
27,73,10.2829621444839,8
27,74,9.40406330424386,8
27,75,10.066549018981,9
27,76,9.20837523815537,9
27,77,8.16808813745817,9
27,78,9.12292214510796,9
27,79,8.51855057578815,9
27,80,9.4844887228147,9
27,81,8.96460262526874,9
27,82,9.76635341084082,9
27,83,9.09762818460035,9
27,84,8.03896611513173,9
27,85,8.11533545769159,9
27,86,8.9384032630633,9
27,87,11.1086006520637,8
27,88,9.11514474930445,9
27,89,8.69288673270766,9
27,90,7.28502044788667,9
27,91,9.1101123497443,9
27,92,10.8454967980582,8
27,93,8.75626642500131,9
27,94,9.07509076257967,9
27,95,10.630144649978,8
27,96,10.7905280322374,8
27,97,9.05957433818179,9
27,98,7.70008905404103,9
27,99,8.82867258010081,9
27,100,8.85592340900773,9
28,1,16.7205774741405,4
28,2,16.9708991950992,4
28,3,17.5563165135435,4
28,4,17.7591529958793,4
28,5,17.0620731295771,4
28,6,17.632525259722,4
28,7,16.5629917545606,4
28,8,17.1977959221006,4
28,9,17.0355583423942,4
28,10,17.1254233040057,4
28,11,16.858373892982,4
28,12,17.8240656690779,4
28,13,16.8410710590487,4
28,14,15.8571607393605,4
28,15,16.4032795850458,4
28,16,17.2364390916698,4
28,17,17.2215917075937,4
28,18,15.8608550977135,4
28,19,16.8156595570311,4
28,20,16.7419044823362,4
28,21,17.5802360035748,4
28,22,17.0452385797969,4
28,23,16.7403906041389,4
28,24,16.6490908468301,4
28,25,17.7927014896347,4
28,26,17.6059507234168,4
28,27,16.9150249304359,4
28,28,17.2377218834007,4
28,29,17.4037692559663,4
28,30,17.1565026535559,4
28,31,16.2826095470597,4
28,32,15.0608218898618,3
28,33,15.2510900828685,3
28,34,15.3615982150889,3
28,35,14.634389287699,3
28,36,14.3876226859608,3
28,37,14.9084680137885,3
28,38,13.6408216583804,6
28,39,12.8323532110749,6
28,40,12.7947187261813,6
28,41,11.8083295671337,6
28,42,14.8388844105261,3
28,43,14.6376095577435,3
28,44,12.6177557880976,6
28,45,12.2522852471562,6
28,46,14.9194515997044,3
28,47,14.772641976302,3
28,48,14.8922671481342,3
28,49,14.8040063375916,3
28,50,11.8120655507536,6
28,51,12.9959827021494,6
28,52,14.3533750502575,3
28,53,14.229616573393,3
28,54,15.1365335529188,3
28,55,15.0813218711098,3
28,56,12.3796967023624,6
28,57,12.8816596284251,6
28,58,12.8731455325552,6
28,59,12.6144819289596,6
28,60,13.5905658413625,6
28,61,13.4120857127535,6
28,62,12.9345662321609,6
28,63,13.0158730587593,6
28,64,12.6237890799484,6
28,65,12.6167817027038,6
28,66,13.2561616497269,6
28,67,11.6958390092879,6
28,68,13.0993598703634,6
28,69,13.2008492053411,6
28,70,13.6078748000093,6
28,71,13.0184849643923,6
28,72,13.9622790477452,6
28,73,14.9315906484306,3
28,74,14.3050378031623,3
28,75,15.1981705521753,3
28,76,15.076884419271,3
28,77,14.4208735380403,3
28,78,14.5629901627228,3
28,79,15.3033340627614,3
28,80,14.9702760055447,3
28,81,15.3588962919786,3
28,82,14.8381443264649,3
28,83,15.6183419829655,3
28,84,14.7021528520825,3
28,85,14.4042762860664,3
28,86,13.6899636982223,3
28,87,15.6656744445077,3
28,88,15.633326728671,3
28,89,14.2012145968379,3
28,90,14.8967982694326,3
28,91,14.570477487687,3
28,92,15.1837471077614,3
28,93,14.9463876028941,3
28,94,15.4629162773954,3
28,95,15.3660722914776,3
28,96,15.1921684856721,3
28,97,15.5502989675839,3
28,98,15.1870679629772,3
28,99,14.7991043451577,3
28,100,14.9200188155657,3
29,1,6.56895970324395,10
29,2,7.13714890553859,10
29,3,6.42071111639756,10
29,4,7.6834372535536,10
29,5,6.72289096036965,10
29,6,7.20599759273297,10
29,7,6.59699198041702,10
29,8,6.92824723986315,10
29,9,7.20099387855047,10
29,10,7.54748245921473,10
29,11,6.87195876056923,10
29,12,7.05394575323443,10
29,13,8.07972074483207,9
29,14,8.93554232066595,9
29,15,8.36185407277975,9
29,16,8.88140401104242,9
29,17,8.40271789073024,9
29,18,10.7780378842802,8
29,19,10.5781885544777,8
29,20,11.5826154564533,8
29,21,10.1290460780429,9
29,22,8.394290885608,9
29,23,8.8444466944927,9
29,24,8.3998879193213,9
29,25,9.84098163865644,9
29,26,8.65623280123898,9
29,27,8.79402407064649,9
29,28,10.6990241906232,8
29,29,10.8152459617791,8
29,30,16.6199475427102,11
29,31,18.2104575794135,11
29,32,15.9335873049852,11
29,33,16.9735066311142,11
29,34,17.9631674534303,11
29,35,11.6604026286322,8
29,36,10.4489413942953,8
29,37,10.9034273090099,8
29,38,10.6352472335881,8
29,39,11.7601907065355,8
29,40,11.0885882134869,8
29,41,10.6157017023046,8
29,42,10.5899483731633,8
29,43,10.8816224934689,8
29,44,11.1023674607805,8
29,45,11.8379721142263,8
29,46,10.802827286369,8
29,47,9.17434599054008,9
29,48,9.5951572512697,9
29,49,8.72282224549022,9
29,50,9.27867151591668,9
29,51,9.3820609507996,9
29,52,9.07084690938815,9
29,53,10.5204991934775,8
29,54,10.6683515383107,8
29,55,11.3593187963693,8
29,56,8.6388596881542,9
29,57,11.4034702387178,8
29,58,10.5637169109312,8
29,59,10.7591137591942,8
29,60,11.0394450587739,8
29,61,11.6974497245654,8
29,62,11.3224895171588,8
29,63,10.7654654184255,8
29,64,10.6148739590964,8
29,65,11.4791745952121,8
29,66,10.3301570720815,8
29,67,9.77549689944453,9
29,68,9.15564171657983,9
29,69,8.84188059357793,9
29,70,8.50452924860458,9
29,71,9.30354586315429,9
29,72,8.80027151668431,9
29,73,8.76425579621952,9
29,74,9.54769018316559,9
29,75,8.94815395964344,9
29,76,9.66904056545813,9
29,77,9.46402694551178,9
29,78,10.8655447030661,8
29,79,11.145707547328,8
29,80,10.3992165088455,8
29,81,10.0106724761462,9
29,82,8.72985778768151,9
29,83,9.01239395629036,9
29,84,9.23895997255088,9
29,85,9.30167048707111,9
29,86,8.5423556994185,9
29,87,11.6427224417912,8
29,88,10.2754926606368,8
29,89,11.4954759401031,8
29,90,8.68099549439251,9
29,91,8.60702540884166,9
29,92,8.73573629764681,9
29,93,11.1119782059355,8
29,94,11.4503881195812,8
29,95,16.9984665429321,11
29,96,16.1524546656024,11
29,97,17.0609503963956,11
29,98,17.7485240399932,11
29,99,17.7563713462607,11
29,100,16.7952166328386,11
30,1,19.0860838706348,12
30,2,19.1780663629555,12
30,3,19.3283009145865,12
30,4,19.0145257904246,12
30,5,18.5517014343352,12
30,6,18.9789084499441,12
30,7,19.3345904122624,12
30,8,19.3416281382761,12
30,9,18.0098942914202,12
30,10,19.1041562061371,12
30,11,18.3641302973642,12
30,12,19.2634477578099,12
30,13,19.3090813744296,12
30,14,19.2025413612189,12
30,15,18.9141602213181,12
30,16,19.1969891684737,12
30,17,18.757158329361,12
30,18,18.5773412303422,12
30,19,18.6660665866783,12
30,20,19.2665688943485,12
30,21,18.8726099144639,12
30,22,20.1270500058352,12
30,23,19.2013288972789,12
30,24,18.9462440784624,12
30,25,19.1091634493443,12
30,26,19.5842254513655,12
30,27,19.3231270261399,12
30,28,18.6259379219701,12
30,29,18.3080270936932,12
30,30,18.8584016562376,12
30,31,19.4159264350265,12
30,32,18.677438905899,12
30,33,20.226355285652,12
30,34,19.2848646459562,12
30,35,18.2042438587249,12
30,36,18.8645291529729,12
30,37,19.220152902694,12
30,38,18.9661727693206,12
30,39,19.7967469478497,12
30,40,19.0298927997059,12
30,41,17.9468878068406,12
30,42,18.8289652936455,12
30,43,19.3179155547724,12
30,44,19.2394373360065,12
30,45,18.3862336004392,12
30,46,18.357911912342,11
30,47,16.7321407471301,11
30,48,16.6076378965643,11
30,49,16.920582139027,11
30,50,16.3466808215645,11
30,51,17.4974341084408,11
30,52,9.30047041540187,9
30,53,8.47029042829797,9
30,54,10.8328280147019,8
30,55,9.11545832923441,9
30,56,9.13840698367789,9
30,57,11.6617607929512,8
30,58,10.6795694024926,8
30,59,10.5021809828822,8
30,60,11.9615931645965,8
30,61,10.5774702373288,8
30,62,9.61465909122597,9
30,63,9.70992376452344,9
30,64,9.17336209199726,9
30,65,8.90254828644075,9
30,66,12.4882054479321,8
30,67,8.2652972003911,9
30,68,8.37335922558892,9
30,69,9.17476472738963,9
30,70,9.48054536018418,9
30,71,10.6825675637736,8
30,72,10.595919801631,8
30,73,9.11456703383644,9
30,74,8.58218398888951,9
30,75,9.23744100197236,9
30,76,8.90768941613432,9
30,77,10.7651312841245,8
30,78,6.74520223803075,10
30,79,9.06642687538916,9
30,80,8.81352869593454,9
30,81,8.51302480159583,9
30,82,10.9273345002879,8
30,83,9.19041171275508,9
30,84,9.69678448759767,9
30,85,8.04307733696975,9
30,86,8.68526550857983,9
30,87,9.43193945255094,9
30,88,10.6428118590267,8
30,89,9.65816488876534,9
30,90,8.98752295541649,9
30,91,9.34022749585353,9
30,92,8.95882142014897,9
30,93,9.41232946962335,9
30,94,11.3167452975788,8
30,95,9.2886389146897,9
30,96,9.3880627006204,9
30,97,8.8830419477132,9
30,98,9.14373092394025,9
30,99,11.0562661867532,8
30,100,11.3228931391971,8
31,1,16.5355902471017,4
31,2,17.8922394323161,4
31,3,17.3895008705389,4
31,4,17.2918292909308,4
31,5,17.427286613828,4
31,6,17.1196140038176,4
31,7,17.252951428313,4
31,8,17.5414078432176,4
31,9,16.0164099460973,4
31,10,17.4131733701279,4
31,11,17.7648831580103,4
31,12,17.0264795401618,4
31,13,17.1559081624627,4
31,14,17.6256153492723,4
31,15,16.9392041369194,4
31,16,17.8029075474732,4
31,17,16.8419196288803,4
31,18,17.6645467003442,4
31,19,16.7850474670004,4
31,20,17.3362150149219,4
31,21,17.3788634330327,4
31,22,17.1604236975376,4
31,23,17.2488210925694,4
31,24,16.7699412891526,4
31,25,16.6029227250856,4
31,26,17.1475251862071,4
31,27,15.290771273835,3
31,28,17.3687549694477,4
31,29,16.717002984189,4
31,30,17.3723372269031,4
31,31,17.9246715741445,4
31,32,17.5781605556209,4
31,33,17.340492990975,4
31,34,16.0947087624916,4
31,35,17.5351927728313,4
31,36,16.8806571957123,4
31,37,17.3204986285899,4
31,38,16.5585412162021,4
31,39,16.8858265331101,4
31,40,17.1427745561641,4
31,41,16.8732920074889,4
31,42,16.8743124368906,4
31,43,17.0374523432247,4
31,44,17.5248458011991,4
31,45,16.7010143892301,4
31,46,17.4444314020558,4
31,47,16.6198859743967,4
31,48,16.9470234758135,4
31,49,16.7598509168236,4
31,50,16.5932983351921,4
31,51,16.2119619027023,4
31,52,17.0828506626228,4
31,53,16.7966526615726,4
31,54,16.9013054073351,4
31,55,17.6426147734202,4
31,56,16.6345217847804,4
31,57,16.6412010456875,4
31,58,17.7505001611828,4
31,59,17.0555321567403,4
31,60,14.7940747345921,3
31,61,15.2510380706568,3
31,62,15.4753310661471,3
31,63,12.9994830431516,6
31,64,12.6202897613214,6
31,65,12.2279927788847,6
31,66,12.8843860077263,6
31,67,12.9941360341732,6
31,68,12.5779866206158,6
31,69,13.0568777742147,6
31,70,12.9251109563545,6
31,71,12.6948572098159,6
31,72,13.908797051391,6
31,73,12.8055663073063,6
31,74,14.4826950006419,3
31,75,14.3885036007452,3
31,76,14.5705215430698,3
31,77,15.3103898151753,3
31,78,15.179371343756,3
31,79,14.5533574399718,3
31,80,11.8514678311776,6
31,81,12.4518329979381,6
31,82,13.4052890058916,6
31,83,12.7253142892033,6
31,84,14.9491729251497,3
31,85,15.1114076519066,3
31,86,14.6271151441632,3
31,87,14.4698350019928,3
31,88,15.1629937308288,3
31,89,14.6304578781,3
31,90,15.7316745136567,3
31,91,16.6303473110336,4
31,92,17.3641731755471,4
31,93,16.4211498737497,4
31,94,17.0583725680087,4
31,95,17.4614774627143,4
31,96,16.7574614499995,4
31,97,16.9444087705988,4
31,98,16.8936150733639,4
31,99,16.9653937910237,4
31,100,16.3536978028187,4
32,1,17.4328762880333,12
32,2,18.4598472089348,12
32,3,18.599552663516,12
32,4,18.8198496053223,12
32,5,19.0987919181593,12
32,6,17.1318666446565,12
32,7,18.011756274465,12
32,8,19.2572202856138,12
32,9,19.5728054003884,12
32,10,18.2247852332977,12
32,11,19.0133157005176,12
32,12,18.328554122063,12
32,13,18.9166654798096,12
32,14,19.0081020996553,12
32,15,18.9876466523696,12
32,16,19.3632644367895,12
32,17,18.3384356199018,12
32,18,18.2747197480595,12
32,19,18.4736441272441,12
32,20,19.0903009534719,12
32,21,19.2970150228313,12
32,22,18.310415747204,12
32,23,19.453238745867,12
32,24,19.1719790196025,12
32,25,19.6601119960901,12
32,26,19.7631980342541,12
32,27,19.007621107682,12
32,28,19.276723409596,12
32,29,18.070909883448,12
32,30,19.1771308030005,12
32,31,18.7830626309528,12
32,32,18.4391513064934,12
32,33,19.320817914998,12
32,34,19.0449222373631,12
32,35,20.0757512572341,12
32,36,19.2641540854296,12
32,37,19.2226288798517,12
32,38,18.8364671731491,12
32,39,19.0410083392275,12
32,40,19.7108036699152,12
32,41,18.6519415444503,12
32,42,19.3834727759213,12
32,43,19.0734003528265,12
32,44,18.7811588615922,12
32,45,19.4236810086751,12
32,46,18.0767806227088,12
32,47,18.8234513132844,12
32,48,19.8740845602804,12
32,49,19.5766291178704,12
32,50,19.0219940470102,12
32,51,19.4102544926667,12
32,52,19.6299134142776,12
32,53,19.1288158884243,12
32,54,18.7869257293718,12
32,55,18.8566486837374,12
32,56,19.4226473074619,12
32,57,19.7046833794223,12
32,58,18.5166051002724,12
32,59,18.6567200359431,12
32,60,18.900533039088,12
32,61,19.1369014609792,12
32,62,18.8608149034439,12
32,63,19.2680706812744,12
32,64,18.8024535340309,12
32,65,19.5309844965446,12
32,66,19.0923075192249,12
32,67,19.7578985662398,12
32,68,18.9870563268091,12
32,69,19.0702675945449,12
32,70,18.5003750420399,12
32,71,19.145184713366,12
32,72,19.2010112963293,12
32,73,19.2143988462584,12
32,74,19.5774842511385,12
32,75,19.7597165319814,12
32,76,17.9554680962858,12
32,77,18.8112555525612,12
32,78,19.0958561293661,12
32,79,18.6143867176943,12
32,80,19.4154716535943,12
32,81,19.218759529168,12
32,82,18.9324367165565,12
32,83,18.6811056233894,12
32,84,18.9617590613115,12
32,85,19.1257424842837,12
32,86,19.241870820246,12
32,87,18.5423518192706,12
32,88,18.4520459275062,12
32,89,19.2286273478564,12
32,90,19.6896654889716,12
32,91,19.3191450839893,12
32,92,19.1254559173947,12
32,93,19.0179047492792,12
32,94,18.1381821872517,12
32,95,19.3280175966003,12
32,96,18.329823083856,12
32,97,19.2307000900299,12
32,98,18.6454943803637,12
32,99,18.4675754689951,12
32,100,19.0679640635931,12
33,1,17.2565556034017,11
33,2,15.9975840969788,11
33,3,8.31114948366434,9
33,4,8.72329156476941,9
33,5,8.50975379044981,9
33,6,8.65694984863188,9
33,7,9.04641388995931,9
33,8,8.80121737929978,9
33,9,11.1992412653402,8
33,10,10.3218252998763,8
33,11,10.2197170590673,8
33,12,10.5028646126589,8
33,13,9.14656537131185,9
33,14,8.42222583730745,9
33,15,10.536965585342,8
33,16,11.0875060315911,8
33,17,11.2463070741323,8
33,18,11.1099096117554,8
33,19,10.9368702041858,8
33,20,9.62663958038431,9
33,21,9.40234171944517,9
33,22,10.9878416744573,8
33,23,10.7119992858368,8
33,24,10.9537934804807,8
33,25,8.68501187098136,9
33,26,11.1156073184993,8
33,27,11.0436130242716,8
33,28,10.419246265589,8
33,29,10.2574066108171,8
33,30,10.4587837421742,8
33,31,9.60051289556077,9
33,32,9.25955896931773,9
33,33,8.20969179417488,9
33,34,8.75159779787782,9
33,35,9.21524083556853,9
33,36,8.74870534759224,9
33,37,8.81826356659658,9
33,38,8.83716982601267,9
33,39,9.22866047533745,9
33,40,9.09582037005622,9
33,41,8.73772233244997,9
33,42,8.74850447291829,9
33,43,8.5763507142688,9
33,44,9.58692197623757,9
33,45,9.10618923723415,9
33,46,8.87136990978814,9
33,47,9.81696920493584,9
33,48,9.26937989545204,9
33,49,8.89320832603756,9
33,50,9.4241810616972,9
33,51,9.36955991497659,9
33,52,8.5561082282511,9
33,53,8.87623552076793,9
33,54,8.51652421710176,9
33,55,9.56839708932046,9
33,56,11.2889859393633,8
33,57,10.7973737278203,8
33,58,10.3365857496336,8
33,59,8.65719435009351,9
33,60,9.27372048596866,9
33,61,8.20865347707196,9
33,62,11.8004046616745,8
33,63,9.40120423254799,9
33,64,8.06079927403684,9
33,65,9.53123247040461,9
33,66,9.19674682245619,9
33,67,10.6534995168185,8
33,68,11.6268326812614,8
33,69,9.71493997597891,9
33,70,9.05338278992647,9
33,71,8.90370090793837,9
33,72,10.4913738795167,8
33,73,11.0117601125598,8
33,74,10.6675401054934,8
33,75,10.4897105501651,8
33,76,10.9787404661686,8
33,77,11.5132930043754,8
33,78,10.9058281037488,8
33,79,11.3963968996942,8
33,80,9.23488957565609,9
33,81,7.92313480560823,9
33,82,8.66537091289074,9
33,83,10.4598634480594,8
33,84,10.6428416024541,8
33,85,11.9659036399794,8
33,86,8.62057344683394,9
33,87,8.54956644775949,9
33,88,9.07430126982114,9
33,89,8.82821544728175,9
33,90,11.3177387391051,8
33,91,8.51626955025572,9
33,92,11.1069319848597,8
33,93,10.851745575875,8
33,94,10.9114639334789,8
33,95,10.3439661691211,8
33,96,9.62391586234038,9
33,97,9.95644760803166,9
33,98,9.01528585426291,9
33,99,8.45115003374697,9
33,100,8.96872859995048,9
34,1,17.0209568514952,4
34,2,17.1557126488579,4
34,3,17.4665207014438,4
34,4,17.5424316346639,4
34,5,16.6937832850365,4
34,6,16.6413289920807,4
34,7,17.3515394267853,4
34,8,14.9485719644109,3
34,9,15.9419086504482,3
34,10,15.0851408551887,3
34,11,16.2234606896903,4
34,12,16.3818212742592,4
34,13,17.8547222200344,4
34,14,16.5732264762225,4
34,15,16.573962942849,4
34,16,16.7316230008012,4
34,17,17.6629352844508,4
34,18,16.3486972868267,4
34,19,17.3554387744565,4
34,20,17.6416699429036,4
34,21,17.5054942521167,4
34,22,17.3802326652721,4
34,23,17.6056148972962,4
34,24,17.637166153533,4
34,25,17.2950352212291,4
34,26,18.2719145547574,4
34,27,16.7010133072383,4
34,28,16.93162185848,4
34,29,15.0773415477664,3
34,30,15.092569265783,3
34,31,14.4282148149421,3
34,32,15.0821606839959,3
34,33,14.8307877817096,3
34,34,13.6314340888987,6
34,35,13.0947347217648,6
34,36,12.2636956357934,6
34,37,13.5338570011594,6
34,38,15.8753568264193,3
34,39,14.1857143350047,3
34,40,14.4329200435321,3
34,41,15.639757333734,3
34,42,13.2063692422718,6
34,43,13.5356689980063,6
34,44,13.1461704036798,6
34,45,14.4620470131236,3
34,46,15.9657098263348,3
34,47,15.6368377783625,3
34,48,14.6636000202841,3
34,49,15.393105959559,3
34,50,14.0981848288402,3
34,51,14.3145544145312,3
34,52,14.0838400633328,3
34,53,15.3945725650774,3
34,54,15.1589451714147,3
34,55,14.9110732361187,3
34,56,15.0362374702297,3
34,57,14.9009623686094,3
34,58,14.8278671942111,3
34,59,14.7394834599149,3
34,60,15.6621151978001,3
34,61,14.5023163165011,3
34,62,15.5203387824012,3
34,63,14.9698815279516,3
34,64,15.4435068196167,3
34,65,15.1804671973507,3
34,66,12.8234712731229,6
34,67,15.4173269161154,3
34,68,15.3932108261217,3
34,69,14.9204388468553,3
34,70,14.808284677954,3
34,71,14.9268159187973,3
34,72,14.7651546770429,3
34,73,13.1487687482222,6
34,74,12.7882374418522,6
34,75,13.3165321566742,6
34,76,12.3460795053557,6
34,77,12.7511029472787,6
34,78,13.087745779484,6
34,79,12.688658370881,6
34,80,12.9514042728038,6
34,81,14.9570962962105,3
34,82,15.3504551279777,3
34,83,14.8749403069818,3
34,84,14.6867104616408,3
34,85,15.7574351309953,3
34,86,14.6289281362987,3
34,87,15.5458851087093,3
34,88,14.0187157272841,3
34,89,14.7969826717373,3
34,90,15.0818945251601,3
34,91,15.5764102013763,3
34,92,14.0176182142264,3
34,93,15.8058687238381,3
34,94,13.8574658669189,6
34,95,12.8952071569237,6
34,96,13.3441219179764,6
34,97,12.9868328745104,6
34,98,13.6369505102742,6
34,99,13.2522657809398,6
34,100,12.5949632777649,6
35,1,19.2040350275645,5
35,2,19.5404252615839,5
35,3,18.3530253709857,5
35,4,18.4251451791619,5
35,5,19.2879816774054,5
35,6,19.0346460932319,5
35,7,19.0710714994444,5
35,8,19.3487880104513,5
35,9,18.0847135151067,5
35,10,19.0345384745496,5
35,11,18.5120913249544,5
35,12,18.8162296163263,5
35,13,18.6452305867096,5
35,14,19.4063308913005,5
35,15,19.2070565920308,5
35,16,18.7517076277082,5
35,17,18.9331387575406,5
35,18,18.9566006660462,5
35,19,19.1733838986487,5
35,20,19.0122376583863,5
35,21,18.2831439449508,5
35,22,18.434011919914,5
35,23,19.6070899974332,5
35,24,19.0414428084995,5
35,25,18.1904076978042,5
35,26,18.8969362690897,5
35,27,18.9589661641811,5
35,28,18.6682081783944,5
35,29,19.6833779929311,5
35,30,20.1311012816825,5
35,31,18.6568698343255,5
35,32,19.0582095617193,5
35,33,19.1924272426271,5
35,34,18.9819975891401,5
35,35,18.6423379038093,5
35,36,19.2479873619538,5
35,37,19.1242866055137,5
35,38,19.2858353399471,5
35,39,19.3806200249948,5
35,40,19.2935064175252,5
35,41,18.3888864278209,5
35,42,19.2020936767881,5
35,43,18.7911130405236,5
35,44,19.381339198408,5
35,45,18.9136921063082,5
35,46,18.9020179261563,5
35,47,19.0193682470867,5
35,48,19.2525114389058,5
35,49,18.2479182749615,5
35,50,18.6991133516498,5
35,51,18.8330989422305,5
35,52,19.7550294343698,5
35,53,19.1605760558037,5
35,54,19.1491831938682,5
35,55,18.2051258951368,5
35,56,19.1748687853238,5
35,57,19.3811526973,5
35,58,19.6887706236532,5
35,59,18.5144067367164,5
35,60,19.6463964874,5
35,61,18.5306641114921,5
35,62,18.7393114080265,5
35,63,19.0680110531347,5
35,64,19.2251068421124,5
35,65,19.8667963831209,5
35,66,19.6070888662044,5
35,67,18.4265488663058,5
35,68,18.8508288495783,5
35,69,18.9409916443759,5
35,70,19.3872956236649,5
35,71,18.962276887213,5
35,72,18.72980162531,5
35,73,19.0595633601422,5
35,74,18.7398676932969,5
35,75,19.2162665062337,5
35,76,19.2958079722564,5
35,77,18.2399680052866,5
35,78,18.5224118105708,5
35,79,18.9006376167747,5
35,80,18.4464811671836,5
35,81,19.3430256069029,5
35,82,19.5200235492346,5
35,83,19.1658050782723,5
35,84,19.5683748660237,5
35,85,18.0526477287727,4
35,86,17.952727621364,4
35,87,16.6957989722208,4
35,88,17.5566693979464,4
35,89,17.0691293541257,4
35,90,17.1059481511743,4
35,91,12.8809408866721,6
35,92,12.5167198992503,6
35,93,13.329421349053,6
35,94,12.8561181157674,6
35,95,13.36644787376,6
35,96,12.7578260670623,6
35,97,13.8705269862911,6
35,98,12.5729559580517,6
35,99,12.7695809069242,6
35,100,13.0466523475649,6
36,1,19.0220436801774,12
36,2,19.1532162270979,12
36,3,19.1913494080545,12
36,4,18.7000618378725,12
36,5,18.2928188587703,12
36,6,19.6631989267041,12
36,7,18.8427173504514,12
36,8,18.4750671996842,12
36,9,19.0397126100273,12
36,10,18.1916675042117,12
36,11,19.5729470927312,12
36,12,18.5942659074288,12
36,13,20.0301788546244,12
36,14,18.629387951913,12
36,15,18.750382951245,12
36,16,19.6776242407084,12
36,17,19.7713976965134,12
36,18,18.7101915475732,12
36,19,18.9764982322164,12
36,20,19.5530247962086,12
36,21,18.6598540846211,12
36,22,19.1353760921379,12
36,23,18.7428094713413,12
36,24,18.5890503367293,12
36,25,17.8738264931396,12
36,26,19.4636914952213,12
36,27,19.4337744285711,12
36,28,18.3497966677418,12
36,29,18.8734515233915,12
36,30,18.465740199807,12
36,31,19.9113923191306,12
36,32,18.6836119723434,12
36,33,18.9674464839738,12
36,34,19.2964368647898,12
36,35,18.7125833718013,12
36,36,18.9597052457129,12
36,37,19.2501111322627,12
36,38,19.7689900873197,12
36,39,19.8468631954542,12
36,40,18.8477838979581,12
36,41,18.8826439958454,12
36,42,18.5793097725579,12
36,43,18.6111300190138,12
36,44,18.6332740578434,12
36,45,18.9026887740675,12
36,46,18.3526151603606,12
36,47,18.9625048434585,12
36,48,18.8952882422965,12
36,49,18.2974048779479,12
36,50,18.3061040477387,12
36,51,19.0985100732589,12
36,52,19.8127630577423,12
36,53,18.6391944679552,12
36,54,19.273298748427,12
36,55,19.0446082565525,12
36,56,18.300135229217,12
36,57,19.7861812051125,12
36,58,19.0178338714537,12
36,59,19.5354708032347,12
36,60,18.8616660423556,12
36,61,19.3626748827693,12
36,62,18.2457665569431,12
36,63,16.5811801548302,11
36,64,17.5988849865491,11
36,65,16.8356160327141,11
36,66,17.1575403364114,11
36,67,16.778431614064,11
36,68,17.6703114452271,11
36,69,16.4157418058842,11
36,70,17.1877670778005,11
36,71,16.786771549044,11
36,72,17.4418921800528,11
36,73,16.2995898131945,11
36,74,17.0376495270977,11
36,75,17.154723290272,11
36,76,16.8541757804411,11
36,77,16.9459556078398,11
36,78,18.0002183275741,11
36,79,17.5890715653163,11
36,80,10.4811207580589,8
36,81,9.95189655524025,8
36,82,10.6136800255773,8
36,83,10.4507729581204,8
36,84,10.8541680328472,8
36,85,11.5067071734037,8
36,86,9.48872550325384,9
36,87,8.8738576376344,9
36,88,11.3540832716636,8
36,89,11.7805994482658,8
36,90,11.2427044613399,8
36,91,9.27272487481883,9
36,92,10.5076083704775,8
36,93,10.9097240047155,8
36,94,16.6371848561953,11
36,95,17.159243572618,11
36,96,17.0815708334978,11
36,97,17.5163372991512,11
36,98,17.8497852762075,11
36,99,17.402923039859,11
36,100,16.8272965543519,11
37,1,9.25742639453114,9
37,2,8.33441059447788,9
37,3,9.17653919495867,9
37,4,8.57044032207997,9
37,5,8.22322867199148,9
37,6,10.4772806692579,8
37,7,10.6492159749301,8
37,8,8.71648354058257,9
37,9,8.59495534346011,9
37,10,9.58002740728346,9
37,11,8.65625279259466,9
37,12,9.90406978628254,9
37,13,8.9825885285652,9
37,14,8.7448165614457,9
37,15,8.52648432632812,9
37,16,7.8047065266422,9
37,17,8.78892505233788,9
37,18,9.24865364408369,9
37,19,11.8306367374348,8
37,20,7.97034006518468,9
37,21,8.46768931961328,9
37,22,11.1119957482646,8
37,23,11.2669814680282,8
37,24,8.88026462743553,9
37,25,6.1593383940739,10
37,26,7.48165853990811,10
37,27,6.67336166701808,10
37,28,6.8210143166344,10
37,29,6.82396077344778,10
37,30,6.95059821946999,10
37,31,6.07165673432766,10
37,32,7.82236925647149,10
37,33,7.25536559617424,10
37,34,7.25501997625864,10
37,35,6.70838100729056,10
37,36,7.08152588356879,10
37,37,6.415837236649,10
37,38,6.03208923186658,10
37,39,7.13665820671121,10
37,40,6.83426032257819,10
37,41,7.48438204131626,10
37,42,6.61414784360051,10
37,43,7.00166924595738,10
37,44,7.89181190663583,10
37,45,7.26464764933948,10
37,46,8.88269357873771,9
37,47,8.60956332621926,9
37,48,8.09811990466522,9
37,49,8.67566566373427,9
37,50,8.04146970872398,9
37,51,11.8953433914321,8
37,52,8.46058105471668,9
37,53,9.34016320008597,9
37,54,9.25924946073915,9
37,55,11.5527040387307,8
37,56,10.8929306317529,8
37,57,10.6404991758436,8
37,58,8.94950562696036,9
37,59,8.61137234520886,9
37,60,6.13490312248237,10
37,61,6.84350655884283,10
37,62,8.17079015052085,10
37,63,6.86559054679871,10
37,64,7.31361762295696,10
37,65,6.21041715610964,10
37,66,6.44694896339148,10
37,67,6.79098346711518,10
37,68,7.60510526942935,10
37,69,7.77429766429677,10
37,70,7.62273353231542,10
37,71,6.9690824629018,10
37,72,6.68185866451663,10
37,73,6.53902964670376,10
37,74,6.3805420959756,10
37,75,6.42292863713199,10
37,76,7.18007609808677,10
37,77,7.34180524805096,10
37,78,6.70720519559733,10
37,79,7.08627039064416,10
37,80,6.82142074003018,10
37,81,7.03338764128402,10
37,82,7.04392478269121,10
37,83,7.10671763225354,10
37,84,7.03956286236339,10
37,85,7.27487629699902,10
37,86,6.98276427608368,10
37,87,7.22454092298633,10
37,88,11.4708140832456,8
37,89,11.1730552512736,8
37,90,10.2497526019143,8
37,91,11.29342502117,8
37,92,8.48542573904137,9
37,93,9.21230210411034,9
37,94,8.86093549030977,9
37,95,9.4466733908532,9
37,96,8.91876444280604,9
37,97,9.00717802044985,9
37,98,9.03420979927876,9
37,99,10.4376287440765,9
37,100,8.63254833380517,9
38,1,18.2183359743914,5
38,2,18.5376518570549,5
38,3,17.7192659868519,5
38,4,18.4669475433689,5
38,5,18.0012753503565,5
38,6,19.3281064458414,5
38,7,18.410811435744,5
38,8,18.0623335779623,5
38,9,19.9712651604586,5
38,10,19.483293509583,5
38,11,19.4045716988543,5
38,12,18.4722075731691,5
38,13,18.6032980388278,5
38,14,19.1647680781325,5
38,15,17.9482394104904,5
38,16,19.652492477746,5
38,17,19.1437327934536,5
38,18,18.8247063369164,5
38,19,18.9013190457229,5
38,20,19.1192759510202,5
38,21,18.4956653362287,5
38,22,19.1345673950863,5
38,23,18.1194065018811,5
38,24,18.801540024789,5
38,25,19.0875188044126,5
38,26,18.2393969547649,5
38,27,19.372861263897,5
38,28,18.9925074089769,5
38,29,18.4358543163452,5
38,30,18.2467177639169,5
38,31,19.2639162372084,5
38,32,19.2088454082361,5
38,33,19.3894731528554,5
38,34,18.7929801160686,5
38,35,18.9500026823886,5
38,36,18.5154608860269,5
38,37,19.5055873791264,5
38,38,18.6956138740339,5
38,39,19.3903956665895,5
38,40,19.2031274749773,5
38,41,19.4557529473929,5
38,42,19.898187932906,5
38,43,20.0171855700489,5
38,44,18.8853601006973,5
38,45,18.6430205075188,5
38,46,18.9793101950977,5
38,47,18.3053636501677,5
38,48,18.7712713130745,5
38,49,18.9986268325815,5
38,50,18.7008867712444,5
38,51,19.3619002585152,5
38,52,18.4951265269914,5
38,53,19.0183423892044,5
38,54,19.5310906716888,5
38,55,18.80945024204,5
38,56,19.1022766567021,5
38,57,18.8472602537279,5
38,58,18.9707450020892,5
38,59,16.062456699505,4
38,60,18.2408120697408,4
38,61,16.3155961500905,4
38,62,17.6348157248536,4
38,63,16.607283904888,4
38,64,16.9125985193871,4
38,65,17.765152693251,4
38,66,17.385543229338,4
38,67,16.3506678840538,4
38,68,16.4620955692067,4
38,69,16.9162791100835,4
38,70,16.852946340358,4
38,71,17.5139910401273,4
38,72,17.1585711808686,4
38,73,16.2996540893636,4
38,74,16.4483946979887,4
38,75,17.4459710436666,4
38,76,16.9875012648817,4
38,77,17.0168639223799,4
38,78,17.3662132316881,4
38,79,16.7835277356189,4
38,80,17.8346389440344,4
38,81,16.9722110601751,4
38,82,16.7235937005505,4
38,83,17.2627648288652,4
38,84,17.1132851337322,4
38,85,17.3941772495525,4
38,86,16.3591503996151,4
38,87,17.6123606493281,4
38,88,16.8258379585347,4
38,89,16.443780586869,4
38,90,17.0447707756415,4
38,91,16.8945430704963,4
38,92,17.0031982855987,4
38,93,16.7268487260104,4
38,94,17.5693540744539,4
38,95,16.3526157482588,4
38,96,17.1316879410167,4
38,97,16.6200636002874,4
38,98,16.584033915476,4
38,99,17.4769364031119,4
38,100,17.4978330340199,4
39,1,19.1456283497806,5
39,2,19.6540755362728,5
39,3,18.6522430294631,5
39,4,20.0005959964339,5
39,5,18.3884428213463,5
39,6,18.7908611173482,5
39,7,18.9621770694216,5
39,8,20.4267568398305,5
39,9,18.9901308478334,5
39,10,18.8517191281678,5
39,11,18.6479530100512,5
39,12,19.1447316835775,5
39,13,18.6587310913417,5
39,14,18.1887775543447,5
39,15,18.9802558038051,5
39,16,18.3988776243206,5
39,17,20.1775184798758,5
39,18,18.8650640659304,5
39,19,19.413007267525,5
39,20,19.4455192440118,5
39,21,18.8981133918353,5
39,22,18.5854664334477,5
39,23,18.7527527461171,5
39,24,18.1756511060603,5
39,25,18.9089282105018,5
39,26,19.4783610949082,5
39,27,19.6240451773529,5
39,28,17.3234594436448,5
39,29,19.1175453913184,5
39,30,18.3985867814399,5
39,31,18.8394197085965,5
39,32,19.5225880671101,5
39,33,18.3552143012892,5
39,34,19.2370744142125,5
39,35,19.1647726072321,5
39,36,20.3641516780371,5
39,37,19.6392729647769,5
39,38,18.845466415201,5
39,39,18.9077362351066,5
39,40,19.238465991511,5
39,41,19.1775220826533,5
39,42,19.2998969134772,5
39,43,19.8932103550696,5
39,44,19.2641221911611,5
39,45,18.6985991102663,5
39,46,19.1780856355666,5
39,47,19.0493454222233,5
39,48,18.6420826519237,5
39,49,18.317336945485,5
39,50,18.8546648983096,5
39,51,18.7373063929376,5
39,52,18.9893174707541,5
39,53,19.0739861188206,5
39,54,19.3129030416736,5
39,55,18.3473588354531,5
39,56,19.7467508323152,5
39,57,18.7116934256269,5
39,58,19.7848999168034,5
39,59,18.3572148987043,5
39,60,18.6738812725107,5
39,61,19.6467944029185,5
39,62,19.9879371980739,5
39,63,19.2823365519684,5
39,64,18.9211716103098,5
39,65,19.0301922320786,5
39,66,18.9842129009887,5
39,67,19.315555761119,5
39,68,20.3064647955363,5
39,69,18.6454012906495,5
39,70,18.3472440116389,5
39,71,19.1372344852188,5
39,72,19.4060369898662,5
39,73,19.2436766337468,5
39,74,19.1445713187306,5
39,75,18.5091591264898,5
39,76,19.423216403496,5
39,77,18.5104369091261,5
39,78,18.6286256783579,5
39,79,20.1343779384476,5
39,80,18.5429770977581,5
39,81,18.7516355339894,5
39,82,19.263147555169,5
39,83,18.7305831432076,5
39,84,18.7812093495079,5
39,85,19.0493478520377,5
39,86,19.2049552410477,5
39,87,18.8250649030343,5
39,88,19.2917261192095,5
39,89,18.8783532399411,5
39,90,19.4841509672346,5
39,91,18.8461202768287,5
39,92,19.2303970918601,5
39,93,18.9182497073753,5
39,94,18.9039649275468,5
39,95,18.2063101393275,5
39,96,18.4668149728652,5
39,97,18.0667814175263,5
39,98,18.6256188702999,5
39,99,19.0455386350643,5
39,100,19.6746871625267,5
40,1,18.6572823944635,12
40,2,18.9434625189054,12
40,3,19.1776996993675,12
40,4,18.9403352452193,12
40,5,18.0316009463379,12
40,6,17.8306081794842,12
40,7,19.8556124411264,12
40,8,18.7609061706943,12
40,9,18.3776624518539,12
40,10,19.5190208378982,12
40,11,18.4430945255586,12
40,12,18.9566618733369,12
40,13,19.1162504086909,12
40,14,19.8284099232644,12
40,15,18.7514443097642,12
40,16,19.5254361448542,12
40,17,19.0701216330513,12
40,18,17.8723218825002,12
40,19,20.1555273157293,12
40,20,19.3365554151655,12
40,21,19.2266879084456,12
40,22,18.5081696779209,12
40,23,19.0220374067414,12
40,24,18.1709075301899,12
40,25,19.1484724717478,12
40,26,19.0588624487423,12
40,27,19.2987135522357,12
40,28,19.3886776746266,12
40,29,18.5547194823749,12
40,30,18.8850192780735,12
40,31,18.504240617171,12
40,32,18.2760530871672,12
40,33,18.5675237567014,12
40,34,18.7873309634478,12
40,35,18.7021192401884,12
40,36,18.7639312436738,12
40,37,18.9056914748686,12
40,38,18.527678194195,12
40,39,18.5016325323302,12
40,40,19.4234930846715,12
40,41,18.4922137075001,12
40,42,18.8323027897355,12
40,43,19.2756762639215,12
40,44,19.1003754299445,12
40,45,19.4239341327218,12
40,46,18.9938518441287,12
40,47,18.7809906846479,12
40,48,17.7290474308057,12
40,49,18.9984390861851,12
40,50,18.3406935328257,12
40,51,18.989462010392,12
40,52,17.9625773186331,12
40,53,18.8758055311863,12
40,54,18.9879708299515,12
40,55,18.7102976372742,12
40,56,18.9841628061561,12
40,57,19.1252219424634,12
40,58,18.8104205768699,12
40,59,18.9110839646397,12
40,60,18.7530428939468,12
40,61,18.8015300046295,12
40,62,18.5652294975876,12
40,63,19.5791772049691,12
40,64,18.7635049584107,12
40,65,19.1618645608775,12
40,66,19.1155708279246,12
40,67,19.2114446765402,12
40,68,18.8321923684464,12
40,69,19.6962783259288,12
40,70,19.116732176936,12
40,71,18.6915395568255,12
40,72,19.4271202974443,12
40,73,19.3526124272728,12
40,74,18.0419928998442,12
40,75,18.9011839830104,12
40,76,19.4816342864617,12
40,77,19.8094454770519,12
40,78,18.5534837650354,12
40,79,19.2309749210781,12
40,80,18.5518997512134,12
40,81,19.0708169310319,12
40,82,19.3803974837146,12
40,83,18.2856851281292,12
40,84,19.0579678545867,12
40,85,19.9395168202951,12
40,86,18.9133202479352,12
40,87,19.4236909825752,12
40,88,20.2359193698906,12
40,89,18.9894517047367,12
40,90,18.6403560942676,12
40,91,18.4927272221161,12
40,92,18.701041170479,12
40,93,19.8140218181654,12
40,94,18.8758656470858,12
40,95,19.7208916686051,12
40,96,18.1636192537293,12
40,97,19.4223640973911,12
40,98,20.3349619194562,12
40,99,18.5524472907262,12
40,100,19.3325082269552,12
41,1,18.6964100679379,12
41,2,19.8175866839575,12
41,3,19.411735717592,12
41,4,19.1991635985792,12
41,5,19.7496779636518,12
41,6,18.8422291071238,12
41,7,18.7197327940647,12
41,8,20.0533086925861,12
41,9,18.6477789824945,12
41,10,19.1830950226593,12
41,11,19.0212041379497,12
41,12,19.2270837480277,12
41,13,19.4427718409398,12
41,14,19.7158077942078,12
41,15,19.2831053860486,12
41,16,19.2160586975903,12
41,17,18.7307091281223,12
41,18,19.2703592968535,12
41,19,19.4591572075344,12
41,20,19.220273922735,12
41,21,18.9962849200958,12
41,22,19.0026712068322,12
41,23,19.1376018268366,12
41,24,18.6888792568449,12
41,25,19.444159414066,12
41,26,18.6835084804484,12
41,27,18.5638920561905,12
41,28,18.617206114096,12
41,29,19.6797483269749,12
41,30,18.6923375912957,12
41,31,19.4410915445222,12
41,32,19.047247233181,12
41,33,19.3002619465975,12
41,34,19.2550415089451,12
41,35,18.6048173782803,12
41,36,17.5427630639467,12
41,37,18.2811617723026,12
41,38,19.3126395537865,12
41,39,18.9335454215839,12
41,40,19.1180065970578,12
41,41,19.3436135617503,12
41,42,19.0806328868284,12
41,43,19.0661335041618,12
41,44,19.2561254088335,12
41,45,19.7345951107057,12
41,46,18.9645606928857,12
41,47,18.2926656463708,12
41,48,18.6210634758285,12
41,49,19.9947337424601,12
41,50,18.1797275911926,12
41,51,18.3689366480847,12
41,52,17.0460445511325,12
41,53,18.7925588256565,12
41,54,19.2536274133921,12
41,55,20.0330279805231,12
41,56,18.6915533661812,12
41,57,18.5655772229144,12
41,58,19.5025549972613,12
41,59,19.5665838863696,12
41,60,18.7802825555964,12
41,61,18.8891677347712,12
41,62,19.6716820073441,12
41,63,18.8460164793957,12
41,64,18.4137900312195,12
41,65,18.8988473523172,12
41,66,18.9219092548879,12
41,67,19.0085564436793,12
41,68,18.160085619185,12
41,69,19.1978495193174,12
41,70,18.5496102988889,12
41,71,19.430962759061,12
41,72,19.2266024176661,12
41,73,19.6139507691652,12
41,74,19.1229582622596,12
41,75,18.8670728462014,12
41,76,18.3643852365519,12
41,77,19.7727207721042,12
41,78,18.7855135503105,12
41,79,19.5617280114872,12
41,80,18.6807933715031,12
41,81,18.5818460458532,12
41,82,19.4163539138577,12
41,83,19.137024710056,12
41,84,18.3854685273254,12
41,85,19.0506060723901,12
41,86,19.5076090452027,12
41,87,19.1979825097181,12
41,88,19.2735310895658,12
41,89,18.0650773054008,12
41,90,18.8739909968833,12
41,91,18.9844854218659,12
41,92,19.3331666005732,12
41,93,19.1674040792121,12
41,94,18.6649298463203,12
41,95,18.8655025379199,12
41,96,19.3442862348371,12
41,97,18.8855597148719,12
41,98,18.0979952885913,12
41,99,18.5077981763705,12
41,100,19.2824636167234,12
42,1,12.9535690785056,6
42,2,12.6220174406814,6
42,3,13.0158944053472,6
42,4,13.2924674127718,6
42,5,12.814252863136,6
42,6,12.0031909378179,6
42,7,14.3766651683006,6
42,8,13.4789190707047,6
42,9,12.3858303368979,6
42,10,12.1906374698748,6
42,11,11.8260960645226,6
42,12,13.7043186578369,6
42,13,14.0223210972624,6
42,14,12.4963791463496,6
42,15,13.8427774282189,6
42,16,14.5229029081552,3
42,17,15.1786976366205,3
42,18,15.0128508910936,3
42,19,14.4258062128606,3
42,20,14.8424748459036,3
42,21,14.871007304593,3
42,22,14.8651339323958,3
42,23,14.8784418895747,3
42,24,15.1049194601958,3
42,25,14.9659007895038,3
42,26,15.2395187890522,3
42,27,15.7309968425707,3
42,28,15.2860758384446,3
42,29,15.0328953620703,3
42,30,14.9853260449541,3
42,31,15.3164163227169,3
42,32,15.6884708887723,3
42,33,12.1638400407065,6
42,34,12.323725211828,6
42,35,13.8118225690263,6
42,36,12.4721949599706,6
42,37,13.2002142328814,6
42,38,12.5214020130729,6
42,39,12.5258709246806,6
42,40,12.8332969603833,6
42,41,12.9342745861933,6
42,42,12.9098161933597,6
42,43,13.6716054407538,6
42,44,13.054365317128,6
42,45,12.639993145833,6
42,46,13.8615484193916,6
42,47,13.8855790362296,6
42,48,15.055340242278,3
42,49,14.9310904121916,3
42,50,15.0070975589736,3
42,51,15.166795569948,3
42,52,14.8994180905327,3
42,53,14.8368675356041,3
42,54,14.8700278484432,3
42,55,15.3388590422046,3
42,56,15.3524625309375,3
42,57,15.5623736326157,3
42,58,15.1134428772399,3
42,59,14.8723865840866,3
42,60,14.1516386236775,3
42,61,13.0031696467009,6
42,62,13.5666028038228,6
42,63,12.575106381784,6
42,64,13.6837401520154,6
42,65,13.5856154839946,6
42,66,12.2743004633818,6
42,67,12.8825238697742,6
42,68,12.9621380160755,6
42,69,12.1967836909376,6
42,70,13.2284867738655,6
42,71,13.3973779938043,6
42,72,13.7235212987893,6
42,73,12.5171271034924,6
42,74,12.1772244700103,6
42,75,13.4550296068117,6
42,76,14.0175053701845,3
42,77,15.2996020823848,3
42,78,15.680199338893,3
42,79,16.5146157618706,4
42,80,15.5764737696457,3
42,81,15.0829403953224,3
42,82,15.2853760347571,3
42,83,14.9241281000324,3
42,84,13.2599130419253,6
42,85,13.1072068234141,6
42,86,12.6790051753061,6
42,87,13.7166208800802,6
42,88,12.5035069866992,6
42,89,14.2605924747026,3
42,90,13.99718856851,3
42,91,15.0502025531841,3
42,92,15.1056069102865,3
42,93,14.9808244773663,3
42,94,14.9055646005057,3
42,95,14.2177897553212,3
42,96,14.5491913898792,3
42,97,14.3706666410567,3
42,98,15.400201233157,3
42,99,15.2856843285378,3
42,100,12.802445628782,6
43,1,10.3511909969203,2
43,2,9.52584219738748,2
43,3,9.90763132015739,2
43,4,10.9992091796554,8
43,5,8.0329960572714,9
43,6,8.45308399060072,9
43,7,9.67620570984977,9
43,8,9.5011212318496,9
43,9,9.11018909761271,9
43,10,9.77302044214652,9
43,11,9.12968627815765,9
43,12,10.9433516365472,8
43,13,10.6522447325529,8
43,14,11.1380154561441,8
43,15,11.8743503138329,8
43,16,11.4085472486013,8
43,17,9.42253093683331,9
43,18,8.5207817081007,9
43,19,8.18916923183068,9
43,20,10.3531190975258,8
43,21,10.0234651694672,8
43,22,9.72014125630498,9
43,23,8.51987542522781,9
43,24,8.45642582370989,9
43,25,10.9611562068292,8
43,26,10.6493023463543,8
43,27,8.96680169981023,9
43,28,10.8450902424128,8
43,29,17.0266003426366,11
43,30,11.2924031739333,8
43,31,11.7754715973059,8
43,32,10.9657108593813,8
43,33,11.1672753148425,8
43,34,9.3878290440036,9
43,35,11.243502370854,8
43,36,10.5995786928326,8
43,37,8.87945064821725,9
43,38,11.2920577907283,8
43,39,11.2218904782538,8
43,40,10.8876373276655,8
43,41,9.18491553751424,9
43,42,11.0501367261973,8
43,43,10.8483749536195,8
43,44,11.65351488744,8
43,45,11.3341752334418,8
43,46,10.886567253842,8
43,47,9.24650892650032,9
43,48,11.6055609393015,8
43,49,10.6405490352238,8
43,50,8.36118936743882,9
43,51,16.3372143491716,11
43,52,16.9424566290072,11
43,53,16.4497527097589,11
43,54,17.50515922305,11
43,55,16.8501995798556,11
43,56,16.7007229906482,11
43,57,8.9893528548335,9
43,58,11.3172987885544,8
43,59,10.2280917449272,9
43,60,8.82181965882292,9
43,61,8.83167333444862,9
43,62,9.35034269728851,9
43,63,10.3583615579279,8
43,64,11.0246188068268,8
43,65,10.7809962429251,8
43,66,9.90654653751182,8
43,67,10.2075581077067,8
43,68,11.1802401687807,8
43,69,11.5852699292902,8
43,70,9.17203444787519,9
43,71,9.83264020478057,9
43,72,8.50538418652685,9
43,73,11.022868386532,8
43,74,8.68456868633108,9
43,75,9.3558905536825,9
43,76,8.9418232526865,9
43,77,9.06578337929103,9
43,78,11.1381627368037,8
43,79,11.4508305846537,8
43,80,10.9843457121181,8
43,81,10.3842796681833,8
43,82,11.8259763017847,8
43,83,9.85902496753603,9
43,84,10.3576007824491,8
43,85,9.26821707154295,9
43,86,11.8894474255684,8
43,87,11.0921953839552,8
43,88,11.2456431722083,8
43,89,10.0016018409818,9
43,90,9.43159142347676,9
43,91,8.96204351727022,9
43,92,11.0013929540721,8
43,93,8.39142316111681,9
43,94,10.7215130036004,8
43,95,10.7986016446934,8
43,96,10.4972296942771,8
43,97,10.0464888532998,9
43,98,11.0447380423058,8
43,99,10.4106561566076,8
43,100,10.5062162035298,8
44,1,11.0009584849521,8
44,2,11.5641566205287,8
44,3,11.2318766993006,8
44,4,8.49838808026937,9
44,5,8.69072669520203,9
44,6,8.86758857223895,9
44,7,11.2239102326143,8
44,8,17.4377660239248,11
44,9,16.1108753306639,11
44,10,10.8392402340096,8
44,11,10.8539129419419,8
44,12,10.5974774550701,8
44,13,8.99693897069907,9
44,14,16.3609713144349,11
44,15,17.1299895084752,11
44,16,16.854701779653,11
44,17,16.3111053972394,11
44,18,17.1205637191131,11
44,19,17.4095437698327,11
44,20,16.7301936358243,11
44,21,16.2234777748306,11
44,22,16.5031462238601,11
44,23,17.6620207802074,11
44,24,18.2336926623146,11
44,25,17.0263834629296,11
44,26,16.4803182021257,11
44,27,16.6426761177538,11
44,28,17.2851419892986,11
44,29,17.1709326420634,11
44,30,16.8493570808092,11
44,31,17.441443966502,11
44,32,16.6602149440689,11
44,33,17.2420032672807,11
44,34,17.978725646741,11
44,35,17.5557533292554,11
44,36,16.5307818557039,11
44,37,16.2997232829688,11
44,38,17.9922901308103,11
44,39,17.1479287234102,11
44,40,16.71214122568,11
44,41,16.4670491760848,11
44,42,16.480296829616,11
44,43,17.8798192607003,11
44,44,17.1535859714955,11
44,45,16.7701727069952,11
44,46,17.0094758859115,11
44,47,16.4979581724322,11
44,48,17.4826243600526,11
44,49,16.8418773119746,11
44,50,17.3238663351748,11
44,51,17.2521463012005,11
44,52,16.4208815277731,11
44,53,17.6695794227922,11
44,54,17.4405162652847,11
44,55,16.7133705247816,11
44,56,16.4950688394808,11
44,57,17.5496341296851,11
44,58,16.5930129020701,11
44,59,16.848100240969,11
44,60,16.4363024815243,11
44,61,16.743515991555,11
44,62,16.575032935209,11
44,63,16.405664613295,11
44,64,16.5537826854281,11
44,65,16.7724498223372,11
44,66,17.0214466712025,11
44,67,17.2629676912671,11
44,68,17.3324354176571,11
44,69,16.8664271747577,11
44,70,17.6816459259293,11
44,71,16.6301464909733,11
44,72,16.9923453592345,11
44,73,16.8809177143547,11
44,74,16.5691190891348,11
44,75,16.9016561032667,11
44,76,15.7357103238615,11
44,77,17.6423823980938,11
44,78,16.7779320639825,11
44,79,17.3095008091337,11
44,80,16.4629869732887,11
44,81,17.6630746358035,11
44,82,16.9391012385876,11
44,83,17.1780894121876,11
44,84,16.9496779284884,11
44,85,17.2720423780615,11
44,86,17.8531093725053,11
44,87,17.2899122925989,11
44,88,17.2650353641405,11
44,89,17.8092643990155,11
44,90,17.1676009094352,11
44,91,17.4909263687798,11
44,92,16.6982430835304,11
44,93,17.3593627483511,11
44,94,17.2232440337079,11
44,95,16.7358261450816,11
44,96,17.5014058287925,11
44,97,16.8637634136914,11
44,98,17.0101217151568,11
44,99,17.2858178658459,11
44,100,16.4457262664809,11
45,1,17.217993972124,4
45,2,16.9448973786346,4
45,3,15.8186054109567,3
45,4,14.3326352189356,3
45,5,14.44241967551,3
45,6,14.2543507996832,3
45,7,13.0768217432387,6
45,8,13.7193189395673,6
45,9,11.5920602945491,6
45,10,13.0899066265782,6
45,11,13.2867426455572,6
45,12,13.0481226513309,6
45,13,12.8436671645065,6
45,14,14.286180359036,3
45,15,13.8878014525764,3
45,16,14.7841592369241,3
45,17,14.8492214594041,3
45,18,13.1077502527046,6
45,19,13.1408602956893,6
45,20,13.8809946379979,6
45,21,14.7064387419508,3
45,22,14.9672190030548,3
45,23,14.4350715264506,3
45,24,14.6362223863096,3
45,25,14.8892938856637,3
45,26,12.8646197821063,6
45,27,13.6069155922058,6
45,28,15.1861670988743,3
45,29,15.6845965394176,3
45,30,15.0564634710141,3
45,31,15.2412888328417,3
45,32,15.5101195692807,3
45,33,15.4645462874182,3
45,34,14.7489760459978,3
45,35,15.602238380372,3
45,36,15.5892205178843,3
45,37,15.3657617310211,3
45,38,15.5755500348776,3
45,39,14.7580845561305,3
45,40,15.1996089374196,3
45,41,14.193000387361,3
45,42,16.819454543965,4
45,43,17.6523577804617,4
45,44,17.1053317945713,4
45,45,17.2795245827612,4
45,46,17.2487422966547,4
45,47,17.5225503842371,4
45,48,17.2110155482756,4
45,49,17.4859647224726,4
45,50,16.9568478804902,4
45,51,16.4763915658236,4
45,52,17.0946769119752,4
45,53,16.2851357495919,4
45,54,16.7456602505608,4
45,55,17.1777003054658,4
45,56,16.0962262106268,4
45,57,16.7125717552643,4
45,58,17.5985587497532,4
45,59,17.3216604952002,4
45,60,16.9910979688349,4
45,61,17.5781470126997,4
45,62,17.8846763708181,4
45,63,17.1161480314774,4
45,64,17.1109787233823,4
45,65,19.3310230555495,5
45,66,18.2284209134698,5
45,67,18.9423260231255,5
45,68,18.6240533470772,5
45,69,18.5232485557397,5
45,70,18.5192504967171,5
45,71,18.8938958473784,5
45,72,19.604960219332,5
45,73,19.3497070183096,5
45,74,19.7932751342465,5
45,75,18.5681828322547,5
45,76,19.5949098148237,5
45,77,18.7225009254336,5
45,78,18.7607154050557,5
45,79,19.1727136766003,5
45,80,18.8259285810761,5
45,81,19.3693788221809,5
45,82,18.8649207813887,5
45,83,19.0939132968198,5
45,84,19.1781772358807,5
45,85,19.2799614828366,5
45,86,18.3432703931402,5
45,87,19.4117147957816,5
45,88,19.5701736426698,5
45,89,18.7385029786226,5
45,90,19.2095830984602,5
45,91,19.7620161825468,5
45,92,19.6028949435307,5
45,93,19.4723796470012,5
45,94,18.5805192324786,5
45,95,18.9767429497296,5
45,96,19.6121348686229,5
45,97,20.0737404033153,5
45,98,18.9632163413234,5
45,99,19.037531463015,5
45,100,19.377398088256,5
46,1,13.0683883924847,6
46,2,13.4391277492026,6
46,3,13.0248903159162,6
46,4,12.9360760222955,6
46,5,13.7303529636663,6
46,6,12.4346551142264,6
46,7,13.8261224488195,6
46,8,13.7178252194438,6
46,9,13.9075245444344,6
46,10,13.8145823370627,6
46,11,12.7133331464645,6
46,12,12.278935561309,6
46,13,13.0170304549612,6
46,14,13.903094095225,6
46,15,12.1965080975502,6
46,16,12.8451980432388,6
46,17,12.9286186386823,6
46,18,15.5522248005118,3
46,19,14.8891591140589,3
46,20,15.3679122485705,3
46,21,12.8883403435969,6
46,22,12.4974227630372,6
46,23,12.7739225950494,6
46,24,13.5553941597352,6
46,25,12.5727544037848,6
46,26,12.1550500830706,6
46,27,13.0598970782675,6
46,28,13.3274666952322,6
46,29,13.1789317754615,6
46,30,13.682673580976,6
46,31,13.6337658921952,6
46,32,12.5064499159621,6
46,33,13.7497465522585,6
46,34,12.3862283647116,6
46,35,13.0192001818403,6
46,36,15.1640438328955,3
46,37,15.019003182201,3
46,38,13.4387653739177,6
46,39,12.1468493400099,6
46,40,12.135946929921,6
46,41,12.1715662970226,6
46,42,13.8342374026676,6
46,43,15.3766651968738,3
46,44,15.115131140273,3
46,45,12.5795622770887,6
46,46,14.5606484163411,3
46,47,13.9574911398992,3
46,48,15.4576366088464,3
46,49,14.7583058470131,3
46,50,16.2286161070577,3
46,51,15.6169911598696,3
46,52,15.8698996916167,3
46,53,14.9079697839162,3
46,54,12.9340185372168,6
46,55,13.2883439374953,6
46,56,12.9652019948135,6
46,57,13.5053914689165,3
46,58,12.6917357825967,6
46,59,12.9767493515931,6
46,60,14.9839004133107,3
46,61,15.7025007793398,3
46,62,13.1722036436279,6
46,63,13.5688010738518,6
46,64,12.9222065190466,6
46,65,12.230066815649,6
46,66,12.6587490256984,6
46,67,14.253532879862,6
46,68,13.0290748636548,6
46,69,12.2621710062877,6
46,70,16.5712113800849,4
46,71,17.3678515910869,4
46,72,17.7131493724925,4
46,73,15.6511742453517,3
46,74,13.5169465897782,6
46,75,12.9396223871345,6
46,76,14.1556173485131,6
46,77,12.83609020555,6
46,78,13.1398421150423,6
46,79,13.2983835795199,6
46,80,12.975714629327,6
46,81,12.7433674650477,6
46,82,14.8177909376941,3
46,83,12.4857760335653,6
46,84,12.5636193867891,6
46,85,13.4467046622352,6
46,86,12.8664922874003,6
46,87,12.4345977309669,6
46,88,13.0590391676676,6
46,89,12.700354612908,6
46,90,16.2748730673023,4
46,91,17.3266493614058,4
46,92,16.9080263401902,4
46,93,16.2074640783562,4
46,94,16.4948753912184,4
46,95,17.6216134196395,4
46,96,16.9991352796341,4
46,97,17.6928862325758,4
46,98,15.5854747162086,4
46,99,16.2110832346696,4
46,100,16.768324168207,4
47,1,17.4096821542538,11
47,2,16.6418573818486,11
47,3,17.3463849015839,11
47,4,16.9262679299063,11
47,5,16.6564649267577,11
47,6,17.3846244548232,11
47,7,17.1292810946505,11
47,8,16.8078874754092,11
47,9,18.1598312973173,11
47,10,16.8224827118799,11
47,11,16.1315189018983,11
47,12,16.743283993425,11
47,13,17.4892511804148,11
47,14,17.2473797561364,11
47,15,16.5422566110514,11
47,16,16.4410296185327,11
47,17,18.3098476067091,11
47,18,17.2457864140709,11
47,19,16.9345475059672,11
47,20,16.9351720005642,11
47,21,17.3324354544091,11
47,22,16.8391849242111,11
47,23,17.9444174854849,11
47,24,16.8486731979049,11
47,25,16.3450929929435,11
47,26,16.5812000719761,11
47,27,17.6713602057206,11
47,28,17.0099675439075,11
47,29,15.5802741712167,11
47,30,16.2220128080149,11
47,31,16.6769097002735,11
47,32,17.6936726518845,11
47,33,16.8784974540005,11
47,34,17.3760849862784,11
47,35,17.8652047668285,11
47,36,17.3480318459304,11
47,37,16.7490626467601,11
47,38,17.1061791779389,11
47,39,17.4002866261562,11
47,40,17.0214849159544,11
47,41,17.3739196296424,11
47,42,16.0922963968811,11
47,43,16.2342777071621,11
47,44,16.3978597196978,11
47,45,16.5347840308752,11
47,46,16.6221666835717,11
47,47,16.4094794924767,11
47,48,16.3920628764317,11
47,49,17.4094475655158,11
47,50,17.1663855994885,11
47,51,16.9864252048255,11
47,52,16.9018575437233,11
47,53,16.2950376251695,11
47,54,16.8943360482608,11
47,55,16.355281390362,11
47,56,17.5894216902685,11
47,57,16.0489541369986,11
47,58,16.8482309814,11
47,59,17.4343319300966,11
47,60,17.4419922249729,11
47,61,16.635538604965,11
47,62,17.1973605276135,11
47,63,17.6622458443441,11
47,64,11.3750509393472,8
47,65,11.2625636129912,8
47,66,8.34133176543426,9
47,67,8.56033378464846,9
47,68,9.25896284076944,9
47,69,9.40925149225652,9
47,70,9.73614358959341,8
47,71,9.46189580664947,9
47,72,10.4800409927167,8
47,73,10.773934272969,8
47,74,11.3126317781408,8
47,75,8.66319479557857,9
47,76,9.72318856797903,9
47,77,9.25628850969196,9
47,78,9.1048732374979,9
47,79,10.2992841387652,8
47,80,8.38638175287952,9
47,81,9.35828225442054,9
47,82,9.05814743429896,9
47,83,8.53542227576787,9
47,84,11.6368748214277,8
47,85,11.7226164003503,8
47,86,11.1711598984434,8
47,87,10.8070767385704,8
47,88,11.3839261071782,8
47,89,10.8522806295654,8
47,90,8.89100715233568,9
47,91,9.07797435831441,9
47,92,9.00920983965682,9
47,93,11.1904555916444,8
47,94,11.0330721643729,8
47,95,9.32314606506539,9
47,96,10.4205283923587,8
47,97,10.9581374011794,8
47,98,17.6655413654702,11
47,99,18.0055119120283,11
47,100,17.9548229606639,11
48,1,6.59998679376653,10
48,2,6.35591437798068,10
48,3,7.2101864960411,10
48,4,7.07203466094867,10
48,5,7.06942502729655,10
48,6,7.28016077020098,10
48,7,7.50186506004187,10
48,8,7.41903535150168,10
48,9,7.13991294296819,10
48,10,6.59137888873536,10
48,11,7.28867045171739,10
48,12,6.60375607322578,10
48,13,6.61858289432784,10
48,14,6.67634982239758,10
48,15,7.38135641902493,10
48,16,7.37151579333524,10
48,17,6.987646815551,10
48,18,8.55654975537592,9
48,19,10.7956479376656,8
48,20,11.7736278395604,8
48,21,11.2850238365288,8
48,22,10.2617756234761,8
48,23,11.1954795317623,8
48,24,9.40425303682024,9
48,25,9.60622104417802,9
48,26,11.1308298860858,8
48,27,11.825568108799,8
48,28,8.1937962766274,9
48,29,9.05638207938998,9
48,30,9.19082256474073,9
48,31,8.02174680339976,9
48,32,9.06899361973515,9
48,33,8.80266540895941,9
48,34,10.596038758505,8
48,35,11.1231732783616,8
48,36,10.9614944586842,8
48,37,10.8808836027239,8
48,38,9.28473241969296,9
48,39,8.27215287955391,9
48,40,8.91458510822999,9
48,41,11.119859985175,8
48,42,9.69803084960062,9
48,43,10.8852501951105,8
48,44,9.08569934714315,9
48,45,8.60781257992006,9
48,46,9.30829061650613,9
48,47,8.90985190102989,9
48,48,9.31464003461967,9
48,49,8.4897053340066,9
48,50,10.3568437947367,8
48,51,10.4612466740786,8
48,52,10.9710655748233,8
48,53,10.8560492059955,8
48,54,10.8090665290362,2
48,55,10.4830627411864,2
48,56,9.73972034465383,2
48,57,10.3135188126022,2
48,58,10.4000423601385,2
48,59,9.23315350242689,2
48,60,9.97505354625955,2
48,61,9.59700257799097,2
48,62,9.92008732732798,2
48,63,10.3859343269536,2
48,64,9.87805088973328,2
48,65,10.9647258498523,2
48,66,9.45423590068646,2
48,67,9.37731121542801,2
48,68,10.0589381243433,2
48,69,10.4465107041053,2
48,70,9.07313086734957,2
48,71,10.0535265650035,2
48,72,10.5640922477142,2
48,73,9.68031299771884,2
48,74,9.12589480015928,2
48,75,9.4612106770813,2
48,76,10.2135805405763,2
48,77,10.0899702250259,2
48,78,9.07572986262723,2
48,79,9.95188349884958,2
48,80,10.1489645001618,2
48,81,9.47916911564885,2
48,82,10.0669958902736,2
48,83,10.2525731147192,2
48,84,10.2327106366585,2
48,85,9.65968401177673,2
48,86,10.1834370080434,2
48,87,9.79814028011231,2
48,88,10.8771618843683,2
48,89,10.0694288837625,2
48,90,9.55409440704404,2
48,91,9.18475035864626,2
48,92,8.81369059930206,2
48,93,9.87435814476228,2
48,94,10.0192483546432,2
48,95,10.4409486073199,2
48,96,10.163293183408,2
48,97,10.0786791258772,2
48,98,9.38361834010699,2
48,99,9.47492768101549,2
48,100,9.65964944754224,2
49,1,14.5679883551161,3
49,2,14.7946939880458,3
49,3,13.5445736644391,6
49,4,12.9376500738661,6
49,5,12.6900267259353,6
49,6,12.9298669619768,6
49,7,15.7417134240251,3
49,8,14.9037589784112,3
49,9,14.4711138611903,3
49,10,14.4862039381153,3
49,11,14.6399839787788,3
49,12,15.0533033429038,3
49,13,13.5830746349402,6
49,14,13.3247137225921,6
49,15,12.9385322797671,6
49,16,12.1235452110813,6
49,17,12.5468075978216,6
49,18,12.3854288799684,6
49,19,12.3593204507146,6
49,20,17.0489009263229,4
49,21,17.3534049462511,4
49,22,16.175174319291,4
49,23,16.8745506945655,4
49,24,16.5205981835522,4
49,25,17.0261912983276,4
49,26,17.3483700294752,4
49,27,16.8339356338703,4
49,28,17.5464277652583,4
49,29,16.871060518323,4
49,30,17.0160565067795,4
49,31,17.0193091080502,4
49,32,16.5551594172924,4
49,33,16.6281814100645,4
49,34,16.4184031088623,4
49,35,17.6540267135966,4
49,36,16.8670711033855,4
49,37,17.1694744354359,4
49,38,16.5511765875663,4
49,39,16.5308616351445,4
49,40,17.1923427655538,4
49,41,16.5067004305112,4
49,42,16.9907848892643,4
49,43,16.8826778794092,4
49,44,16.9864140502661,4
49,45,17.524527843674,4
49,46,17.4376070491455,4
49,47,16.7376072762886,4
49,48,17.4188744731499,4
49,49,17.3220046488582,4
49,50,17.5968180691673,4
49,51,16.4170407209805,4
49,52,16.4482614030112,4
49,53,16.4569077765942,4
49,54,17.295696672674,4
49,55,14.5207022045185,3
49,56,15.1878887051092,3
49,57,15.3226947458566,3
49,58,15.2886809829762,3
49,59,17.4130071606874,4
49,60,18.3100172477957,4
49,61,16.8820857971889,4
49,62,16.9244623689361,4
49,63,17.003321831789,4
49,64,16.4300703159769,4
49,65,17.1843487052125,4
49,66,17.2742509843724,4
49,67,13.9716098814741,6
49,68,11.9960134852319,6
49,69,12.9337947580863,6
49,70,14.6336486643334,3
49,71,15.0985086323477,3
49,72,14.8576255833864,3
49,73,14.7824341225756,3
49,74,13.3123789317673,6
49,75,12.6447212940431,6
49,76,12.7042857357987,6
49,77,11.9259192411094,6
49,78,13.6026317836477,6
49,79,12.5338736845154,6
49,80,13.0431961942591,6
49,81,12.6802539357608,6
49,82,13.1176416034638,6
49,83,12.8943040811916,6
49,84,15.1909622725275,3
49,85,15.1420582676248,3
49,86,14.4029235231129,3
49,87,14.4974935668668,3
49,88,15.470376840264,3
49,89,14.7731452979297,3
49,90,14.9323121917425,3
49,91,15.8922163944819,3
49,92,15.6383622528981,3
49,93,14.353835660214,3
49,94,15.272580757421,3
49,95,14.8319754016396,3
49,96,15.5516222527909,3
49,97,14.736006869887,3
49,98,14.3636226938842,3
49,99,14.7045560994749,3
49,100,14.381786263083,3
50,1,10.5756524246272,8
50,2,17.0819056331654,11
50,3,16.7308765323149,11
50,4,16.7317536002829,11
50,5,16.7295146109785,11
50,6,11.9133650192383,8
50,7,9.99145654057878,9
50,8,9.28229694508867,9
50,9,10.3679940730748,9
50,10,9.21667430262802,9
50,11,8.27262604634574,9
50,12,8.75498695984072,9
50,13,9.93313379490661,9
50,14,10.8281491636335,8
50,15,11.1713602022244,8
50,16,10.236615663306,9
50,17,10.4536798174442,8
50,18,9.04639173061355,9
50,19,8.70896725038116,9
50,20,10.0433568437166,9
50,21,8.40028644635665,9
50,22,10.6619137394554,8
50,23,8.28447818473238,9
50,24,8.86619536264668,9
50,25,8.31172371550633,9
50,26,8.85918093767205,9
50,27,9.03849439157307,9
50,28,8.99544677647894,9
50,29,11.3579559366209,8
50,30,9.46298592048869,9
50,31,9.83660056589759,9
50,32,10.9399880119988,8
50,33,9.624654408669,8
50,34,8.4805242485161,9
50,35,9.6096704195115,9
50,36,8.86497776454685,9
50,37,11.112449619672,8
50,38,9.02195082578072,9
50,39,10.8978998767247,8
50,40,8.77038070119449,9
50,41,8.91923791888412,9
50,42,9.27147181021154,9
50,43,10.7596528575511,8
50,44,10.6764485254334,8
50,45,9.15113481504631,9
50,46,9.56001731262528,9
50,47,9.33364661208264,9
50,48,10.9819449565616,8
50,49,8.31230751975922,9
50,50,8.99318491715484,9
50,51,8.4830245706434,9
50,52,10.0084312871559,8
50,53,11.4744291897054,8
50,54,10.6947843189388,8
50,55,8.63809732468137,9
50,56,8.94970950846438,9
50,57,9.27617466772368,9
50,58,8.57866988499332,9
50,59,8.78783299062636,9
50,60,9.10773287359883,9
50,61,8.71337051798041,9
50,62,10.5561092250692,8
50,63,8.63045627093507,9
50,64,8.08953739509953,9
50,65,11.1441382576267,8
50,66,11.0403502722386,8
50,67,11.2392653449364,8
50,68,10.6540568618129,8
50,69,8.45236003492452,9
50,70,11.237597291603,8
50,71,10.1049185509587,8
50,72,11.5039923562767,8
50,73,6.36074033026351,10
50,74,7.16693244065388,10
50,75,6.19337077392834,10
50,76,7.66125888793104,10
50,77,6.01658742897902,10
50,78,6.36702801193968,10
50,79,7.84394422895144,10
50,80,6.21167419127184,10
50,81,7.00613043702121,10
50,82,6.94783604749964,10
50,83,6.36324716348181,10
50,84,7.04101706025931,10
50,85,7.16077667069115,10
50,86,6.75826935458317,10
50,87,6.24436872247712,10
50,88,7.54982282101621,10
50,89,6.84082060536646,10
50,90,6.83534190688769,10
50,91,6.32905861056124,10
50,92,7.4935216716694,10
50,93,6.34678814986282,10
50,94,6.95436622888078,10
50,95,7.00875711345443,10
50,96,5.96300062949383,10
50,97,6.63998255355454,10
50,98,6.99348885616197,10
50,99,6.53362927471218,10
50,100,7.27660794131315,10
51,1,9.19059042020349,2
51,2,10.7068778074914,2
51,3,10.3498366418751,2
51,4,9.30091176219142,2
51,5,10.6264980394439,2
51,6,9.96569679533045,2
51,7,9.51620509227702,2
51,8,9.78545848395233,2
51,9,9.45357781070012,2
51,10,10.2154061022567,2
51,11,9.34604802640986,2
51,12,9.98912061286391,2
51,13,9.99154083819577,2
51,14,10.2796876765583,2
51,15,9.52787539860073,2
51,16,9.20661725779324,2
51,17,10.7383839950376,2
51,18,10.0704295919803,2
51,19,9.50589405135487,2
51,20,9.83581137131401,2
51,21,9.52452202781282,2
51,22,10.239041743796,2
51,23,9.70344036203889,2
51,24,10.0628775584518,2
51,25,9.99449481103271,2
51,26,9.55647994721645,2
51,27,10.4485977682701,2
51,28,10.0539546519466,2
51,29,8.84897563344387,2
51,30,10.1114221854466,2
51,31,9.60614856490706,2
51,32,9.65612711409462,2
51,33,10.0312172871303,2
51,34,10.4392515849864,2
51,35,10.7719869688424,2
51,36,9.88306391202088,2
51,37,10.4860303683252,2
51,38,9.95286557598999,2
51,39,9.70834822885908,2
51,40,9.81479241176446,2
51,41,10.228560505658,2
51,42,9.96553173436433,2
51,43,9.32673759409495,2
51,44,10.1507595143788,2
51,45,9.67425663226805,2
51,46,9.85304918413715,2
51,47,9.61849782463564,2
51,48,11.0082462474947,2
51,49,9.42456474094258,2
51,50,9.52556292054993,2
51,51,9.86406402935888,2
51,52,9.15283739513781,2
51,53,10.1932183783433,2
51,54,10.2605530840477,2
51,55,9.68135364036481,2
51,56,9.69500624340929,2
51,57,9.3115485805979,2
51,58,10.7922612035402,2
51,59,9.62251041987158,2
51,60,10.2755123755208,2
51,61,9.07186714994246,2
51,62,11.0466178891654,2
51,63,10.2110764493023,2
51,64,9.84091123213414,2
51,65,10.3064258030079,2
51,66,10.0055838809383,2
51,67,9.3073222271877,2
51,68,10.5876872632781,2
51,69,10.15870509297,2
51,70,10.3133419913948,2
51,71,10.4318747061295,2
51,72,10.3271440488448,2
51,73,10.1218210734073,2
51,74,8.97576353994305,2
51,75,9.9449015247393,2
51,76,10.0286751092048,2
51,77,8.99237055596817,2
51,78,9.90944479918117,2
51,79,9.79090135029052,2
51,80,9.75456941291683,2
51,81,10.7087297749852,2
51,82,9.41158396031033,2
51,83,9.88048062521451,2
51,84,10.7961767633414,2
51,85,10.3268532754358,2
51,86,9.92796782536959,2
51,87,10.054010787971,2
51,88,10.6431337169449,2
51,89,9.29895123237359,2
51,90,9.64232554569262,2
51,91,9.30386482064293,2
51,92,9.42513492319093,2
51,93,10.1812201572567,2
51,94,8.99673066831826,2
51,95,10.5974553693794,2
51,96,10.1274179229829,2
51,97,10.1051174718477,2
51,98,10.464565143943,2
51,99,10.0619017668363,2
51,100,9.8194572746752,2
52,1,14.3407976060418,7
52,2,14.2057341221863,7
52,3,14.4815523494866,7
52,4,14.2386990212994,7
52,5,14.0987792237627,7
52,6,13.8682258641308,7
52,7,14.2549102974549,7
52,8,13.4219918458803,7
52,9,13.6932244842617,7
52,10,14.368471861815,7
52,11,12.9967699128817,7
52,12,14.3124695946502,7
52,13,13.4244067042193,7
52,14,14.6766815961222,7
52,15,12.8380695549393,7
52,16,13.8439135569827,7
52,17,13.4971983438296,7
52,18,13.9813165805281,7
52,19,13.5411572829825,7
52,20,13.8198087852708,7
52,21,13.587031224462,7
52,22,13.8690404817457,7
52,23,13.7230380485818,7
52,24,13.6765278969511,7
52,25,14.1026271718424,7
52,26,14.2771810500551,7
52,27,13.5719428652831,7
52,28,14.2012924453308,7
52,29,13.8516804370386,7
52,30,14.2029856422562,7
52,31,13.8083283162388,7
52,32,13.5439841345747,7
52,33,14.3572736396762,7
52,34,14.5978324313375,7
52,35,15.1257003917677,7
52,36,13.5893713846876,7
52,37,13.6183069540852,7
52,38,13.6972063388976,7
52,39,13.3905886390664,7
52,40,14.2189696744264,7
52,41,14.2163633927132,7
52,42,14.1870360185815,7
52,43,13.6258683851236,7
52,44,13.9134944651225,7
52,45,13.8236452643547,7
52,46,13.744034154392,7
52,47,13.809814142464,7
52,48,13.5426300782501,7
52,49,14.2380755626394,7
52,50,13.9772714187511,7
52,51,14.4128307241279,7
52,52,14.3486938233456,7
52,53,14.1397480158805,7
52,54,13.8481381314287,7
52,55,14.3563688002338,7
52,56,13.9228488896678,7
52,57,14.5279047475382,7
52,58,13.8264496671899,7
52,59,13.9054646142667,7
52,60,13.2735486986144,7
52,61,13.650335055351,7
52,62,14.2903567829094,7
52,63,13.6978079790603,7
52,64,13.9725297080414,7
52,65,13.8934233000789,7
52,66,14.4371363768949,7
52,67,14.1585697044831,7
52,68,13.7580253588623,7
52,69,13.7368644840541,7
52,70,13.3965653167642,7
52,71,14.1453564898468,7
52,72,14.3301360666254,7
52,73,14.9489887716002,7
52,74,13.7670411630718,7
52,75,13.5052897514634,7
52,76,13.891724589313,7
52,77,14.4290175112095,7
52,78,13.9120215691732,7
52,79,13.6799642795799,7
52,80,13.3527190375328,6
52,81,14.3928399200899,6
52,82,14.0856196391635,3
52,83,15.2911343840612,3
52,84,15.0752484633732,3
52,85,14.206291593951,3
52,86,16.3102136656714,4
52,87,16.8132714001882,4
52,88,17.4725544375918,4
52,89,16.1989023329331,4
52,90,15.7857865217077,4
52,91,16.8033754063146,4
52,92,17.4841255716037,4
52,93,17.0577985591713,4
52,94,16.6723187914943,4
52,95,17.1727871422479,4
52,96,17.0546643197715,4
52,97,17.3006600767332,4
52,98,17.2081046561878,4
52,99,18.1158301963351,4
52,100,17.1033859978788,4
53,1,0.174800159068234,1
53,2,-0.226559331918949,1
53,3,0.296130988786196,1
53,4,-0.729775488403229,1
53,5,-0.0493278695479033,1
53,6,0.101148135474886,1
53,7,0.061852347128219,1
53,8,-0.646855228423928,1
53,9,-0.0856263464661442,1
53,10,-0.0423144392703889,1
53,11,-0.0889675919504397,1
53,12,0.0789324385584758,1
53,13,-0.354157481319475,1
53,14,-0.444634628382315,1
53,15,0.740246896599022,1
53,16,-0.00773321979231102,1
53,17,0.627693710249019,1
53,18,1.08993946694882,1
53,19,0.0589771144121514,1
53,20,-0.311247167253302,1
53,21,-0.257152187163153,1
53,22,-0.0408185344169541,1
53,23,0.098175106577219,1
53,24,0.114818693028314,1
53,25,0.0100510202349684,1
53,26,-0.230439605308838,1
53,27,-0.781786472705215,1
53,28,-0.0491429736044641,1
53,29,0.516001912343783,1
53,30,0.372607797355072,1
53,31,-0.0582756218750477,1
53,32,-0.539297337190336,1
53,33,0.108437671421339,1
53,34,0.455184775558591,1
53,35,-0.282078071134209,1
53,36,0.408610623736324,1
53,37,0.400382022192874,1
53,38,-0.11641684445853,1
53,39,1.06135184634876,1
53,40,0.855434667524763,1
53,41,0.0734440519806708,1
53,42,0.0384210631308379,1
53,43,-0.0527420398584068,1
53,44,-0.0630929006647016,1
53,45,-0.0782697698898881,1
53,46,0.265870321163518,1
53,47,1.04498657893516,1
53,48,-0.321332382660091,1
53,49,-0.0724603212121672,1
53,50,0.0918207940948227,1
53,51,0.182494840465941,1
53,52,-0.257446007222997,1
53,53,0.0957272096165785,1
53,54,-0.166873957966595,1
53,55,-0.814661192441877,1
53,56,-0.106103934562645,1
53,57,0.701956141028184,1
53,58,0.21485193634267,1
53,59,-0.835837479676928,1
53,60,0.872574967894072,1
53,61,1.08763221547951,1
53,62,-0.19258466559608,1
53,63,-0.952285334339088,1
53,64,0.41396127555871,1
53,65,-0.203098562091077,1
53,66,0.338368931693733,1
53,67,0.290105707444289,1
53,68,-0.311770412162664,1
53,69,-0.0459814879892438,1
53,70,-0.218407909206684,1
53,71,0.111226597007743,1
53,72,0.361800169058215,1
53,73,-0.851993404215305,1
53,74,-0.260190293390016,1
53,75,0.288145399227859,1
53,76,-0.774170584580389,1
53,77,0.421436339953707,1
53,78,0.296452180478003,1
53,79,1.00859504978215,1
53,80,-0.033765541216715,1
53,81,0.451639950828972,1
53,82,-0.75558607501167,1
53,83,-0.49440906631157,1
53,84,0.490355246778659,1
53,85,0.335315094091536,1
53,86,0.4706651193681,1
53,87,0.0987376143998471,1
53,88,0.139701337614896,1
53,89,0.276115131644565,1
53,90,-0.381645824593103,1
53,91,0.00219140835139732,1
53,92,-0.109820982206763,1
53,93,0.0699901278544316,1
53,94,-0.618723124998745,1
53,95,-0.406519561921252,1
53,96,0.0859629233400332,1
53,97,-0.0829856179799393,1
53,98,-0.409255872641232,1
53,99,0.352281329579256,1
53,100,-0.0814170038428395,1
54,1,10.359070965549,8
54,2,11.4244257848218,8
54,3,10.9357427490242,8
54,4,10.2736389762492,8
54,5,11.3592955780413,8
54,6,11.6277624056922,8
54,7,11.0198803683354,8
54,8,10.9693152552816,8
54,9,9.13189868344287,9
54,10,9.49589958389209,9
54,11,9.24214663179177,9
54,12,9.05191509178979,9
54,13,8.98243785263734,9
54,14,8.90783978532958,9
54,15,8.20994744823946,9
54,16,9.55901507627445,9
54,17,8.66630294452697,9
54,18,9.91122304813017,9
54,19,8.61924733020247,9
54,20,8.02592107622865,9
54,21,11.2014456131074,8
54,22,10.4039677159052,8
54,23,8.604859516309,9
54,24,9.37479072418883,2
54,25,10.2303663879335,2
54,26,9.91689017917975,2
54,27,10.300548093696,2
54,28,10.6186368301279,2
54,29,9.90459640044958,2
54,30,10.088340173881,2
54,31,9.49392910784326,2
54,32,9.79720605490759,2
54,33,10.6557894164498,2
54,34,8.71803793553367,9
54,35,11.3215352058206,8
54,36,9.59609919464545,9
54,37,10.1576035599675,9
54,38,10.353861208352,9
54,39,8.65333263815187,9
54,40,8.32372070818008,9
54,41,10.8382755499439,8
54,42,9.29634490903497,9
54,43,9.21745924372368,9
54,44,10.6894828892077,8
54,45,11.4457630008488,8
54,46,8.73121938696649,9
54,47,8.86828767412988,9
54,48,9.11368128905038,9
54,49,8.57212261605074,9
54,50,11.6128153344984,8
54,51,10.6999679849816,8
54,52,11.9995017349197,8
54,53,10.6786738665751,8
54,54,11.5782558265558,8
54,55,11.3517680530589,8
54,56,10.9099982458036,8
54,57,10.7044578998082,8
54,58,11.392672875381,8
54,59,9.09105453977498,9
54,60,10.0475282472968,9
54,61,11.7207760967902,8
54,62,10.9238532765677,8
54,63,9.36342614294166,9
54,64,9.03057649516945,9
54,65,10.9232965120144,8
54,66,10.9979680397718,8
54,67,11.8387810815525,8
54,68,8.13607088132039,9
54,69,8.97291858433009,9
54,70,8.40130293292009,9
54,71,8.54244457847471,9
54,72,8.44871602937074,9
54,73,9.03165383884408,9
54,74,8.93506765716404,9
54,75,9.62602499629334,9
54,76,9.03797660702144,9
54,77,8.38774039551974,9
54,78,10.6780563910915,8
54,79,9.48086784361664,9
54,80,11.454964178788,8
54,81,7.70122495483894,9
54,82,9.76498729975851,9
54,83,8.84503736931515,9
54,84,8.99969610509593,9
54,85,9.02566062342259,9
54,86,10.8445533227926,8
54,87,10.9581848066102,8
54,88,10.9529359546856,8
54,89,11.7283490750796,8
54,90,9.51167289098264,9
54,91,9.65419467586824,9
54,92,9.29485675915125,9
54,93,8.49028559016501,9
54,94,8.63066708410664,9
54,95,8.69528021313812,9
54,96,8.8425986530905,9
54,97,9.4994047526176,9
54,98,9.99210454534998,9
54,99,9.07910982980694,9
54,100,8.66881871493261,9
55,1,17.0522065669695,11
55,2,17.2626268790508,11
55,3,16.6313493341875,11
55,4,17.6696894826667,11
55,5,17.393141617698,11
55,6,16.7608202205627,11
55,7,16.9186300806124,11
55,8,16.0419135815538,11
55,9,16.0773652211499,11
55,10,16.4277148715619,11
55,11,17.6278723126235,11
55,12,17.2021347479628,11
55,13,16.6678128125834,11
55,14,16.9751910518745,11
55,15,11.3434646605535,8
55,16,8.79408334103278,9
55,17,8.94174865804072,9
55,18,9.27763036674815,9
55,19,8.70254978087404,9
55,20,8.5284576677529,9
55,21,11.7369867460934,8
55,22,9.27495586618171,9
55,23,10.6390077955071,8
55,24,7.60374783040833,9
55,25,10.9019938801935,8
55,26,10.5405547496016,9
55,27,11.7999270563759,8
55,28,8.70339986881871,2
55,29,9.82205690493734,2
55,30,10.5254701355256,2
55,31,10.112101154049,2
55,32,10.1615345439441,2
55,33,9.45661544010361,2
55,34,9.66652158084636,2
55,35,10.006819978064,2
55,36,9.51844946189454,2
55,37,10.3811958668046,2
55,38,10.055753274898,2
55,39,9.35636934958426,2
55,40,9.97276441244927,2
55,41,10.5785168958452,2
55,42,8.60644431019331,2
55,43,9.44814253836279,2
55,44,10.31373518879,2
55,45,9.47543545412891,2
55,46,9.97964632110815,2
55,47,10.8053541188052,2
55,48,10.0290798357783,2
55,49,10.2741372568395,2
55,50,10.2855698789606,2
55,51,9.41204537208526,2
55,52,9.6816710497193,2
55,53,10.28490073341,2
55,54,10.977828030791,2
55,55,9.73777200144795,2
55,56,10.1847098156554,2
55,57,9.86777425293275,2
55,58,10.0285899769624,2
55,59,10.5105180019803,2
55,60,9.15339573488652,2
55,61,9.00611917052438,2
55,62,9.8664891583161,2
55,63,10.4163901051067,2
55,64,10.369183629007,2
55,65,10.0174605896922,2
55,66,10.6100918489938,2
55,67,9.61378478039224,2
55,68,10.2472052225024,2
55,69,9.62954532864081,2
55,70,9.9673498747961,2
55,71,9.75819429988691,2
55,72,10.4447108135807,2
55,73,10.5082673299626,2
55,74,10.5806255298911,2
55,75,10.5186169296082,2
55,76,10.6802285090774,2
55,77,10.4385069450506,2
55,78,9.83298064975769,2
55,79,10.6680282772561,2
55,80,9.12527705484252,2
55,81,9.58061355990204,2
55,82,9.81593384436738,2
55,83,9.49816231715915,2
55,84,9.91453316767299,2
55,85,9.31276319009869,2
55,86,9.21940257872569,2
55,87,10.3349014283927,2
55,88,9.62680935481474,2
55,89,10.4473824090695,2
55,90,9.46258036545411,2
55,91,9.06385447280491,2
55,92,9.74809623643887,2
55,93,9.77444859804814,2
55,94,10.3473904282221,2
55,95,9.78152347952716,2
55,96,10.2665534109928,2
55,97,10.0634147265425,2
55,98,9.43921982969569,2
55,99,10.5775419432101,2
55,100,9.44700462439284,2
56,1,12.1632487288847,6
56,2,12.7374795201626,6
56,3,11.6885019201552,6
56,4,13.6857621113128,6
56,5,13.1629063959741,6
56,6,14.0225879810092,6
56,7,12.9023248707279,6
56,8,13.0522924326062,6
56,9,13.246981686411,6
56,10,13.3411525525177,6
56,11,14.0990099676949,3
56,12,15.0852522655074,3
56,13,15.2239471263979,3
56,14,14.6625148275869,3
56,15,15.3808938398781,3
56,16,15.3680940895757,3
56,17,14.9535074618909,3
56,18,14.2188915834561,3
56,19,12.3179037454291,6
56,20,13.114425263415,6
56,21,13.2215297339795,6
56,22,12.8082574649779,6
56,23,13.5517237210144,6
56,24,13.2469096960494,6
56,25,13.1298895314636,6
56,26,13.017879537671,6
56,27,15.0311989048995,3
56,28,16.256944836545,3
56,29,12.0890365838411,6
56,30,12.881752050361,6
56,31,12.1696123356781,6
56,32,12.6998055739044,6
56,33,13.7998914635228,6
56,34,13.263832592874,6
56,35,15.0308500081409,3
56,36,12.6632036282864,6
56,37,12.5638856688013,6
56,38,14.7707590908279,3
56,39,15.0097198361902,3
56,40,12.7582040010109,6
56,41,13.6196554217258,6
56,42,14.9957791903218,3
56,43,12.7917304862773,6
56,44,13.0234209919411,6
56,45,12.6336986278378,6
56,46,13.0553468766082,6
56,47,13.6310605558829,6
56,48,13.3189909263545,6
56,49,13.2305459218656,6
56,50,13.5529392856914,6
56,51,13.7948537923822,6
56,52,13.4369549324968,6
56,53,13.4225761273686,6
56,54,12.9566126579374,6
56,55,12.4247954032227,6
56,56,12.8503004613835,6
56,57,12.7098274134625,6
56,58,13.1509241909477,6
56,59,13.0648842846611,6
56,60,13.5996213294028,6
56,61,13.320833911337,6
56,62,12.7491111487254,6
56,63,13.2802224314798,6
56,64,12.8810881779562,6
56,65,13.0110298154805,6
56,66,15.5300240457945,3
56,67,14.2601589165514,3
56,68,15.3305281497122,3
56,69,14.5055415684771,3
56,70,15.2653874851028,3
56,71,15.2989815443213,3
56,72,17.2127844748609,4
56,73,16.9798537297192,4
56,74,17.3601252650192,4
56,75,14.4721359268247,3
56,76,14.6347543977446,3
56,77,15.1301130155496,3
56,78,14.8671244669544,3
56,79,14.6703820010807,3
56,80,14.8209441911962,3
56,81,15.7477842602896,3
56,82,14.5787106681566,3
56,83,15.5591806926428,3
56,84,14.7312438404348,3
56,85,13.0939832470361,6
56,86,12.8989092871094,6
56,87,13.613162970219,6
56,88,13.6002894269975,6
56,89,12.9574946764961,6
56,90,12.2108555134759,6
56,91,12.6755945326571,6
56,92,13.3848198944301,6
56,93,12.6769800631133,6
56,94,13.2278494089697,6
56,95,13.3444093373776,6
56,96,13.3647322173436,6
56,97,12.8737369084093,6
56,98,12.7263017208695,6
56,99,12.3180190191954,6
56,100,12.1127022321526,6
57,1,19.2726950384815,12
57,2,20.3849299129916,12
57,3,19.0190105326035,12
57,4,18.7550986888384,12
57,5,18.6170441778976,12
57,6,19.6042357340693,12
57,7,19.0321168325816,12
57,8,18.7078040670107,12
57,9,19.8381347081442,12
57,10,19.2243564410655,12
57,11,19.1109707005895,12
57,12,18.9881597248197,12
57,13,18.86489906846,12
57,14,19.2559375341501,12
57,15,18.6813353753204,12
57,16,19.4410275441335,12
57,17,18.399796567588,12
57,18,18.9638846512423,12
57,19,18.8440781627194,12
57,20,19.5391840778246,12
57,21,18.9360555657801,12
57,22,18.921549991581,12
57,23,18.8168601255439,12
57,24,18.6710715727427,12
57,25,18.842235580861,12
57,26,20.169195810431,12
57,27,18.6452149320444,12
57,28,19.0173121453348,12
57,29,18.476649367241,12
57,30,19.2716062248771,12
57,31,18.6631543255883,12
57,32,19.4372780166838,12
57,33,18.4602413357018,12
57,34,18.838943682812,12
57,35,18.9175515414593,12
57,36,18.4734940498483,12
57,37,19.5712985779718,12
57,38,18.6384815550405,12
57,39,18.4245407756544,12
57,40,19.5039061085255,12
57,41,19.1051153413158,12
57,42,19.6260087224532,12
57,43,19.4124868413185,12
57,44,18.6229344675059,12
57,45,19.094127928621,12
57,46,19.3056566977859,12
57,47,19.6398380733614,12
57,48,19.2595591330297,12
57,49,19.0764274692282,12
57,50,17.9635969925437,12
57,51,18.7513439103109,12
57,52,19.1602323823183,12
57,53,19.479763532881,12
57,54,19.4874092489795,12
57,55,19.6286552661071,12
57,56,18.9703904381902,12
57,57,18.7853670880368,12
57,58,18.660743599914,12
57,59,17.9747283955329,12
57,60,19.1407635186296,12
57,61,18.5985098347831,12
57,62,18.4037662535936,12
57,63,19.1585136301024,12
57,64,18.842403273059,12
57,65,20.3033389479623,12
57,66,18.938069078494,12
57,67,19.0978225397208,12
57,68,19.3746400581148,12
57,69,19.7266147382589,12
57,70,18.4148462564555,12
57,71,18.7463464537972,12
57,72,18.622489760145,12
57,73,16.0277310442101,11
57,74,16.7537924027006,11
57,75,16.9179150111081,11
57,76,16.9232873742361,11
57,77,17.4155066077642,11
57,78,16.7157167453182,11
57,79,16.8890503740017,11
57,80,16.8795611829976,11
57,81,16.9128721705391,11
57,82,16.1585331835818,11
57,83,16.7872203995653,11
57,84,17.1741872163956,11
57,85,16.4359989180483,11
57,86,17.0854789175143,11
57,87,17.0501151477366,11
57,88,17.6863856567715,11
57,89,16.6593811126296,11
57,90,17.666373626661,11
57,91,16.1954942043839,11
57,92,11.2924565559417,8
57,93,11.4140505112528,8
57,94,10.9546744801763,8
57,95,10.4191201586087,9
57,96,17.4133409369116,11
57,97,16.8908516683288,11
57,98,17.2510660177302,11
57,99,16.189816584777,11
57,100,17.8122869521931,11
58,1,15.4638836239644,3
58,2,13.8660135159451,3
58,3,15.7746844944381,3
58,4,14.9708295681891,3
58,5,15.2056586054411,3
58,6,15.1210339020621,3
58,7,14.8657165720997,3
58,8,14.9560724131789,3
58,9,15.3604655314589,3
58,10,15.2972671512529,3
58,11,14.7974478283334,3
58,12,14.750816561579,3
58,13,14.6072357380248,3
58,14,14.3794775830986,3
58,15,13.8128539020393,6
58,16,13.4811340050877,6
58,17,11.9935405950307,6
58,18,13.747472283649,6
58,19,13.4107062787903,6
58,20,14.594482468237,3
58,21,14.2104073866363,3
58,22,14.3065905993514,3
58,23,15.5426004161956,3
58,24,15.3141003775714,3
58,25,14.530233690378,3
58,26,14.2896036382781,3
58,27,14.5675839500442,3
58,28,15.3052289978442,3
58,29,14.4815306650336,3
58,30,15.4063641943233,3
58,31,14.5542807596487,3
58,32,15.5798948277458,3
58,33,14.9771862454504,3
58,34,13.0238201023442,6
58,35,13.4301861042696,6
58,36,13.6690344869167,6
58,37,13.7522546755963,6
58,38,15.3169057083457,3
58,39,15.031205889356,3
58,40,14.812161272896,3
58,41,15.7931342607669,3
58,42,14.7248985774786,3
58,43,13.019464708825,6
58,44,15.1130416105369,3
58,45,14.8766448530957,3
58,46,17.0725297269814,4
58,47,16.8252567563714,4
58,48,17.6670263145952,4
58,49,17.4984577454398,4
58,50,17.1564598258279,4
58,51,15.1939905717695,3
58,52,14.3937422827436,3
58,53,15.1379137857804,3
58,54,14.7504856772777,3
58,55,15.868540934084,3
58,56,14.3748011265098,3
58,57,14.6998299218495,3
58,58,17.8799919313133,4
58,59,16.6187308418254,4
58,60,12.6255675002669,6
58,61,13.3525093067586,6
58,62,12.943696797437,6
58,63,12.9076728330602,6
58,64,13.7783558338941,6
58,65,13.3142189483474,6
58,66,13.3461517487591,6
58,67,13.2204342631911,6
58,68,13.3106889693252,6
58,69,12.7680279476987,6
58,70,15.4197592742459,3
58,71,14.7794125201199,3
58,72,14.4836998801191,3
58,73,15.7391798260766,3
58,74,15.0627287443853,3
58,75,15.4436200196207,3
58,76,13.3162356567582,6
58,77,12.2762310162797,6
58,78,13.1501614552969,6
58,79,12.7157159875659,6
58,80,12.0725659824821,6
58,81,12.8463392392626,6
58,82,13.2590387484461,6
58,83,12.9159672315791,6
58,84,13.1785438975872,6
58,85,12.4692040551558,6
58,86,12.3565688710186,6
58,87,12.9308614129418,6
58,88,14.1816782220639,7
58,89,13.874691871208,7
58,90,13.2519944064979,7
58,91,14.0560658242126,7
58,92,13.8935160030964,7
58,93,13.8782191944659,7
58,94,13.8981536937979,7
58,95,15.0458732373535,7
58,96,14.6193667968975,7
58,97,13.4283361019985,7
58,98,13.723714019416,7
58,99,13.8031427670047,7
58,100,14.8803388001239,7
59,1,17.1359645556639,11
59,2,17.6149148659082,11
59,3,17.04985672128,11
59,4,16.8849245387577,11
59,5,16.2934923888399,11
59,6,16.9632997239318,11
59,7,17.1147585291352,11
59,8,10.0366548256407,8
59,9,10.7978683877534,8
59,10,11.2570783664463,8
59,11,10.8183396024999,8
59,12,11.0063504972283,8
59,13,10.7286067285077,8
59,14,10.7311211613566,8
59,15,10.842932339207,8
59,16,11.0873879613576,8
59,17,8.99519530414739,9
59,18,10.7756991495711,8
59,19,11.3175772326287,8
59,20,10.6519949262593,8
59,21,11.117007696463,8
59,22,8.28012768517805,9
59,23,9.18726048241952,9
59,24,8.700352821473,9
59,25,9.32552073779923,9
59,26,12.0456007377349,8
59,27,11.5945475351708,8
59,28,11.0536280167029,8
59,29,9.0741024737461,9
59,30,9.03589225170591,9
59,31,9.7984917796329,9
59,32,9.0350420598626,9
59,33,11.2983993243813,8
59,34,11.0791652080468,8
59,35,11.7945307292634,8
59,36,11.4641288210283,8
59,37,11.2903515360327,8
59,38,10.80308229579,8
59,39,9.17913500836295,9
59,40,9.82559365982204,9
59,41,9.17441430093131,9
59,42,8.71675795725837,9
59,43,10.4139050734262,8
59,44,9.11174857954902,9
59,45,8.37249177134574,9
59,46,8.76521377373142,9
59,47,8.41409779522764,9
59,48,9.0481662737091,9
59,49,11.579937502207,8
59,50,9.67066213679477,2
59,51,10.8450366692778,2
59,52,9.36281916821464,2
59,53,9.60326803785222,2
59,54,10.0958238682726,2
59,55,10.6165735372028,2
59,56,10.2926712706754,2
59,57,10.6234755699271,2
59,58,9.80510340782817,2
59,59,9.71132022045498,2
59,60,10.4183818505548,2
59,61,10.863572117678,2
59,62,10.293055521811,2
59,63,10.2519338108166,2
59,64,9.42204946911579,2
59,65,9.93738910045592,2
59,66,9.69169089235855,2
59,67,10.7776400403209,2
59,68,10.2575312284265,2
59,69,10.1721387533407,2
59,70,9.78304116259929,2
59,71,9.63552066390093,2
59,72,9.72594160244575,2
59,73,10.2409337511471,2
59,74,9.97675115726469,2
59,75,10.3220942359219,2
59,76,10.4291977920288,2
59,77,9.99347911245362,2
59,78,10.5163232766043,2
59,79,9.58533238489576,2
59,80,10.0218749542294,2
59,81,10.7406205969443,2
59,82,9.48529823473287,2
59,83,8.86706239524479,2
59,84,10.29714364192,2
59,85,9.79830012532535,2
59,86,9.65598590285006,2
59,87,9.60693486765719,2
59,88,9.90795893071274,2
59,89,10.3262584038038,2
59,90,10.4998486234656,2
59,91,9.54779144354768,2
59,92,9.33506427787085,2
59,93,9.2642939852718,2
59,94,10.3278543199789,2
59,95,9.5097170398233,2
59,96,10.0312221848127,2
59,97,10.0072686207677,2
59,98,9.43675380850078,2
59,99,10.2869957831544,2
59,100,9.66716767489359,2
60,1,18.5647075737433,5
60,2,18.5555218118774,5
60,3,18.6762116864073,5
60,4,18.0689658071995,5
60,5,19.4109193806065,5
60,6,19.3138397283129,5
60,7,18.9289581353174,5
60,8,19.1071977371626,5
60,9,18.262287980456,5
60,10,18.8821515447906,5
60,11,19.1756297232995,5
60,12,18.8280880426483,5
60,13,19.6737908797792,5
60,14,19.6748242917225,5
60,15,19.6919180776788,5
60,16,18.5110040142564,5
60,17,18.5704343330762,5
60,18,19.586440850503,5
60,19,18.4264211859443,5
60,20,18.2397223893726,5
60,21,18.68059597713,5
60,22,18.7084923431869,5
60,23,19.278605777286,5
60,24,18.4336541310263,5
60,25,18.5630320806497,5
60,26,19.1499118424863,5
60,27,20.1888495311019,5
60,28,19.0351514331754,5
60,29,17.9279318065733,5
60,30,19.9474829479161,5
60,31,18.2725223376984,5
60,32,12.7944063836987,6
60,33,12.7462537287267,6
60,34,12.6425788894953,6
60,35,13.886803965567,6
60,36,14.3556403189232,3
60,37,14.6597781139583,3
60,38,14.7948311839144,3
60,39,16.5065526544951,3
60,40,16.6120127507062,4
60,41,16.7936436435406,4
60,42,16.1905680570942,4
60,43,15.3293953436052,3
60,44,14.9792680890882,3
60,45,15.2887867282842,3
60,46,12.8207245783065,6
60,47,12.3407639567758,6
60,48,12.730366002272,6
60,49,15.4205171807471,3
60,50,14.8004562812193,3
60,51,15.8353029205015,3
60,52,15.8737664802056,3
60,53,15.2203144701057,3
60,54,15.3204263440633,3
60,55,12.9276313561425,6
60,56,12.3872908828568,6
60,57,12.8997631538214,6
60,58,13.3175320508248,6
60,59,13.6075922654962,6
60,60,13.4411478600068,6
60,61,13.7894599167029,6
60,62,12.9702683365556,6
60,63,12.4341180749738,6
60,64,13.2778903570822,6
60,65,12.8292434055351,6
60,66,14.0629602671355,6
60,67,13.1112489011642,6
60,68,13.2837051833921,6
60,69,15.2312689321034,3
60,70,14.406409605402,3
60,71,14.8288811417729,3
60,72,14.1080074837451,3
60,73,14.6781563405696,3
60,74,13.791507004608,3
60,75,16.2302333408972,4
60,76,16.7686772256603,4
60,77,17.0025932942142,4
60,78,16.5301408039141,4
60,79,16.0279201000443,4
60,80,16.8547664865084,4
60,81,17.3609460739561,4
60,82,17.0240610651389,4
60,83,16.6653310274702,4
60,84,17.22357047794,4
60,85,17.4811946370915,4
60,86,17.013139185948,4
60,87,16.6739469829011,4
60,88,17.1156563848918,4
60,89,16.8099648805773,4
60,90,16.9322985760819,4
60,91,17.7567503233339,4
60,92,16.6784610418163,4
60,93,16.7785215936696,4
60,94,17.059637678062,4
60,95,16.7616593316135,4
60,96,17.4933237330651,4
60,97,14.1744583233538,3
60,98,15.6542755249086,3
60,99,15.4484449949459,3
60,100,15.15918969834,3
61,1,13.6313181593904,6
61,2,12.7628137433569,6
61,3,12.9434163703342,6
61,4,12.6356573855966,6
61,5,12.4896548806633,6
61,6,11.7641351202798,6
61,7,13.0345371843278,6
61,8,12.6286353643956,6
61,9,12.6144430532663,6
61,10,15.4143872596749,3
61,11,15.0658452770134,3
61,12,14.3903249045459,3
61,13,15.2958271537648,3
61,14,15.0240499818586,3
61,15,15.4731543382294,3
61,16,15.3748420687914,3
61,17,14.765851616075,3
61,18,15.199267755677,3
61,19,14.2948730720115,3
61,20,14.5773944032285,3
61,21,16.035684469057,3
61,22,14.4918950173239,3
61,23,15.0967382382379,3
61,24,15.2513333486666,3
61,25,15.1218082444257,3
61,26,15.1993268512383,3
61,27,14.9201354153053,3
61,28,14.9549802776222,3
61,29,16.9918550985834,4
61,30,16.642263273309,4
61,31,16.292720093055,4
61,32,16.1336237999522,4
61,33,15.7990662856004,4
61,34,16.0320725879409,4
61,35,17.831275612671,4
61,36,16.5799050108945,4
61,37,17.4428823967298,4
61,38,16.2533177883796,4
61,39,17.315427427037,4
61,40,14.9290230376714,3
61,41,15.8479363917318,3
61,42,14.9404870675885,3
61,43,14.3951579362584,3
61,44,14.7621130552817,3
61,45,14.8611330007406,3
61,46,15.3812332819813,3
61,47,15.1104705897599,3
61,48,14.4957547837416,3
61,49,16.456352768169,4
61,50,16.8345858145969,4
61,51,16.894006802922,4
61,52,17.5654107404942,4
61,53,17.869483175112,4
61,54,16.8209597879819,4
61,55,16.5205625895104,4
61,56,17.1114065851411,4
61,57,17.5575280939113,4
61,58,16.7122756122824,4
61,59,17.301464979334,4
61,60,17.2740776130418,4
61,61,17.6288849430088,4
61,62,18.8054619641945,5
61,63,19.1067534927604,5
61,64,19.1871528561686,5
61,65,18.4697298682584,5
61,66,18.349121802996,5
61,67,17.8004838258652,5
61,68,19.3151039379641,5
61,69,18.7449433237503,5
61,70,19.240530538621,5
61,71,18.7040720848682,5
61,72,18.3032674746831,5
61,73,19.2504619337605,5
61,74,19.4276082409992,5
61,75,19.8762836320746,5
61,76,19.0431347830011,5
61,77,19.0337235831588,5
61,78,18.8256416625837,5
61,79,19.8347829068132,5
61,80,18.882738841749,5
61,81,17.8379099638748,5
61,82,19.2437016072764,5
61,83,18.3479421013815,5
61,84,17.6542285441887,5
61,85,18.6966418477064,5
61,86,19.6941276536838,5
61,87,18.526739410968,5
61,88,19.277284904976,5
61,89,18.0005034911133,5
61,90,19.3991212686182,5
61,91,18.8130501821586,5
61,92,18.2014257948134,5
61,93,16.369821633471,4
61,94,16.7506442892153,4
61,95,17.4372727964161,4
61,96,16.699150444526,4
61,97,17.1465608141805,4
61,98,16.9819916163607,4
61,99,16.6875544413443,4
61,100,16.4763836732024,4
62,1,0.181420517556354,1
62,2,-0.175800439852849,1
62,3,0.184793980106948,1
62,4,0.111439783764665,1
62,5,0.149227258373289,1
62,6,1.07757079768273,1
62,7,0.360182631016047,1
62,8,0.560609421470558,1
62,9,-1.01531022733638,1
62,10,0.669948833605168,1
62,11,0.770382115419391,1
62,12,-0.529575300500532,1
62,13,-0.198944808597099,1
62,14,0.247918453806265,1
62,15,-0.390401079256126,1
62,16,-0.806538513502433,1
62,17,-0.850508399094482,1
62,18,0.028734594235441,1
62,19,0.194173060769462,1
62,20,0.321188356701811,1
62,21,-0.375278108695201,1
62,22,0.53715846173833,1
62,23,1.22223775369498,1
62,24,0.263451970295904,1
62,25,-0.54499699196045,1
62,26,-0.19450322336986,1
62,27,0.613397953774897,1
62,28,-0.26934767554564,1
62,29,-0.203942053728828,1
62,30,-0.332082065644575,1
62,31,-0.113911238176994,1
62,32,-0.541311734211306,1
62,33,-0.180080266122162,1
62,34,-0.427221634770477,1
62,35,-0.281311861261774,1
62,36,-0.147789936470676,1
62,37,0.0556107697805269,1
62,38,-0.308781603063174,1
62,39,0.264992813753609,1
62,40,0.250462825937822,1
62,41,-0.174757024484049,1
62,42,0.868646480849312,1
62,43,0.189059791426155,1
62,44,0.0802831752076558,1
62,45,0.298016565447638,1
62,46,-0.143996816607426,1
62,47,0.606752745095473,1
62,48,0.0486106362245368,1
62,49,-0.139497154549287,1
62,50,-0.679146060762325,1
62,51,-0.0190765020292438,1
62,52,0.346850702082882,1
62,53,0.640582561577534,1
62,54,-0.124201381995808,1
62,55,-0.540763587650272,1
62,56,-0.685792340448419,1
62,57,0.18440337863043,1
62,58,0.24328297744331,1
62,59,-0.454514341028505,1
62,60,-0.526650667860062,1
62,61,-0.633550393503273,1
62,62,0.15179035573087,1
62,63,-0.198458489473897,1
62,64,-0.0800390728596493,1
62,65,0.714776432382879,1
62,66,0.186504571749459,1
62,67,0.457172006150335,1
62,68,0.438317779964832,1
62,69,-0.160631543268648,1
62,70,-0.428480704997504,1
62,71,-0.0196221848072109,1
62,72,-0.992476732843986,1
62,73,-0.464701017430676,1
62,74,0.652913033061723,1
62,75,0.730509413743053,1
62,76,0.476811875803379,1
62,77,-0.353458645520706,1
62,78,-0.142972974573368,1
62,79,-0.5918475004709,1
62,80,0.169607065172124,1
62,81,-0.398094643945342,1
62,82,-0.00824541374695822,1
62,83,-0.80990881185336,1
62,84,-0.598849325577407,1
62,85,-0.0417299315207974,1
62,86,0.197863176225727,1
62,87,0.549717613310165,1
62,88,-0.101967540712368,1
62,89,0.411494837955179,1
62,90,-1.37831261716453,1
62,91,0.322624756334807,1
62,92,0.524513040616828,1
62,93,-0.054286631745965,1
62,94,0.0136616849500662,1
62,95,0.553955589434554,1
62,96,0.61616487481521,1
62,97,-0.228765891240895,1
62,98,0.448816213797305,1
62,99,0.732557279018009,1
62,100,-0.262993018935091,1
63,1,17.0561483541944,4
63,2,16.53619384904,4
63,3,16.9143695325344,4
63,4,17.2606654074152,4
63,5,17.5546465177012,4
63,6,17.2263989191619,4
63,7,16.7685532097944,4
63,8,16.8929622050168,4
63,9,17.5718337535799,4
63,10,17.5303096765509,4
63,11,16.4311247427186,4
63,12,18.3295281968077,5
63,13,19.3105851578476,5
63,14,18.925146222983,5
63,15,20.3402559361385,5
63,16,17.9539618308533,5
63,17,18.8673318930014,5
63,18,19.4950969301951,5
63,19,19.4318435285938,5
63,20,19.2603289172098,5
63,21,19.1346296558959,5
63,22,18.7399943665791,5
63,23,18.5240718000777,5
63,24,19.3182938973723,5
63,25,19.2314600934873,5
63,26,20.294132262993,5
63,27,19.7608849822581,5
63,28,19.1692123917592,5
63,29,19.7305909372511,5
63,30,19.9872036345728,5
63,31,19.0305191846591,5
63,32,18.3555965449915,5
63,33,18.860188503508,5
63,34,20.0260649264376,5
63,35,19.1903423898973,5
63,36,18.9703793552384,5
63,37,19.0251656030253,5
63,38,18.2926862329073,5
63,39,20.0284461831769,5
63,40,19.299861872954,5
63,41,18.3772380541171,5
63,42,18.5099923716202,5
63,43,19.5404065627829,5
63,44,18.6272869143173,5
63,45,19.0499829613297,5
63,46,20.3928180720272,5
63,47,19.9801198812382,5
63,48,19.2569010474148,5
63,49,18.4668816141519,5
63,50,19.5497634765775,5
63,51,19.4015356757142,5
63,52,19.5396265665795,5
63,53,19.1108984808988,5
63,54,19.047871463226,5
63,55,19.4463124195995,5
63,56,19.020180309949,5
63,57,18.8598762140257,5
63,58,18.8380732213287,5
63,59,18.6966190772361,5
63,60,19.6301599378986,5
63,61,19.0578192371901,5
63,62,19.3941109665307,5
63,63,19.1759497447374,5
63,64,19.2872300494094,5
63,65,18.6723991661847,5
63,66,19.0678969678799,5
63,67,18.6765223103422,5
63,68,18.7384774985391,5
63,69,18.5985599743642,5
63,70,19.0140342060616,5
63,71,20.0905920116698,5
63,72,18.6812560094461,5
63,73,19.2492289136605,5
63,74,18.9046908124803,5
63,75,19.4504419387334,5
63,76,19.1956970377051,5
63,77,19.4289449539692,5
63,78,19.8375503409268,5
63,79,19.4210151947082,5
63,80,18.5181361069058,5
63,81,18.2412924487001,5
63,82,17.9734592689043,5
63,83,18.7295479039764,5
63,84,19.261232013186,5
63,85,18.8396142281556,5
63,86,18.0855757779149,5
63,87,18.2303292052804,5
63,88,18.8847989188431,5
63,89,19.1085958412916,5
63,90,18.2400993824941,5
63,91,19.3594049139775,5
63,92,20.3004340963647,5
63,93,19.36318852614,5
63,94,18.5344147772791,5
63,95,18.7167986797818,5
63,96,18.9472323355104,5
63,97,19.0607567158712,5
63,98,18.9013876045897,5
63,99,18.756293514406,5
63,100,18.9265661390391,5
64,1,14.7109578022152,3
64,2,14.4589640151775,3
64,3,14.7250016345373,3
64,4,15.3075169526207,3
64,5,14.5361705666882,3
64,6,15.1592477933554,3
64,7,14.5934082548907,3
64,8,15.660227532853,3
64,9,14.8217076370496,3
64,10,14.6405017765439,3
64,11,15.4575443171472,3
64,12,15.2103436355134,3
64,13,15.1809966751361,3
64,14,14.4466408958749,3
64,15,15.1735928662629,3
64,16,15.3504355919371,3
64,17,15.817225334498,3
64,18,15.4790331887631,3
64,19,14.2658766766132,3
64,20,12.5454186893665,6
64,21,13.7239652367245,6
64,22,12.8338948395233,6
64,23,13.1668335502628,6
64,24,13.4899045195709,6
64,25,13.1439195077051,6
64,26,15.2839515171586,3
64,27,14.8037731768294,3
64,28,15.3862276842248,3
64,29,15.2602785262129,3
64,30,17.3116840533432,4
64,31,17.3466188558205,4
64,32,17.0438838218384,4
64,33,17.1223212826956,4
64,34,16.9100415060534,4
64,35,16.5163433323958,4
64,36,16.652005714307,4
64,37,17.0425243083786,4
64,38,17.2118957175277,4
64,39,18.1777652984052,4
64,40,16.5507035940964,4
64,41,16.3092727774914,4
64,42,16.9408437661245,4
64,43,17.1496162586384,4
64,44,17.1097528350342,4
64,45,16.826822134353,4
64,46,17.365936769173,4
64,47,17.4024334223746,4
64,48,16.7484150248942,4
64,49,16.5799754137663,4
64,50,14.617724726904,3
64,51,15.0112006364693,3
64,52,15.3443271469161,3
64,53,15.0121511741804,3
64,54,15.0166198314877,3
64,55,14.5547463842598,3
64,56,15.0781232414443,3
64,57,13.0620161121031,6
64,58,12.1302370251354,6
64,59,15.3224443877628,3
64,60,14.7366967963221,3
64,61,14.3417378011197,3
64,62,14.9385645960571,3
64,63,14.8206631325156,3
64,64,12.5790731530772,6
64,65,13.5019961823651,6
64,66,13.4358484605008,6
64,67,15.7146029090943,3
64,68,15.7745590065755,3
64,69,15.7990713320901,3
64,70,14.8735340384895,3
64,71,15.3936661298164,3
64,72,15.1837405141043,3
64,73,14.4859900665863,3
64,74,14.9301898562544,3
64,75,15.1876638699699,3
64,76,14.2724464299361,3
64,77,15.8549137898928,3
64,78,14.4157685090731,3
64,79,15.5254459996865,3
64,80,14.1410656873999,3
64,81,14.909058803245,3
64,82,15.8165688180347,3
64,83,15.4626156046505,3
64,84,15.428959090649,3
64,85,15.1976225286286,3
64,86,14.9346853542601,3
64,87,14.8152372835599,3
64,88,15.1441741028329,3
64,89,15.3768271227517,3
64,90,15.4401183225876,3
64,91,14.6534197535864,3
64,92,14.0255841559383,3
64,93,14.5575229017912,3
64,94,14.8156026594004,3
64,95,15.4059105679223,3
64,96,14.5236266434824,3
64,97,15.2453535334575,3
64,98,12.9765913259442,6
64,99,13.3495537475851,6
64,100,15.5582996315126,3
65,1,14.9536515968607,3
65,2,14.5995876014095,3
65,3,15.703119110087,3
65,4,15.3865667397986,3
65,5,13.7880771439727,3
65,6,14.8842686512122,3
65,7,14.8868271159122,3
65,8,13.9115079049416,3
65,9,14.1340505050826,6
65,10,13.1273514268447,6
65,11,12.7245831742164,6
65,12,12.7168202478259,6
65,13,12.9301494996103,6
65,14,13.0584933053536,6
65,15,12.2601503560204,6
65,16,12.7340579781815,6
65,17,12.807371822326,6
65,18,14.4588202055519,3
65,19,14.9870513379045,3
65,20,12.4431498397349,6
65,21,13.5005494134794,6
65,22,13.0808003359718,6
65,23,14.8538687967318,3
65,24,14.1555746404866,3
65,25,14.6097342859637,3
65,26,15.0018182192532,3
65,27,15.4347197480998,3
65,28,14.8476342180029,3
65,29,14.5621904688323,3
65,30,16.0400694927105,3
65,31,15.2718013790349,3
65,32,15.0568231221054,3
65,33,16.4107849685462,4
65,34,17.0121091100272,4
65,35,15.049825003939,3
65,36,15.3668701430347,3
65,37,15.2659112106305,3
65,38,16.0843266896252,3
65,39,15.4806278401352,3
65,40,14.9776210293193,3
65,41,14.4583577178756,3
65,42,15.3529386760604,3
65,43,15.5081668492099,3
65,44,14.3434374390055,3
65,45,15.3994564199666,3
65,46,13.3541184969386,6
65,47,13.7751065528277,6
65,48,12.7252655660175,6
65,49,13.1757326580971,6
65,50,12.5279312695649,6
65,51,12.4538385406395,6
65,52,12.9900590996197,6
65,53,13.0909825245355,6
65,54,14.9720561957332,3
65,55,15.69363572898,3
65,56,15.051976465932,3
65,57,12.7596376615938,6
65,58,13.4481966879885,6
65,59,12.7932333003457,6
65,60,12.4455098810867,6
65,61,13.0630590140878,6
65,62,13.496015936131,6
65,63,12.9954143474084,6
65,64,12.6633608076224,6
65,65,12.8370507900277,6
65,66,12.7784662823633,6
65,67,13.3408085570303,6
65,68,13.0008099280211,6
65,69,12.8852395260634,6
65,70,14.6925619541869,3
65,71,15.3046758461204,3
65,72,15.088675571385,3
65,73,14.0024013880229,3
65,74,12.8706772317196,6
65,75,13.1837223963658,6
65,76,12.6840087217902,6
65,77,12.9508404945661,6
65,78,15.2279347899587,3
65,79,12.7281186012318,6
65,80,12.6925323593319,6
65,81,16.0075542515514,3
65,82,15.7515354087674,3
65,83,14.4396646225725,3
65,84,15.0013844279275,3
65,85,15.0428280938745,3
65,86,15.3792975554483,3
65,87,15.3127468842572,3
65,88,13.4671531082582,3
65,89,15.5637084736724,3
65,90,14.6025217737638,3
65,91,15.6995409167068,3
65,92,15.4596371196485,3
65,93,13.1567782306594,6
65,94,13.3379385832497,6
65,95,12.9113104203546,6
65,96,12.6494830501569,6
65,97,13.5096047031994,6
65,98,13.0767038268674,6
65,99,13.3235548138696,6
65,100,13.204490262891,6
66,1,16.9738268040037,11
66,2,16.8572660466856,11
66,3,17.6220853793052,11
66,4,17.0743839821553,11
66,5,16.6664639861241,11
66,6,11.1601748266688,8
66,7,9.26285279985383,9
66,8,8.9116588113967,9
66,9,9.08394120763315,9
66,10,11.6032611866604,8
66,11,10.8058188560983,8
66,12,11.5866384587944,8
66,13,10.6716568278181,8
66,14,8.9300329574923,9
66,15,8.49653751709736,9
66,16,8.82058856926649,9
66,17,9.03001621945119,9
66,18,8.81001139348157,9
66,19,9.49668775033375,9
66,20,10.1082938930783,8
66,21,8.77181126426037,9
66,22,9.08330915328487,9
66,23,8.96589491945753,9
66,24,11.0483297227132,8
66,25,17.4821204270844,11
66,26,17.0303694365909,11
66,27,17.2708475080368,11
66,28,17.973746813134,11
66,29,16.5918458920454,11
66,30,17.3107812510687,11
66,31,16.7008527582033,11
66,32,16.224026946511,11
66,33,16.5476827290481,11
66,34,16.9013839440971,11
66,35,16.4843059476775,11
66,36,17.8393229680288,11
66,37,10.3589285320657,8
66,38,10.393424597448,8
66,39,10.8514952712643,8
66,40,9.98060562113907,8
66,41,10.7113220093334,8
66,42,10.7830141322725,8
66,43,11.4586728305933,8
66,44,10.9525086918287,8
66,45,10.7551165893845,8
66,46,10.9760569557022,8
66,47,10.792340262117,8
66,48,10.4905863712728,8
66,49,12.0907461609321,8
66,50,11.5089100539739,8
66,51,9.12566878863677,9
66,52,10.4343014279671,8
66,53,9.34773278742695,9
66,54,8.76773001698273,9
66,55,9.68407383089322,9
66,56,10.6293613554171,8
66,57,11.2120879779019,8
66,58,9.59754339418523,9
66,59,9.89996641760409,8
66,60,11.4429170845122,8
66,61,8.91563569700785,9
66,62,9.67872378136073,9
66,63,9.14362740490229,9
66,64,8.85482653753972,9
66,65,9.12125293325512,9
66,66,8.44007397347404,9
66,67,10.4469858406458,8
66,68,10.8084741070171,8
66,69,10.4499837811258,8
66,70,10.3585851260526,8
66,71,10.8162645272327,8
66,72,11.2115457102939,8
66,73,11.1521527397957,8
66,74,10.3303531733198,8
66,75,9.60079992569659,8
66,76,9.55866538330783,8
66,77,12.3535559740954,8
66,78,11.5215671930589,8
66,79,8.83796983496186,9
66,80,8.88412666670569,9
66,81,9.28165524916115,9
66,82,8.67249714557022,9
66,83,8.69392122813639,9
66,84,8.04690212255218,9
66,85,8.81126654653085,9
66,86,8.89662338150034,9
66,87,8.54288249081188,9
66,88,9.34796753979499,9
66,89,8.00574954331146,9
66,90,8.18281677115704,9
66,91,9.47234987440392,9
66,92,8.78307291494066,9
66,93,8.63970864306757,9
66,94,9.56898589507725,9
66,95,7.57078683091372,10
66,96,7.70408395452533,10
66,97,6.43541426775128,10
66,98,7.25380796780096,10
66,99,6.378467743911,10
66,100,6.42766187799155,10
67,1,13.0144206163887,7
67,2,14.6435764399295,7
67,3,13.772296717241,7
67,4,13.8570745280643,7
67,5,13.7632618550344,7
67,6,14.6181173150255,7
67,7,13.9598796490069,7
67,8,13.1381632131418,7
67,9,13.4514078955082,7
67,10,13.6468275571663,7
67,11,14.1571543546933,7
67,12,14.3609715262319,7
67,13,13.7628087137178,7
67,14,14.6138788457169,7
67,15,13.7562490603085,7
67,16,14.0005795733055,7
67,17,13.2601730349704,7
67,18,14.1922220103279,7
67,19,13.5694452465408,7
67,20,13.6795512645038,7
67,21,13.6858024414142,7
67,22,14.0557272475081,7
67,23,14.4203579865859,7
67,24,13.8020558717916,7
67,25,14.0963321821275,7
67,26,13.9912885784551,7
67,27,14.628542194219,7
67,28,13.1323271720376,7
67,29,13.4149707266204,7
67,30,13.1988704785743,7
67,31,13.184839613877,7
67,32,14.414561416669,7
67,33,13.4263039872369,7
67,34,14.9144629130455,7
67,35,14.8497637350339,7
67,36,13.4720193737927,7
67,37,13.1475888449801,7
67,38,13.7518945002633,7
67,39,14.2217873198094,7
67,40,14.0724982528403,7
67,41,14.6962605498881,7
67,42,13.4535456325281,7
67,43,13.2440274595168,7
67,44,14.5483984201788,7
67,45,13.9916935975453,7
67,46,15.1866978487038,7
67,47,13.1749121846953,7
67,48,14.3102613607866,7
67,49,12.8838090583063,7
67,50,14.4693817622217,7
67,51,13.5249358840707,7
67,52,13.8115840373959,7
67,53,13.5948693927263,7
67,54,14.0868781100825,7
67,55,13.5248015330246,7
67,56,14.1675565738154,7
67,57,13.1441099236973,7
67,58,13.9562761861548,7
67,59,14.2854994130351,7
67,60,13.4912856739555,7
67,61,14.4505256945696,7
67,62,14.4853103048615,7
67,63,14.0437429934377,7
67,64,14.1320438175846,7
67,65,13.3901444563383,7
67,66,12.9216220572745,7
67,67,14.2668966280454,7
67,68,14.227971757606,7
67,69,13.4070806762907,7
67,70,13.4319617396226,7
67,71,14.0254615191478,7
67,72,13.2081995635796,7
67,73,13.6933315087799,7
67,74,14.7040590745947,7
67,75,14.9924467676818,7
67,76,13.6830291049218,7
67,77,14.1658260294377,7
67,78,13.7064307860656,7
67,79,14.1225852068623,7
67,80,14.4074553529656,7
67,81,14.0785113457637,7
67,82,14.5218465452646,7
67,83,13.8265609508153,7
67,84,14.1779341940954,7
67,85,13.9080133655204,7
67,86,13.7187106887719,7
67,87,14.3102333663099,7
67,88,15.1135480970229,7
67,89,13.2989396007916,7
67,90,14.1317495770187,7
67,91,13.4865435510871,7
67,92,15.0390325670986,7
67,93,14.0809126795695,7
67,94,13.6674674101709,7
67,95,13.7362374121964,7
67,96,13.9144949082407,7
67,97,14.1609681074673,7
67,98,14.560891768698,7
67,99,13.6350466996516,7
67,100,14.2342306029802,7
68,1,18.1081214863491,5
68,2,18.9327387566821,5
68,3,18.950196506257,5
68,4,19.7008764968193,5
68,5,17.9998901444862,5
68,6,19.6528093185869,5
68,7,17.1696474362837,5
68,8,18.2570649988254,5
68,9,18.8851221887462,5
68,10,19.1145028312182,5
68,11,18.9725767873887,5
68,12,18.7540314962775,5
68,13,18.8928417507719,5
68,14,19.1114917537091,5
68,15,19.7237910985783,5
68,16,19.6093727264419,5
68,17,19.1312985106406,5
68,18,19.0645387846698,5
68,19,19.2997840487635,5
68,20,19.1468724377142,5
68,21,19.0832426814105,5
68,22,18.5936204347345,5
68,23,18.8939966651453,5
68,24,19.518779972297,5
68,25,18.6898354536449,5
68,26,19.0614317563256,5
68,27,17.9723036677772,5
68,28,18.7045177020233,5
68,29,19.2871501967326,5
68,30,19.6437659798595,5
68,31,18.2513281477655,5
68,32,18.3031166512605,5
68,33,19.4065943016175,5
68,34,19.3444638759633,5
68,35,18.7152715015349,5
68,36,18.9976204594361,5
68,37,19.7735378367556,5
68,38,19.3813574118064,5
68,39,19.2730584999228,5
68,40,19.1219381673995,5
68,41,19.3665985870445,5
68,42,19.5406899202534,5
68,43,19.0717014873321,5
68,44,19.4219444324906,5
68,45,19.1057605108091,5
68,46,19.1869212275075,5
68,47,19.6277076265425,5
68,48,18.429814208945,5
68,49,18.7224037226363,5
68,50,19.0086963263399,5
68,51,19.4219314153041,5
68,52,19.6319631287301,5
68,53,17.8900579714684,5
68,54,19.2056002143559,5
68,55,19.2591314230192,5
68,56,18.751532410867,5
68,57,19.8241481423525,5
68,58,19.0382351168414,5
68,59,18.4801791500036,5
68,60,18.9682142579472,5
68,61,18.7405831581309,5
68,62,19.4445713407933,5
68,63,19.5351618128708,5
68,64,19.2853634178641,5
68,65,19.0282311831011,5
68,66,19.1825694590078,5
68,67,18.5095361694238,5
68,68,20.437396756143,5
68,69,19.1942334821109,5
68,70,18.877615788653,5
68,71,18.2687391392581,5
68,72,18.7816664855324,5
68,73,18.5219752775754,5
68,74,19.7109389905076,5
68,75,18.073182690628,5
68,76,19.5527170641249,5
68,77,19.1513575991294,5
68,78,19.1379115351941,5
68,79,18.0896252990989,5
68,80,18.2198363572691,5
68,81,19.2375415108844,5
68,82,18.1654532526054,5
68,83,19.721802141126,5
68,84,18.1302225879207,5
68,85,19.113814868951,5
68,86,19.0052552453516,5
68,87,19.3580240184044,5
68,88,18.5641599823765,5
68,89,18.1016908575455,5
68,90,18.9154445091645,5
68,91,19.0097216647467,5
68,92,18.5869507431832,5
68,93,19.2231358758304,5
68,94,19.1103911456897,5
68,95,18.8293628748976,5
68,96,18.7625401615258,5
68,97,18.0825315933093,5
68,98,18.3235828866051,5
68,99,17.9098744871087,4
68,100,17.2049962524353,4
69,1,16.2827678286095,11
69,2,18.1707878161258,11
69,3,16.6075247355746,11
69,4,16.738221472568,11
69,5,11.2754654265692,8
69,6,10.895048420882,8
69,7,11.6496580528365,8
69,8,9.78177304020497,9
69,9,8.19753200048213,9
69,10,9.03970664112821,9
69,11,17.8229616761723,11
69,12,16.5195205083889,11
69,13,16.8946069305442,11
69,14,17.192465900613,11
69,15,10.9190150854609,8
69,16,11.7890776248796,8
69,17,11.6127969890111,8
69,18,17.6948825892069,11
69,19,16.6986400110854,11
69,20,17.2262090388695,11
69,21,17.6559251135467,11
69,22,16.5976128769066,11
69,23,17.8160072635119,11
69,24,17.0086020302622,11
69,25,16.6099543839564,11
69,26,17.3746697423173,11
69,27,17.561384247536,11
69,28,16.8120777850707,11
69,29,17.0779289644435,11
69,30,16.7772228454139,11
69,31,17.2203605226756,11
69,32,16.781659628448,11
69,33,16.2156704252396,11
69,34,11.32806848119,8
69,35,9.79526071693257,8
69,36,9.09115044827509,9
69,37,8.87377861081042,9
69,38,9.02021283171498,9
69,39,8.48736772128173,9
69,40,8.81375003317683,9
69,41,8.86772178474121,9
69,42,9.47803380361759,9
69,43,17.589734471761,11
69,44,11.216379785647,8
69,45,10.6822206938639,8
69,46,11.6701732256205,8
69,47,9.35280798888383,9
69,48,10.6934527132787,8
69,49,10.0592013480998,8
69,50,10.8708536446817,8
69,51,8.43257044929496,9
69,52,10.5576857861906,8
69,53,8.91083553775459,9
69,54,9.84762433723238,9
69,55,10.982581292358,8
69,56,11.7054520982421,8
69,57,10.8410199968116,8
69,58,11.2718119113104,8
69,59,9.01149933900574,9
69,60,9.08688287689368,9
69,61,10.2878149355634,8
69,62,11.0660641814787,8
69,63,11.0948730779871,8
69,64,10.1686619545015,8
69,65,10.1535802909698,8
69,66,9.37170208147782,9
69,67,8.67595326183305,9
69,68,8.6623708580848,9
69,69,9.41579153134641,9
69,70,8.97472317187014,9
69,71,8.96619922595548,9
69,72,9.59591105430811,9
69,73,9.03435654476342,9
69,74,8.25723535115661,9
69,75,8.4243520770872,9
69,76,8.11344708339411,9
69,77,10.9035288084488,8
69,78,8.65236500518625,9
69,79,12.1335928847781,8
69,80,9.26317569952117,9
69,81,8.4550354502063,9
69,82,10.8515448535668,8
69,83,11.7207222987474,8
69,84,10.6073666777273,8
69,85,11.8008073063591,8
69,86,9.51041132354784,9
69,87,9.40599879346861,9
69,88,11.116319297821,8
69,89,11.0604538327797,8
69,90,10.7890905043643,8
69,91,11.6894778416396,8
69,92,10.8424607901188,8
69,93,11.3012691788374,8
69,94,8.51656305636362,9
69,95,9.25511000536882,9
69,96,9.16076378953298,9
69,97,11.5290432419577,8
69,98,16.4944582382612,11
69,99,17.6686783626314,11
69,100,16.3436008525476,11
70,1,19.2860239880508,12
70,2,18.1253846232341,12
70,3,19.2949632405703,12
70,4,19.0643265830418,12
70,5,18.7149423101392,12
70,6,19.3236219271301,12
70,7,19.0048165679595,12
70,8,18.6421577441435,12
70,9,18.9469573905929,12
70,10,19.0525103975711,12
70,11,18.0359818570714,12
70,12,18.7881601254198,12
70,13,19.5574201199313,12
70,14,19.2688064785539,12
70,15,18.8815632118308,12
70,16,19.9611874707355,12
70,17,18.6886912957404,12
70,18,18.3885165686828,12
70,19,18.8326694456875,12
70,20,19.0932866028166,12
70,21,18.9026797579324,12
70,22,18.5697503603585,12
70,23,17.7185422224487,12
70,24,19.4138171329886,12
70,25,19.0469118566829,12
70,26,19.1983928279734,12
70,27,19.1688632364191,12
70,28,18.5576539010476,12
70,29,18.8972629723293,12
70,30,19.3453416574133,12
70,31,18.977190375062,12
70,32,18.9897861246189,12
70,33,18.2018227417218,12
70,34,19.0149530878593,12
70,35,19.5887716772052,12
70,36,18.5405833566602,12
70,37,19.4312665845688,12
70,38,18.6285705543069,12
70,39,19.3845792320183,12
70,40,18.5958230538767,12
70,41,19.0749489427311,12
70,42,18.1326424699659,12
70,43,17.999374315648,12
70,44,18.3197465394002,12
70,45,19.9161200246355,12
70,46,18.4395018559074,12
70,47,19.3120254805916,12
70,48,19.8127172079688,12
70,49,18.8089406447724,12
70,50,19.5192290472412,12
70,51,18.5402361144293,12
70,52,18.0674617722999,12
70,53,18.4956666693822,12
70,54,19.7351380370326,12
70,55,19.5106059228669,12
70,56,18.6947968835065,12
70,57,18.4506938001789,12
70,58,18.964504724271,12
70,59,19.1891287133678,12
70,60,18.5092017795751,12
70,61,18.7752434433239,12
70,62,18.7651500341299,12
70,63,19.68203440608,12
70,64,19.9865008142623,12
70,65,19.3802541862369,12
70,66,19.140814354771,12
70,67,18.7998110605971,12
70,68,19.2065655756129,12
70,69,19.0273565205547,12
70,70,18.6360326358244,12
70,71,19.2126523164556,12
70,72,20.100967675633,12
70,73,19.7268667012541,12
70,74,18.0126099422159,12
70,75,20.0366121317283,12
70,76,19.2348289122586,12
70,77,18.8749894078102,12
70,78,19.275248405628,12
70,79,19.1891346834911,12
70,80,19.1842433609053,12
70,81,18.8596305190355,12
70,82,18.6483090009036,12
70,83,18.598667421941,12
70,84,19.7369748471876,12
70,85,19.7899185773168,12
70,86,19.157881943747,12
70,87,17.9383412356038,12
70,88,18.3736138803932,12
70,89,18.9470361487413,12
70,90,19.7165236893791,12
70,91,19.0530268627771,12
70,92,18.8750609904112,12
70,93,18.6309621310573,12
70,94,18.1474583413912,12
70,95,19.6885061175684,12
70,96,19.6820031739926,12
70,97,19.1893113046485,12
70,98,20.0403772389125,12
70,99,18.489155022844,12
70,100,18.7511652609801,12
71,1,6.67243560599786,10
71,2,6.09238859780468,10
71,3,6.63126463152059,10
71,4,6.13435092227085,10
71,5,7.28908790002946,10
71,6,8.04260795551174,10
71,7,6.98494924755375,10
71,8,7.42897642559197,10
71,9,7.61900569678482,10
71,10,6.72850987361491,10
71,11,7.3174511485206,10
71,12,6.69936159191378,10
71,13,7.79898384512859,10
71,14,7.12256575175134,10
71,15,7.31610556960651,10
71,16,7.26251979353297,10
71,17,7.3104985189974,10
71,18,7.19332309007077,10
71,19,6.50906764679399,10
71,20,8.01250233239164,10
71,21,7.13130167813489,10
71,22,6.89507163740837,10
71,23,5.79503049648809,10
71,24,7.17050861510437,10
71,25,7.46725854865382,10
71,26,7.06293369198499,10
71,27,7.34494443935779,10
71,28,7.14182505171899,10
71,29,6.74698724459853,10
71,30,7.3161264702083,10
71,31,6.93486001616382,10
71,32,7.49895245629257,10
71,33,7.11988914816949,10
71,34,8.82768632303944,9
71,35,8.71535066492373,9
71,36,8.61129662429356,9
71,37,9.1497980135884,9
71,38,9.82036270272127,9
71,39,9.062326383456,9
71,40,9.27051361711583,9
71,41,8.41468921611049,9
71,42,8.55937563372761,9
71,43,8.5133590999956,9
71,44,8.77707569806369,9
71,45,8.00384373573149,9
71,46,8.41060341757685,9
71,47,9.82541239228714,8
71,48,10.8427520096828,8
71,49,8.31308740267194,9
71,50,9.00274173271883,9
71,51,8.97315419099582,9
71,52,9.14285757207131,9
71,53,10.8813259109624,8
71,54,11.0138003144873,8
71,55,11.1235960754156,8
71,56,9.25505638120045,9
71,57,11.2026187391995,8
71,58,10.7437910111963,8
71,59,11.0947329664966,8
71,60,9.01552201535643,9
71,61,10.9729431544644,8
71,62,9.82141951881419,9
71,63,8.54364880492905,9
71,64,9.46828944915197,9
71,65,8.81471473873505,9
71,66,9.24795681712671,9
71,67,8.98600504059018,9
71,68,16.5508783778447,11
71,69,16.5593569191301,11
71,70,17.7918373561102,11
71,71,17.0432081369471,11
71,72,17.0017300281405,11
71,73,17.0375976222352,11
71,74,16.9223487318742,11
71,75,16.9110883351442,11
71,76,16.9831674410518,11
71,77,19.0732024293581,12
71,78,19.1987051838619,12
71,79,18.975526810422,12
71,80,18.0958754092986,12
71,81,19.3269827137661,12
71,82,18.9850734396258,12
71,83,18.670892167807,12
71,84,19.013395586165,12
71,85,18.7139051987543,12
71,86,18.712976803895,12
71,87,19.1378522168734,12
71,88,18.8755360276466,12
71,89,20.2899071570826,12
71,90,19.2073945861202,12
71,91,19.0440303892087,12
71,92,19.664102153841,12
71,93,18.3840713015754,12
71,94,18.5413936413209,12
71,95,18.8116121817898,12
71,96,19.4426497452632,12
71,97,19.0534838284993,12
71,98,19.3856344473652,12
71,99,19.3726963823281,12
71,100,19.0293649543252,12
72,1,19.7195780116168,12
72,2,18.3723680564357,12
72,3,18.2236365880811,12
72,4,19.1572965381641,12
72,5,19.4943764435665,12
72,6,18.7168969919615,12
72,7,19.3038831042961,12
72,8,19.3209101033223,12
72,9,19.2585568976012,12
72,10,19.8064292800495,12
72,11,19.3359261169815,12
72,12,19.0221402079421,12
72,13,17.7514414417333,12
72,14,17.8429200892856,11
72,15,17.5842451754801,11
72,16,16.0519935806099,11
72,17,17.4667461536283,11
72,18,10.7916582614277,8
72,19,10.6777138904046,8
72,20,11.4342725357219,8
72,21,11.4033349085101,8
72,22,10.5750588377807,8
72,23,9.39664892363043,9
72,24,9.41189557921873,9
72,25,8.42968145520527,9
72,26,10.2048293969099,9
72,27,9.65247304713005,9
72,28,9.86394522397874,9
72,29,7.46475227968606,9
72,30,11.315099518868,8
72,31,9.27581949803144,9
72,32,9.7295954292175,9
72,33,9.66062918631013,9
72,34,8.87626141239892,9
72,35,8.79998804031159,9
72,36,10.9870741103736,8
72,37,11.1659057953026,8
72,38,11.1961283510089,8
72,39,10.9343092214943,8
72,40,10.5657338264501,8
72,41,9.02551439905251,9
72,42,9.3544250074044,9
72,43,8.97742036294697,9
72,44,8.73705277969611,9
72,45,10.2750861235155,8
72,46,10.6032147782718,8
72,47,8.53914460159738,9
72,48,9.50365075064369,9
72,49,8.96450976726724,9
72,50,10.7056809115486,8
72,51,11.1611575189732,8
72,52,11.2420672485882,8
72,53,11.9464245462159,8
72,54,11.1748705665526,8
72,55,11.4896410894323,8
72,56,11.2373453994782,8
72,57,10.884968352304,8
72,58,10.7963251482725,8
72,59,11.6530179151383,8
72,60,8.65601539815903,9
72,61,8.12522931845902,9
72,62,8.98095286272023,9
72,63,8.55460974174836,9
72,64,8.23608810203503,9
72,65,8.9847934184052,9
72,66,8.61456820373317,9
72,67,11.2135476906148,8
72,68,10.5885936570873,8
72,69,10.472508561217,8
72,70,8.67495169382692,9
72,71,8.99826346907133,9
72,72,11.7727502947641,8
72,73,10.9000492526328,8
72,74,10.2599870028321,8
72,75,11.3181918913615,8
72,76,11.1010422781605,8
72,77,10.8032764767834,8
72,78,10.7474374879775,8
72,79,11.0126780459668,8
72,80,11.10965659391,8
72,81,8.64242545486279,9
72,82,8.58526314577082,9
72,83,9.23781435822805,9
72,84,11.7104203950834,8
72,85,9.36620928832446,9
72,86,11.2006541699866,8
72,87,8.8839523814098,9
72,88,8.80131110577767,9
72,89,8.18496984203234,9
72,90,11.0537137844915,8
72,91,10.5279200284785,2
72,92,10.5566610494047,2
72,93,9.48354292911615,2
72,94,9.8492172151639,2
72,95,9.68513922953948,2
72,96,10.0768191939421,2
72,97,10.0057290300454,2
72,98,11.0370081946156,2
72,99,9.82695188359163,2
72,100,10.2233113061285,2
73,1,19.4061412427832,5
73,2,18.8131913299662,5
73,3,18.1348882581205,5
73,4,19.3820739621627,5
73,5,18.223852010891,5
73,6,19.7679283728622,5
73,7,19.1926474566655,5
73,8,18.8636338317014,5
73,9,18.2468162331851,5
73,10,18.2575589400766,5
73,11,18.750526714662,5
73,12,19.0822700476972,5
73,13,18.6961367811159,5
73,14,18.622311038503,5
73,15,19.6101310219149,5
73,16,19.010357225061,5
73,17,19.3031563625392,5
73,18,19.3679284722841,5
73,19,18.5012474511563,5
73,20,18.6147281619295,5
73,21,19.6678182368168,5
73,22,19.2787784727427,5
73,23,19.3311228942861,5
73,24,19.3049940988943,5
73,25,18.540198730224,5
73,26,18.9924056943253,5
73,27,18.4204301469079,5
73,28,18.4394692060446,5
73,29,18.3518965950589,5
73,30,18.5632205125989,5
73,31,19.4197434508122,5
73,32,19.1758780633929,5
73,33,19.2637866747461,5
73,34,18.4211443523432,5
73,35,18.9500511861571,5
73,36,19.7476539154596,5
73,37,19.4642037229784,5
73,38,18.5986998444706,5
73,39,19.6380143097316,5
73,40,19.1236879646416,5
73,41,19.0639246833956,5
73,42,18.4133657284501,5
73,43,19.3653877379889,5
73,44,19.2806210739183,5
73,45,18.9272390425237,5
73,46,19.3763008707017,5
73,47,18.0350485115435,5
73,48,19.3859546117593,5
73,49,19.0484292426784,5
73,50,18.9895812367146,5
73,51,18.8441884411679,5
73,52,19.3572100348826,5
73,53,19.0558398142543,5
73,54,19.2044887183432,5
73,55,16.6839908146214,4
73,56,17.1408672932045,4
73,57,16.0786454956499,4
73,58,17.2064883162202,4
73,59,16.9547391235145,4
73,60,17.44217212279,4
73,61,17.143567940785,4
73,62,16.3073324032245,4
73,63,17.058902326558,4
73,64,16.3880531788329,4
73,65,18.3972777989886,4
73,66,17.5889671448611,4
73,67,17.562322467568,4
73,68,17.5586128561655,4
73,69,16.6344937667288,4
73,70,17.1829815662854,4
73,71,17.0668793771489,4
73,72,16.8309168010046,4
73,73,15.8437596610418,4
73,74,14.2019936243488,3
73,75,12.9322631620622,6
73,76,12.9892381989945,6
73,77,15.4074086065252,3
73,78,15.2738632790507,3
73,79,14.546212371972,3
73,80,13.9270599576002,3
73,81,14.7687903874539,3
73,82,15.3562579461937,3
73,83,14.8055619803046,3
73,84,15.8684225105532,3
73,85,15.0966994647017,3
73,86,13.328768805489,6
73,87,15.1164533903305,3
73,88,15.3572485694811,3
73,89,15.0909587191012,3
73,90,14.5072056288843,3
73,91,14.6233067704074,3
73,92,14.590984028787,3
73,93,14.7643661562372,3
73,94,15.8069044814666,3
73,95,14.0543461108301,3
73,96,15.7904543019989,3
73,97,16.261534995114,3
73,98,15.1588715005683,3
73,99,15.3653032042687,3
73,100,14.4256961153803,3
74,1,18.8086680373458,12
74,2,19.0456365233574,12
74,3,18.2762958002282,12
74,4,19.2590945929626,12
74,5,19.6822537491835,12
74,6,19.7372388763971,12
74,7,19.2114556825438,12
74,8,19.3978355678979,12
74,9,19.0052743160051,12
74,10,18.3588135863829,12
74,11,18.6690519367255,12
74,12,19.232487231406,12
74,13,19.2787866300082,12
74,14,19.0284517016959,12
74,15,18.8082971176197,12
74,16,18.9939313499797,12
74,17,19.4558899799898,12
74,18,19.8349863459395,12
74,19,19.0323368890137,12
74,20,19.4191139320262,12
74,21,18.4485170388505,12
74,22,18.7372392037896,12
74,23,18.9879933545024,12
74,24,19.3366568362299,12
74,25,19.1191316725566,12
74,26,18.8422554276824,12
74,27,19.8763626123501,12
74,28,18.8016382724407,12
74,29,19.3571822685725,12
74,30,18.8331584313733,12
74,31,18.7106285828867,12
74,32,19.045670138905,12
74,33,18.2778951347003,12
74,34,18.9971065223004,12
74,35,19.4132914986497,12
74,36,19.9022136878325,12
74,37,19.0546322993494,12
74,38,18.2041151587917,12
74,39,19.1323084006639,12
74,40,19.1592902165839,12
74,41,17.8353359064737,12
74,42,19.4172459026876,12
74,43,18.9667454127825,12
74,44,18.5432675542032,12
74,45,19.0349594623257,12
74,46,19.4116244051321,12
74,47,19.116355927045,12
74,48,18.6797642705078,12
74,49,18.6753186390809,12
74,50,19.1578365495219,12
74,51,19.3222270408235,12
74,52,19.1053957114263,12
74,53,19.3758271263304,12
74,54,18.6899549368343,12
74,55,18.6475286541483,12
74,56,18.7933023325624,12
74,57,18.4804861373186,12
74,58,19.1109577026655,12
74,59,19.8051126780452,12
74,60,18.9983890085736,12
74,61,18.7490304246156,12
74,62,18.6888211147694,12
74,63,18.8298693672123,12
74,64,19.3180793104667,12
74,65,17.9300016010535,12
74,66,18.8722395907353,12
74,67,18.7077859883457,12
74,68,19.2394773926654,12
74,69,18.8350550877944,12
74,70,19.5310478983043,12
74,71,18.1339024449364,12
74,72,19.7719926283621,12
74,73,18.6887395779404,12
74,74,18.8740121578375,12
74,75,19.0483040222093,12
74,76,18.3395224048968,12
74,77,19.8858654861477,12
74,78,19.6035966659384,12
74,79,18.7196199694589,12
74,80,18.8137504766947,12
74,81,18.9992987071834,12
74,82,19.7944391324528,12
74,83,19.7402781991164,12
74,84,18.9740361396297,12
74,85,18.1914941664317,12
74,86,18.8560430089297,12
74,87,18.4421859368875,12
74,88,20.191906718366,12
74,89,19.2731702183046,12
74,90,18.2370578471657,12
74,91,19.3525717842434,12
74,92,19.4874146115322,12
74,93,19.9589973625448,12
74,94,18.7645306371404,12
74,95,18.6915554537136,12
74,96,19.2036973888541,12
74,97,18.9605387047711,12
74,98,17.8835752573805,12
74,99,19.0234314607975,12
74,100,18.7664080977758,12
75,1,10.1486678884864,2
75,2,10.1051718993813,2
75,3,10.0475127370013,2
75,4,9.96174998223626,2
75,5,11.1332339850662,2
75,6,10.3930352572912,2
75,7,9.56829985690773,2
75,8,9.66895882259626,2
75,9,9.88237677701746,2
75,10,10.0061651477087,2
75,11,10.0407009254873,2
75,12,10.776762588417,2
75,13,10.5112189089674,2
75,14,9.78580036159747,2
75,15,10.0734245319887,2
75,16,10.4744860997524,2
75,17,9.61339575927548,2
75,18,10.7885563480445,2
75,19,9.1235597651778,2
75,20,9.46419920667419,2
75,21,9.98925645729489,2
75,22,9.53630606201506,2
75,23,9.63115455986578,2
75,24,9.78529124774845,2
75,25,9.458890829638,2
75,26,9.31381551247001,2
75,27,10.5063758466475,2
75,28,9.6283343724344,2
75,29,10.1374540355144,2
75,30,10.740706995564,2
75,31,10.3247137837126,2
75,32,9.52304810683949,2
75,33,9.69701175306054,2
75,34,9.02931938290869,2
75,35,10.1356115866177,2
75,36,9.793081999215,2
75,37,10.6917598729099,2
75,38,9.60898526645138,2
75,39,10.3576792372839,2
75,40,10.2192662206694,2
75,41,9.93862226262542,2
75,42,10.1389926591154,2
75,43,10.5245410956729,2
75,44,9.76920173198125,2
75,45,10.4148837299305,2
75,46,10.558692763371,2
75,47,10.7776874646452,2
75,48,10.3384412050479,2
75,49,9.97336011573583,2
75,50,10.317012056371,2
75,51,10.2752406465828,2
75,52,10.8586161080112,2
75,53,9.70990960996288,2
75,54,10.4352131515493,2
75,55,9.4608150092201,2
75,56,10.4105535867354,2
75,57,9.90696601705356,2
75,58,9.72727061533921,2
75,59,10.5986258198209,2
75,60,9.92960053355054,2
75,61,10.1335969453751,2
75,62,10.2539661704685,2
75,63,9.65464265660625,2
75,64,11.4977697055314,2
75,65,10.2520186722073,2
75,66,10.4510322724018,2
75,67,9.10638160885517,2
75,68,11.9822620573736,2
75,69,10.3192027048716,2
75,70,10.3514262453027,2
75,71,9.68012227543009,2
75,72,10.063255084264,2
75,73,9.39782841377329,2
75,74,9.39100098031709,2
75,75,9.7204839073554,2
75,76,9.38178664096548,2
75,77,9.82958253028908,2
75,78,10.5225880956458,2
75,79,10.2964558377647,2
75,80,10.254887130577,2
75,81,9.27070754569336,2
75,82,10.7046958355535,2
75,83,10.1562909496647,2
75,84,9.42215959906185,2
75,85,9.17921440607596,2
75,86,9.37005174725905,2
75,87,10.2507357071883,2
75,88,10.5421108377844,2
75,89,9.6340194991242,2
75,90,10.2099465245499,2
75,91,10.7287612919389,2
75,92,10.4940624369246,2
75,93,10.3150810084858,2
75,94,9.93140897725144,2
75,95,9.66726353815651,2
75,96,10.0751806631167,2
75,97,9.95351795702939,2
75,98,10.0450060234269,2
75,99,10.3810659762563,8
75,100,11.1492164156795,8
76,1,-0.250734234378135,1
76,2,-0.185057730844655,1
76,3,-0.600768576019904,1
76,4,-0.148846594214074,1
76,5,0.177167671651546,1
76,6,-0.435769867839055,1
76,7,0.336035138971939,1
76,8,-0.364718253596272,1
76,9,-0.113481612132954,1
76,10,0.23960658875612,1
76,11,0.356944014636621,1
76,12,0.335753292683772,1
76,13,-0.111683113109443,1
76,14,0.0228506821579367,1
76,15,-0.885514642908537,1
76,16,0.510101265825554,1
76,17,-0.805962883578719,1
76,18,-0.745083783458,1
76,19,0.486942595236845,1
76,20,0.284984656303706,1
76,21,0.109583378962478,1
76,22,-0.85805550637136,1
76,23,0.364208403382308,1
76,24,-0.0754883408166662,1
76,25,0.454612159022235,1
76,26,-0.583957606333009,1
76,27,-0.442724478696029,1
76,28,0.392403794444963,1
76,29,-1.16028242275986,1
76,30,0.658791586696062,1
76,31,0.0160426182561405,1
76,32,0.457959230042018,1
76,33,-0.567055231186877,1
76,34,-0.212573562342509,1
76,35,-0.236704478454085,1
76,36,-0.190290356786971,1
76,37,0.0178138867277804,1
76,38,0.183679403259263,1
76,39,-0.261349484604975,1
76,40,1.00130952294195,1
76,41,0.591615587253993,1
76,42,0.295697786607753,1
76,43,-0.179350445510549,1
76,44,0.911499616287249,1
76,45,0.37522480893,1
76,46,0.346598015282549,1
76,47,0.0128262336173048,1
76,48,0.320904775557701,1
76,49,0.880227474736845,1
76,50,-0.403095430737199,1
76,51,0.537530793226074,1
76,52,0.0989301819494415,1
76,53,0.304349146911426,1
76,54,-0.187024766284365,1
76,55,-0.606105104097193,1
76,56,-0.226963633613173,1
76,57,0.301490527623984,1
76,58,0.774625484018835,1
76,59,-0.608619365373106,1
76,60,0.290101149180562,1
76,61,-0.298049327904697,1
76,62,-0.453651877870815,1
76,63,0.317135093231505,1
76,64,-0.00732775034265574,1
76,65,-0.82348943253272,1
76,66,0.353821819668684,1
76,67,0.151980659731074,1
76,68,-0.484170690951821,1
76,69,0.370728690897985,1
76,70,0.515174136959293,1
76,71,0.518483139480303,1
76,72,0.67994344013304,1
76,73,-0.0774898125500789,1
76,74,-0.488480969576016,1
76,75,0.101985198826389,1
76,76,-0.995343634300247,1
76,77,0.654086469708658,1
76,78,0.582065978496432,1
76,79,-0.693819332313488,1
76,80,-0.69066784103584,1
76,81,-0.63335679566461,1
76,82,-0.453207506936871,1
76,83,-0.591158664654953,1
76,84,0.819873093369421,1
76,85,0.148903219770398,1
76,86,0.151862115808304,1
76,87,-1.02587182728213,1
76,88,0.677376085231474,1
76,89,0.737498898569374,1
76,90,0.620403001384439,1
76,91,-0.395910765056202,1
76,92,-0.028639108681924,1
76,93,0.358931939198378,1
76,94,0.279257305594883,1
76,95,-0.983002143107069,1
76,96,0.235692578925066,1
76,97,-0.0430650679263979,1
76,98,-0.169956760170594,1
76,99,0.0805011285534828,1
76,100,0.0388604872339412,1
77,1,9.97148060537836,2
77,2,10.853703235926,2
77,3,10.2970848915186,2
77,4,9.65554115645953,2
77,5,9.06814444862067,2
77,6,9.82992031837935,2
77,7,10.3200145284996,2
77,8,9.91241662197839,2
77,9,9.89238723694108,2
77,10,9.4165347491521,2
77,11,10.4675748255224,2
77,12,10.2041240112617,2
77,13,10.0135514039071,2
77,14,10.1119189390423,2
77,15,9.70224852743697,2
77,16,9.56412916307655,2
77,17,10.0852254689491,2
77,18,9.02879309013264,2
77,19,10.2894897726595,2
77,20,10.1127991411604,2
77,21,10.4685307398605,2
77,22,9.61297000737328,2
77,23,10.9722657716575,2
77,24,10.3383330556415,2
77,25,10.4429303697348,2
77,26,10.5778937220988,2
77,27,9.83100038235512,2
77,28,10.2377521490123,2
77,29,9.94963465244487,2
77,30,10.1321454680693,2
77,31,10.3702857383185,2
77,32,9.58168460763256,2
77,33,10.3432814617275,2
77,34,10.0563984880333,2
77,35,9.15433976688342,2
77,36,9.9062928787537,2
77,37,9.92358134157535,2
77,38,9.70772493747972,2
77,39,10.2963426514813,2
77,40,10.0764067864792,2
77,41,10.6711872760248,2
77,42,10.2713020056925,2
77,43,10.4209017317091,2
77,44,9.68752906177072,2
77,45,9.96816521663242,2
77,46,15.3102771283688,3
77,47,14.7933332956925,3
77,48,14.4457564390808,3
77,49,13.2910477577442,6
77,50,12.7183132592223,6
77,51,12.6268088626633,6
77,52,13.5165216442107,6
77,53,12.6549261932918,6
77,54,12.599017686992,6
77,55,13.5352570463947,6
77,56,15.0570697019441,3
77,57,15.9986077253458,3
77,58,13.4065589230256,6
77,59,13.8451573406202,6
77,60,12.8035956992254,6
77,61,12.9745496169339,6
77,62,13.2627949991129,6
77,63,14.9183158504616,3
77,64,15.1684944678428,3
77,65,15.5743264054971,3
77,66,15.2111382089811,3
77,67,14.7010103230485,3
77,68,14.7725016387734,3
77,69,10.4237238713254,2
77,70,10.1413950474454,2
77,71,10.1206454110611,2
77,72,9.76390657757949,2
77,73,8.94818711444479,2
77,74,10.370517838758,2
77,75,10.556588489039,2
77,76,8.91139941862877,2
77,77,9.71757574913749,2
77,78,9.9115071696322,2
77,79,10.0220399216238,2
77,80,9.61320320686524,2
77,81,10.5063197100733,2
77,82,10.0481399703762,2
77,83,9.26894433340207,2
77,84,10.873260915182,2
77,85,9.45789848583751,2
77,86,9.36729103881246,2
77,87,9.89296171685571,2
77,88,10.2838589281298,2
77,89,10.3055823887736,2
77,90,10.2823288238369,2
77,91,10.4558348760853,2
77,92,10.7679885121658,2
77,93,9.83976451485198,2
77,94,10.152493771714,2
77,95,10.0370447659622,2
77,96,8.99454617071537,2
77,97,9.38618588555116,2
77,98,9.95852311813052,2
77,99,9.4507996815208,2
77,100,10.2297342590476,2
78,1,10.5664462444745,8
78,2,11.4933132741625,8
78,3,11.3932400253287,8
78,4,10.7013283197087,8
78,5,11.0830119852151,8
78,6,10.0929687285694,9
78,7,11.2555319494986,8
78,8,11.4595444107938,8
78,9,10.9537467171561,8
78,10,10.8056606665715,8
78,11,10.9071065131166,8
78,12,11.1706240951447,8
78,13,10.1038929238999,8
78,14,10.7528209061164,8
78,15,11.8213493642641,8
78,16,11.1037489718451,8
78,17,8.59519432455672,9
78,18,8.94309551887644,9
78,19,10.7935363108129,8
78,20,9.45425729770765,9
78,21,8.77604210073738,9
78,22,10.3320625602897,9
78,23,9.3037241634055,9
78,24,10.6643103016183,8
78,25,10.272566693237,8
78,26,11.3938330139212,8
78,27,11.6564115256038,8
78,28,11.5103686498295,8
78,29,11.167049887175,8
78,30,11.0917890227589,8
78,31,12.0177628639143,8
78,32,10.7129208847642,8
78,33,10.4037960759123,8
78,34,9.16824180776302,9
78,35,7.9621835432942,9
78,36,9.58030501960542,9
78,37,8.32864777594462,9
78,38,8.7593981889902,9
78,39,8.76924108742989,9
78,40,9.39235933156029,9
78,41,10.6539567819684,8
78,42,10.4334823225994,8
78,43,11.1684981704148,8
78,44,10.5794066081179,8
78,45,10.2385157995298,8
78,46,9.26620290751968,9
78,47,9.37933586149506,9
78,48,8.55710775844339,9
78,49,6.87352424588251,10
78,50,6.94165395444537,10
78,51,7.15573409122734,10
78,52,7.32478916814561,10
78,53,7.44261191632484,10
78,54,7.50145207150357,10
78,55,7.92518018149128,10
78,56,7.29315937999775,10
78,57,6.35689137727213,10
78,58,6.4590112433825,10
78,59,6.44225578049577,10
78,60,6.67512808264338,10
78,61,6.94041562797517,10
78,62,10.2999545919988,9
78,63,10.6235540528873,8
78,64,9.27283197284507,9
78,65,9.20193660611172,9
78,66,8.77446145408005,9
78,67,8.69753894669335,9
78,68,11.8065491952847,8
78,69,10.526681446286,8
78,70,10.9607469504538,8
78,71,10.5442316669891,8
78,72,10.9406654136579,8
78,73,9.19984310835324,9
78,74,8.73268970746096,9
78,75,9.36644847953109,9
78,76,9.25236078159593,9
78,77,8.95837747331853,9
78,78,9.08516612197889,9
78,79,9.86242127612778,9
78,80,8.89942881900386,9
78,81,9.17534104702972,9
78,82,17.3846046468639,11
78,83,16.42890221528,11
78,84,16.9772719118271,11
78,85,15.7619667166811,11
78,86,16.6481883803083,11
78,87,17.0152864036346,11
78,88,16.6375198346436,11
78,89,16.5665458257002,11
78,90,16.4217654006794,11
78,91,17.2748389776361,11
78,92,17.0049770988874,11
78,93,16.3571449862024,11
78,94,16.8636621792995,11
78,95,17.0113560396861,11
78,96,16.7521811272713,11
78,97,16.3023955496121,11
78,98,18.2828040830916,11
78,99,15.8903252419395,11
78,100,16.7704279969097,11
79,1,17.8519697965314,4
79,2,17.5670071002071,4
79,3,12.3601632765856,6
79,4,15.4289979397559,3
79,5,14.8794553625128,3
79,6,15.0450960664503,3
79,7,15.4759846708175,3
79,8,14.4844729875258,3
79,9,14.7775142589388,3
79,10,14.3059702071584,3
79,11,14.1665264564287,3
79,12,15.6175003617492,3
79,13,15.4095334288392,3
79,14,15.1711422477681,3
79,15,14.3891632895887,3
79,16,15.3365402350139,3
79,17,14.418144042126,3
79,18,15.1519448923408,3
79,19,14.5555268547369,3
79,20,16.9068112592751,4
79,21,16.5588403903821,4
79,22,17.3533259833614,4
79,23,15.5184943475048,4
79,24,17.383909896841,4
79,25,17.8811407974366,4
79,26,16.7860449612728,4
79,27,17.1012610783714,4
79,28,17.5132967769552,4
79,29,15.7740257931854,4
79,30,16.6150031747714,4
79,31,16.675860630723,4
79,32,16.7663768245339,4
79,33,18.3173466658898,5
79,34,18.3990588663685,5
79,35,17.9766319567301,5
79,36,19.4864727056674,5
79,37,18.7196106497642,5
79,38,19.9952360271494,5
79,39,18.2910785457471,5
79,40,19.2490669856938,5
79,41,19.2329027410571,5
79,42,18.8847526446085,5
79,43,18.7596222461644,5
79,44,18.4871799527079,5
79,45,18.5075767101847,5
79,46,16.5088827363943,4
79,47,15.3375163185639,3
79,48,12.6747015897011,6
79,49,12.5175537365426,6
79,50,14.1782523558202,6
79,51,12.7369827540182,6
79,52,12.6039571922476,6
79,53,13.5279305687233,6
79,54,13.4539655076014,6
79,55,12.8135780822546,6
79,56,13.0361698976216,6
79,57,13.304787832946,6
79,58,13.1386853932469,6
79,59,13.0894716211409,6
79,60,13.32494243791,6
79,61,13.1149922088082,6
79,62,14.0555657954453,6
79,63,13.4391522054348,6
79,64,12.91186749459,6
79,65,13.3316008804806,6
79,66,14.5275441536229,3
79,67,14.3469858709796,3
79,68,14.7468319849581,3
79,69,14.9043597186958,3
79,70,13.0776694221256,6
79,71,15.1357763169826,3
79,72,16.433151369837,4
79,73,18.1126017120663,4
79,74,17.1704582304002,4
79,75,17.0905648164474,4
79,76,16.7962001816931,4
79,77,17.1647795544252,4
79,78,17.0015941069177,4
79,79,17.554383812845,4
79,80,16.5652799827299,4
79,81,16.2935531908696,4
79,82,16.9149524293031,4
79,83,16.3989801655609,4
79,84,16.3982532430096,4
79,85,16.8293088461446,4
79,86,17.1926490050017,4
79,87,17.6315077408769,4
79,88,17.1904162049744,4
79,89,17.4934374909277,4
79,90,17.3168197048949,4
79,91,16.5478232303835,4
79,92,16.5310768610108,4
79,93,16.3165368542211,4
79,94,16.438075216718,4
79,95,18.0535729379644,4
79,96,16.9063744749766,4
79,97,17.0038910270711,4
79,98,16.6087797034278,4
79,99,17.2001042432929,4
79,100,17.4732345937051,4
80,1,8.9933384366568,9
80,2,8.65775952252723,9
80,3,9.91351684844688,9
80,4,10.6589515592144,8
80,5,11.6055798647847,8
80,6,11.447121548106,8
80,7,9.30339571026029,9
80,8,10.76116311812,8
80,9,10.6468614810167,8
80,10,11.5964328726568,8
80,11,11.394858635904,8
80,12,11.4761726476408,8
80,13,8.87413316371203,9
80,14,9.19220694507613,9
80,15,17.0433803110826,11
80,16,17.7669135508696,11
80,17,16.8754986163677,11
80,18,17.01779224922,11
80,19,17.8539152545558,11
80,20,17.9651335720666,11
80,21,17.1504021321671,11
80,22,16.0446028809465,11
80,23,17.1545349549093,11
80,24,16.2377434245962,11
80,25,16.15942445549,11
80,26,16.72955418664,11
80,27,17.2753675706005,11
80,28,16.58700242596,11
80,29,17.4290422032503,11
80,30,16.4560672840026,11
80,31,16.5681224500733,11
80,32,17.4186235297005,11
80,33,16.3147950209989,11
80,34,19.3175499443445,12
80,35,19.0463507727812,12
80,36,20.1716479040363,12
80,37,19.4224945779658,12
80,38,19.0253329688881,12
80,39,18.139218263926,12
80,40,19.5960916746473,12
80,41,17.9953263022653,12
80,42,20.0392370376087,12
80,43,19.5174898378394,12
80,44,18.8787924096011,12
80,45,18.6463813673141,12
80,46,18.742180120992,12
80,47,18.6661874968409,12
80,48,18.4592284677567,12
80,49,18.8487915758661,12
80,50,18.6804912197722,12
80,51,18.6177289135896,12
80,52,19.4369304364138,12
80,53,18.4492673858409,12
80,54,17.7652537016585,12
80,55,19.8208367363905,12
80,56,19.4270377015478,12
80,57,18.2037150272348,12
80,58,18.5425639904789,12
80,59,18.9855328434391,12
80,60,18.5075858891751,12
80,61,19.7737085310277,12
80,62,18.9247661372585,12
80,63,19.2564609631605,12
80,64,18.29668022665,12
80,65,18.6520161517872,12
80,66,19.2015350957779,12
80,67,18.2818523494726,12
80,68,18.4722287006838,12
80,69,18.9869936622082,12
80,70,18.895145438487,12
80,71,19.2935967444637,12
80,72,19.2578519773786,12
80,73,18.8634338015022,12
80,74,18.8479978463019,12
80,75,19.0976662794606,12
80,76,19.8778789636438,12
80,77,18.5228707543483,12
80,78,19.6991878013669,12
80,79,19.6682926464565,12
80,80,19.4370474350579,12
80,81,19.22915097192,12
80,82,18.988777469908,12
80,83,19.340239552625,12
80,84,18.8885167114227,12
80,85,18.5201467408698,12
80,86,18.6315173276346,12
80,87,19.8871402909251,12
80,88,18.7232276173421,12
80,89,17.9443969305809,12
80,90,18.734748550239,12
80,91,19.2675264972898,12
80,92,18.7514878650468,12
80,93,18.6488021985734,12
80,94,19.1043508468173,12
80,95,19.9086873685317,12
80,96,19.6571820334373,12
80,97,19.8357312570144,12
80,98,19.5603727506056,12
80,99,18.2590434018393,12
80,100,19.0156014532861,12
81,1,15.3428508443341,3
81,2,15.3644652699171,3
81,3,14.3056263429156,3
81,4,14.4410107761317,3
81,5,14.4198866392983,3
81,6,15.2216599838084,3
81,7,14.4215086697514,3
81,8,14.0830073271245,3
81,9,15.5069563011159,3
81,10,15.3622572448743,3
81,11,15.0656686711778,3
81,12,15.5621108862211,3
81,13,14.8672308505072,3
81,14,14.2844849170255,3
81,15,13.6005537057565,6
81,16,15.2971941733348,3
81,17,14.5215070193233,3
81,18,14.5930083166451,3
81,19,13.7075420291063,3
81,20,12.3105274477568,6
81,21,13.4756694010823,6
81,22,13.288339730454,6
81,23,12.3690546663671,6
81,24,13.1196809762466,6
81,25,13.3447843125898,6
81,26,12.6895448091551,6
81,27,12.8661090369085,6
81,28,13.9290331541857,6
81,29,12.8713182702017,6
81,30,13.5739469840125,6
81,31,15.0985896939547,3
81,32,15.6367837566006,3
81,33,15.7006851967566,3
81,34,14.2330480907751,3
81,35,14.714329488072,3
81,36,14.7971498694087,3
81,37,15.1378114082269,3
81,38,15.5835440530631,3
81,39,15.1852848996381,3
81,40,15.3345033086931,3
81,41,15.0782066210842,3
81,42,12.8212830131719,6
81,43,13.5832115958638,6
81,44,13.3105658324689,6
81,45,13.6734632400524,6
81,46,12.3511211600689,6
81,47,13.5014382773152,6
81,48,12.5868663985406,6
81,49,15.2181740367882,3
81,50,14.8068528186735,3
81,51,14.3208276364725,3
81,52,15.2112737381892,3
81,53,15.3738874490359,3
81,54,15.4484955344534,3
81,55,15.5537698090962,3
81,56,15.7308445427168,3
81,57,14.8811455727412,3
81,58,13.0378591968819,6
81,59,14.0881909951026,6
81,60,12.8927358238668,6
81,61,13.6332787351112,6
81,62,12.1358977577685,6
81,63,12.5979752430428,6
81,64,12.3661653709642,6
81,65,11.7696229773239,6
81,66,12.7500234290183,6
81,67,12.5832328568262,6
81,68,13.1711934459757,6
81,69,14.9367076755597,3
81,70,13.6305236585949,6
81,71,12.7919698358819,6
81,72,12.1824343817416,6
81,73,13.852677614654,6
81,74,12.1933769911029,6
81,75,12.7499298654016,6
81,76,12.8888150684447,6
81,77,11.87759602167,6
81,78,12.9245815824161,6
81,79,12.5859285630519,6
81,80,14.742957719235,3
81,81,15.1987579321341,3
81,82,12.8724636053595,6
81,83,12.8506481461529,6
81,84,13.3743832493808,6
81,85,13.8324025061971,6
81,86,13.7503614743776,6
81,87,13.0560522847594,6
81,88,12.5921378226652,6
81,89,12.6076867781168,6
81,90,14.9725675680623,3
81,91,15.2460852913815,3
81,92,14.7425778198517,3
81,93,14.2229737180207,3
81,94,15.8858669111651,3
81,95,16.5382267882984,4
81,96,17.1111441587929,4
81,97,16.4293859538802,4
81,98,15.1888602703911,3
81,99,16.1532206150733,3
81,100,14.654878067589,3
82,1,19.2361710328386,12
82,2,18.6715364698469,12
82,3,18.834249761652,12
82,4,18.7168682732127,12
82,5,18.6839942672193,12
82,6,19.230251785948,12
82,7,19.0088443852051,12
82,8,20.0489070179128,12
82,9,18.2688680956963,12
82,10,19.3862505167004,12
82,11,18.6804695938921,12
82,12,18.9604057432053,12
82,13,18.4335243597295,12
82,14,18.6553405778539,12
82,15,18.5547977967724,12
82,16,19.4349806131666,12
82,17,19.3314581488613,12
82,18,19.6475013044758,12
82,19,19.4236378391048,12
82,20,18.8307511262671,12
82,21,18.8713863575657,12
82,22,18.9543349960282,12
82,23,19.3928147087886,12
82,24,18.4170982520394,12
82,25,17.6683765691677,12
82,26,20.0033178975489,12
82,27,18.1773050199255,12
82,28,19.2455842105139,12
82,29,18.6064267602725,12
82,30,18.931449889949,12
82,31,20.2912494696492,12
82,32,18.2486805811417,12
82,33,19.2625877496644,12
82,34,18.8152117538897,12
82,35,18.6142939939516,12
82,36,19.217475487266,12
82,37,19.4621522713181,12
82,38,18.5603616479257,12
82,39,19.7376265087063,12
82,40,19.1363930421076,12
82,41,19.7270279775681,12
82,42,17.9453861402274,12
82,43,18.9824886108647,12
82,44,18.7246491004844,12
82,45,18.9504957671663,12
82,46,19.3961421743485,12
82,47,19.3720866012285,12
82,48,19.0883740337871,12
82,49,19.511940763504,12
82,50,18.3496776731477,12
82,51,19.1040472043912,12
82,52,18.9370069678682,12
82,53,19.3889327799212,12
82,54,18.3231176811928,12
82,55,19.271513935668,12
82,56,19.7606738811918,12
82,57,19.8671355150556,12
82,58,19.2829049053617,12
82,59,19.0094883722685,12
82,60,16.5187461607683,11
82,61,16.8354859679832,11
82,62,16.1800173862091,11
82,63,17.1623870070743,11
82,64,17.308784528195,11
82,65,16.9714646254995,11
82,66,18.4255842290107,11
82,67,11.5103195806433,8
82,68,11.6818657288825,8
82,69,9.38467934006058,9
82,70,11.1309861841688,8
82,71,10.0152416496479,8
82,72,10.8977798736559,8
82,73,10.9466721347624,8
82,74,8.92516038381737,9
82,75,10.5358031873408,8
82,76,11.4034932432484,8
82,77,11.2731716764649,8
82,78,9.39750221938602,9
82,79,8.69348305109144,9
82,80,8.89071198792966,9
82,81,10.7799028192622,8
82,82,8.86167670624341,9
82,83,7.41421265257964,10
82,84,8.80393555696954,9
82,85,10.6183859425986,8
82,86,10.8782740371826,8
82,87,11.3862786033533,8
82,88,10.0622302609853,8
82,89,8.17001177751816,9
82,90,9.88662691608782,9
82,91,9.34299125008071,9
82,92,10.745174199114,8
82,93,8.02644053717555,9
82,94,8.23720341857104,9
82,95,9.37879095017259,9
82,96,10.5537715060447,8
82,97,11.0082985206695,8
82,98,10.3485818689466,8
82,99,9.8559063406164,8
82,100,11.3451261618299,8
83,1,-0.265145599137463,1
83,2,0.183178720220172,1
83,3,-0.302465596959212,1
83,4,0.182940534640209,1
83,5,0.169609389435742,1
83,6,-0.453306832466627,1
83,7,-0.0815808647119311,1
83,8,1.15207057441681,1
83,9,-0.0194410135673057,1
83,10,0.0510294850812557,1
83,11,-0.0934426968559628,1
83,12,-0.269868800487835,1
83,13,-0.0991583179068273,1
83,14,0.609937699233664,1
83,15,0.171337419873939,1
83,16,0.142706101858857,1
83,17,-0.277396201448143,1
83,18,1.04640738200743,1
83,19,0.185176473730403,1
83,20,0.386319592522778,1
83,21,0.0182774053076832,1
83,22,-0.658461885515479,1
83,23,-0.151658501270945,1
83,24,-0.365894141953475,1
83,25,-0.460572312417828,1
83,26,-0.211109157382105,1
83,27,0.463108461444951,1
83,28,1.26714952652584,1
83,29,-0.372432567839199,1
83,30,-0.0796185086353689,1
83,31,-0.183444975889697,1
83,32,-0.100172615562006,1
83,33,-0.282906266042995,1
83,34,0.0379249311341825,1
83,35,0.760024344223115,1
83,36,-0.273011986132329,1
83,37,-0.672338438512706,1
83,38,-0.0647342320404218,1
83,39,0.50554893082771,1
83,40,0.994608132287678,1
83,41,0.0187549302412117,1
83,42,-0.340718149897731,1
83,43,-0.164407968463019,1
83,44,0.053302766527681,1
83,45,0.0241751476873715,1
83,46,0.327267166611915,1
83,47,-0.117541769750156,1
83,48,-0.919056307736719,1
83,49,-0.0337660244853586,1
83,50,-0.287122743797011,1
83,51,-0.415424531463272,1
83,52,-0.504515318144907,1
83,53,0.956912438904589,1
83,54,-0.0632312819023561,1
83,55,0.346167150587537,1
83,56,-0.0619250757428797,1
83,57,0.311035606098659,1
83,58,0.0436926569477004,1
83,59,-0.00135576232229715,1
83,60,-0.914277038307503,1
83,61,-0.127847851983874,1
83,62,0.0111715227929772,1
83,63,0.211995997451899,1
83,64,0.0188057000120393,1
83,65,0.504398631817788,1
83,66,-0.166256506367687,1
83,67,1.01228942521169,1
83,68,0.971403622872987,1
83,69,-0.548520787287422,1
83,70,0.150320447038225,1
83,71,0.924766195465691,1
83,72,0.165630081218331,1
83,73,-0.100712133048217,1
83,74,0.182772826293173,1
83,75,0.581450440229579,1
83,76,0.494994987156363,1
83,77,0.0941404848495497,1
83,78,-0.20030233694347,1
83,79,-0.0606306950113876,1
83,80,0.0556377346823212,1
83,81,0.0866436999685651,1
83,82,-0.585702008725269,1
83,83,0.265917252112672,1
83,84,-0.234677138026315,1
83,85,-0.506414563416717,1
83,86,0.556236148317901,1
83,87,-0.757158406619351,1
83,88,-0.276519239465249,1
83,89,0.0918391382647779,1
83,90,-0.0870236807923041,1
83,91,-0.146290121648171,1
83,92,-0.227246712988232,1
83,93,0.00214946677922564,1
83,94,0.168596035279047,1
83,95,0.37314031238778,1
83,96,0.161344838304366,1
83,97,0.877097135851165,1
83,98,-0.0908680327952844,1
83,99,-0.442012582131412,1
83,100,0.52416149162186,1
84,1,16.2204442020858,11
84,2,17.4393230388945,11
84,3,17.0255116485625,11
84,4,16.7401166523207,11
84,5,17.3836280506707,11
84,6,17.1259604869643,11
84,7,17.1636449925708,11
84,8,17.1565443284302,11
84,9,17.1150432681516,11
84,10,16.8956895394154,11
84,11,11.522131027581,8
84,12,9.44191018106535,9
84,13,11.7438886003456,8
84,14,9.10515025111181,9
84,15,9.02820409557432,9
84,16,9.60561132563991,9
84,17,9.36987806643832,9
84,18,11.3795936771812,8
84,19,10.3805861365984,8
84,20,10.9306542171529,8
84,21,9.60478750276189,8
84,22,11.011715958704,8
84,23,11.5647738965938,8
84,24,11.3144304241716,8
84,25,8.52963561559542,9
84,26,11.0090925294752,8
84,27,10.4653193230294,8
84,28,9.10159923350266,9
84,29,11.9630191328535,8
84,30,8.99182653835276,9
84,31,8.96786628398499,9
84,32,9.3501326380238,9
84,33,10.1188324370187,9
84,34,8.78369894441187,9
84,35,11.2282241764859,8
84,36,10.9158247069086,8
84,37,10.8993720530446,8
84,38,9.22822939489956,9
84,39,9.73490788737299,9
84,40,10.4628993594193,8
84,41,11.0971597659056,8
84,42,8.98127542576584,9
84,43,9.26577928951329,9
84,44,9.84848746215841,9
84,45,9.56811859385169,9
84,46,9.42295359215453,9
84,47,7.83369528648206,9
84,48,8.96348066893396,9
84,49,9.1679076593008,9
84,50,11.0073479431327,8
84,51,8.55980147073193,9
84,52,6.76378415400756,10
84,53,6.56369625090246,10
84,54,6.54916557263673,10
84,55,6.62082835027703,10
84,56,7.91097158567266,10
84,57,6.29885492781159,10
84,58,7.24254034011143,10
84,59,6.34933873952644,10
84,60,8.90369502951133,9
84,61,11.0073077801286,8
84,62,11.0540922719534,8
84,63,11.359629731126,8
84,64,10.9110498800646,8
84,65,11.0387229017378,8
84,66,11.5722633610489,8
84,67,10.2676897616892,8
84,68,10.8571447335031,8
84,69,10.6006865511764,8
84,70,11.2618617670674,8
84,71,11.0901647919032,8
84,72,10.6364193877898,8
84,73,9.08724895714968,9
84,74,10.1244362618373,8
84,75,9.84412196022579,9
84,76,8.53874938928268,9
84,77,9.86444919519237,9
84,78,8.95985802189838,9
84,79,9.23468412133481,9
84,80,8.8593267732108,9
84,81,9.74774556557534,9
84,82,17.1495715964268,11
84,83,16.8334283761367,11
84,84,17.0359607780063,11
84,85,17.4872929682796,11
84,86,10.3645403740712,8
84,87,9.33785135169147,9
84,88,7.10609836876711,10
84,89,6.9481026132843,10
84,90,6.57061337131639,10
84,91,6.45769930935444,10
84,92,6.7440455704675,10
84,93,7.95680107321523,10
84,94,7.6903037304685,10
84,95,6.91023493700919,10
84,96,7.6776046151619,10
84,97,7.16687317986751,10
84,98,6.23421197624839,10
84,99,6.39779303776397,10
84,100,7.35010913495312,10
85,1,13.4057584320527,6
85,2,13.2547934045625,6
85,3,12.6192811311777,6
85,4,13.6268186175709,6
85,5,14.2093678359049,6
85,6,12.8093263758831,6
85,7,13.3225992950994,6
85,8,12.5077049004109,6
85,9,12.1054273795387,6
85,10,12.9078717146154,6
85,11,13.8673037248129,6
85,12,12.8456867654433,6
85,13,13.6181352852481,6
85,14,13.1095873355936,6
85,15,12.3931505884934,6
85,16,14.0807529416572,6
85,17,14.3747284439537,3
85,18,14.3720449002414,3
85,19,15.1942748372026,3
85,20,15.4763061534825,3
85,21,12.9359942163918,6
85,22,12.9344375846579,6
85,23,13.417019929433,6
85,24,13.8484960569935,6
85,25,13.7171903370363,6
85,26,13.3076115796412,6
85,27,11.7605992554907,6
85,28,13.3017040352983,6
85,29,13.5187671747603,6
85,30,13.098454459349,6
85,31,13.4685753060012,6
85,32,15.8059792332589,3
85,33,14.9760456173723,3
85,34,15.1637687122907,3
85,35,15.3293065375067,3
85,36,14.5247824755762,3
85,37,14.6694377141252,3
85,38,14.6304485886563,3
85,39,14.4609470361057,3
85,40,15.0807693779674,3
85,41,14.0622761375045,3
85,42,15.610739979268,3
85,43,15.5556063116963,3
85,44,13.5067377958844,6
85,45,13.5203727143627,6
85,46,12.8666773828451,6
85,47,12.6858893852408,6
85,48,15.4568313840141,3
85,49,15.0417304771131,3
85,50,15.420556920767,3
85,51,15.1897318179107,3
85,52,14.8348651392975,3
85,53,14.3630562330364,3
85,54,15.1750841693117,3
85,55,14.8992116211722,3
85,56,14.61731977153,3
85,57,14.650230351141,3
85,58,16.0256675434894,3
85,59,14.754944410251,3
85,60,13.3805129131523,6
85,61,12.8550719069683,6
85,62,13.0186093848451,6
85,63,13.2839204223474,6
85,64,13.1187143737831,6
85,65,12.5539016950914,6
85,66,12.7962798615621,6
85,67,13.3553409793789,6
85,68,12.6883981643989,6
85,69,12.629984670909,6
85,70,13.468822469074,6
85,71,12.5085299122991,6
85,72,13.4635893221375,6
85,73,13.1393955804747,6
85,74,13.6702395527181,6
85,75,13.7503504348298,6
85,76,14.0528438079261,6
85,77,12.3745559264548,6
85,78,12.6924696500272,6
85,79,11.9273567366711,6
85,80,15.187430665153,3
85,81,14.1785088388664,3
85,82,15.2321141335309,3
85,83,13.6475634085252,6
85,84,13.2730989277919,6
85,85,12.9525910402689,6
85,86,14.9182611652598,3
85,87,14.1308141875358,3
85,88,15.1604270685417,3
85,89,12.7184020202708,6
85,90,13.1960337524792,6
85,91,12.3295591451497,6
85,92,12.7096760168222,6
85,93,12.6916022394883,6
85,94,12.5928959926904,6
85,95,12.7680858126368,6
85,96,12.2949489255258,6
85,97,13.2519896809339,6
85,98,13.3155855648846,6
85,99,14.9236544246484,3
85,100,15.5064801276987,3
86,1,11.2462419016566,2
86,2,9.64504984028281,2
86,3,10.4997975579759,2
86,4,10.3791409540585,2
86,5,10.1163768449236,2
86,6,10.1549266300546,2
86,7,9.47028509575299,2
86,8,9.97162680437577,2
86,9,9.2281878770693,2
86,10,9.77651926978015,2
86,11,9.35830092792233,2
86,12,9.52202336569478,2
86,13,9.88267174451211,2
86,14,10.1456386751093,2
86,15,9.76255656295618,2
86,16,9.52098972597701,2
86,17,10.0294786029853,2
86,18,10.7333060949173,2
86,19,9.85760468328963,2
86,20,10.3313411949248,2
86,21,10.5932173279554,2
86,22,10.4563486859406,2
86,23,9.39330439954211,2
86,24,9.74911744783445,2
86,25,9.22130228278121,2
86,26,9.19564267976642,2
86,27,9.4703968059303,2
86,28,10.6906414222477,2
86,29,10.2854504149001,2
86,30,11.0164078121839,2
86,31,10.261633122415,2
86,32,9.82332914229322,2
86,33,9.71134837568433,2
86,34,10.2767995900631,2
86,35,10.4586747910605,2
86,36,9.94689599626681,2
86,37,10.0093792613301,2
86,38,10.010303713322,2
86,39,9.6512011061236,2
86,40,9.5074027923706,2
86,41,10.0178719950601,2
86,42,10.4761131909731,2
86,43,10.0100416472595,2
86,44,9.9413462318622,2
86,45,11.4649808821593,2
86,46,10.3874878842681,2
86,47,10.4657350629469,2
86,48,10.1599935570939,2
86,49,10.2131582020958,2
86,50,9.93836056613028,2
86,51,9.96024973412482,2
86,52,9.94169593707446,2
86,53,11.1061609000725,2
86,54,10.5318001119531,2
86,55,9.91228996910938,2
86,56,10.0773455000274,2
86,57,10.5490717612558,2
86,58,9.1766879135527,2
86,59,10.6081298555812,2
86,60,10.0047444120485,2
86,61,9.47526617420319,2
86,62,10.4971713998571,2
86,63,9.33275047468842,2
86,64,9.06646526444459,2
86,65,9.68975369499697,2
86,66,9.89509379181764,2
86,67,10.0224332118246,2
86,68,9.36637910128296,2
86,69,10.136701322157,2
86,70,9.65957927672022,2
86,71,10.1973973318854,2
86,72,10.1582887237048,2
86,73,9.76201957933417,2
86,74,10.1391995772323,2
86,75,10.2141565844358,2
86,76,9.93198454406294,2
86,77,9.50219005009938,2
86,78,10.3968969893165,2
86,79,10.1105941128624,2
86,80,10.4232514498797,2
86,81,9.69056425615161,2
86,82,9.53781687986211,2
86,83,10.0143866982283,2
86,84,10.3044277483144,2
86,85,9.80117857469274,2
86,86,9.72841610420519,2
86,87,9.86864949531648,2
86,88,10.3660753344844,2
86,89,9.42641831933305,2
86,90,10.4024396859319,2
86,91,9.75860287925503,2
86,92,10.2163942181821,2
86,93,9.55492056616107,2
86,94,10.1355170381363,2
86,95,9.37298314575219,2
86,96,9.71160216621241,2
86,97,9.73031686117316,2
86,98,10.9121958701086,2
86,99,10.0972924342117,2
86,100,10.2520440105263,8
87,1,13.3129792828964,7
87,2,13.616664529454,7
87,3,13.2992679467685,7
87,4,13.4942277683622,7
87,5,13.5761727733914,7
87,6,14.5678804524772,7
87,7,14.144445017106,7
87,8,14.331056549289,7
87,9,14.433420128222,7
87,10,14.9084086363441,7
87,11,13.6723439068699,7
87,12,13.9310474627371,7
87,13,14.9289773190812,7
87,14,14.9165015035324,7
87,15,13.6936622614469,7
87,16,14.4558497875792,7
87,17,14.1301305879038,7
87,18,14.2028510718384,7
87,19,13.9140005414267,7
87,20,13.6226828744967,7
87,21,14.1988928087784,7
87,22,14.1110071357519,7
87,23,13.9387751903619,7
87,24,14.3598414680998,7
87,25,14.5271726696901,7
87,26,13.337279289462,7
87,27,13.933657086993,7
87,28,13.3955775718077,7
87,29,14.3405324598938,7
87,30,14.2182273674132,7
87,31,14.4834660554518,7
87,32,14.1544597503049,7
87,33,14.1580092098472,7
87,34,14.1043961961047,7
87,35,14.1816746676331,7
87,36,14.4064449216021,7
87,37,14.0486142039364,7
87,38,13.9396620931818,7
87,39,13.5149563595365,7
87,40,14.3466682791858,7
87,41,14.4689664235614,7
87,42,14.18054076605,7
87,43,13.4126843707246,7
87,44,14.6682300112217,7
87,45,14.9705186611969,7
87,46,14.2943930816764,7
87,47,14.1285601679685,7
87,48,13.9268412867959,7
87,49,13.9092427864647,7
87,50,14.3243468307377,7
87,51,13.8884873254606,7
87,52,13.7495524546263,7
87,53,13.0052454654486,7
87,54,14.4444456130652,7
87,55,14.0142870567825,7
87,56,13.7823934714731,7
87,57,15.0763068826706,7
87,58,14.2103909792815,7
87,59,14.0752294103389,7
87,60,13.5323242998272,7
87,61,14.4429975436727,7
87,62,14.2763283151353,7
87,63,13.4535015225193,7
87,64,14.4546791368056,7
87,65,13.5147471880694,7
87,66,14.4946412573358,7
87,67,14.2069945121148,7
87,68,13.9222867940626,7
87,69,14.4804314602891,7
87,70,14.2698702897183,7
87,71,14.1137310883083,7
87,72,12.9836358901055,7
87,73,13.890814880209,7
87,74,13.9274665160395,7
87,75,13.7123455361997,7
87,76,14.039158040389,7
87,77,13.826109744744,7
87,78,14.4395413140529,7
87,79,14.5840714560436,7
87,80,14.1552516617975,7
87,81,14.0097926756985,7
87,82,14.1488417559626,7
87,83,13.4796991926024,7
87,84,14.6086582837475,7
87,85,13.0127602391431,7
87,86,14.037665577982,7
87,87,13.847880068858,7
87,88,13.8019978474081,7
87,89,13.6469527565077,7
87,90,13.5360977600958,7
87,91,14.0228580445537,7
87,92,13.7059824396697,7
87,93,14.1314577362364,7
87,94,13.7072079023083,7
87,95,14.5229336155828,7
87,96,13.8571239324847,7
87,97,14.4737367609927,7
87,98,14.3440179949481,7
87,99,14.4325582367164,7
87,100,14.6344626831327,7
88,1,13.2753458807219,6
88,2,14.4367921229452,3
88,3,15.0086387079064,3
88,4,15.4433461665982,3
88,5,15.463197249818,3
88,6,15.4535200782298,3
88,7,12.4693933658953,6
88,8,12.9253344454159,6
88,9,12.9830473565081,6
88,10,13.0833944240951,6
88,11,13.3901415710787,6
88,12,13.3125436128815,6
88,13,13.2817346115227,6
88,14,13.5707164771561,6
88,15,13.0904669965835,6
88,16,12.8085254908106,6
88,17,12.0974846443586,6
88,18,12.8506367616962,6
88,19,12.8821177590566,6
88,20,12.3794380414136,6
88,21,12.901974584346,6
88,22,13.4768105137343,6
88,23,13.235738131028,6
88,24,12.8497839453924,6
88,25,13.2261775632608,6
88,26,11.974490177394,6
88,27,13.0441133837844,6
88,28,13.0047902899638,6
88,29,13.3299985367801,6
88,30,12.7845885704764,6
88,31,12.8928809022904,6
88,32,14.578172383054,3
88,33,15.1806075985252,3
88,34,15.7209394848237,3
88,35,15.5373259610856,3
88,36,14.7009855441437,3
88,37,14.6133390611831,3
88,38,14.337715126372,3
88,39,14.8423668644262,3
88,40,14.211068804625,3
88,41,14.972336772271,3
88,42,14.8322606578004,3
88,43,15.0307388240583,3
88,44,14.6979123929771,3
88,45,14.5652738041917,3
88,46,15.0407381960855,3
88,47,15.1359069072208,3
88,48,14.7555733006106,3
88,49,14.8450991292178,3
88,50,16.1195970051226,3
88,51,18.1346673614618,4
88,52,16.8386536440115,4
88,53,16.9515142127897,4
88,54,14.8951691242691,3
88,55,14.4615178741961,3
88,56,15.4735156721664,3
88,57,15.198255351777,3
88,58,14.8784269890488,3
88,59,15.1016769190199,3
88,60,15.6643109518609,3
88,61,15.0948899971419,3
88,62,15.467979628397,3
88,63,15.223549677328,3
88,64,14.7023686948959,3
88,65,14.9260484588396,3
88,66,14.9659437856681,3
88,67,15.2733688157701,3
88,68,15.6994366742064,3
88,69,12.3866542051416,6
88,70,12.4003367023931,6
88,71,14.778477846986,3
88,72,13.5792648941423,6
88,73,12.0412666065383,6
88,74,12.7686460509901,6
88,75,12.6536978709259,6
88,76,12.2944251248217,6
88,77,13.174101734724,6
88,78,12.0949182580593,6
88,79,12.277389170136,6
88,80,15.6016032051262,3
88,81,14.6814783548449,3
88,82,14.8601443334864,3
88,83,15.6352648999629,3
88,84,14.871564532487,3
88,85,14.7160084740384,3
88,86,15.0295222524131,3
88,87,14.8202904822506,3
88,88,14.7497472486754,3
88,89,15.7345973810906,3
88,90,13.1890622660759,6
88,91,12.76238124065,6
88,92,14.4779944383633,3
88,93,15.193954316042,3
88,94,15.5941431617063,3
88,95,13.7959785188046,6
88,96,13.4936626084027,6
88,97,12.4317451147662,6
88,98,12.1433932007131,6
88,99,13.3952232646446,6
88,100,13.5772999871798,6
89,1,11.5889803209253,8
89,2,10.2363199289588,9
89,3,8.29085853026208,9
89,4,9.50890511237851,9
89,5,8.38471036674599,9
89,6,8.44127420413788,9
89,7,9.53066840341013,9
89,8,11.5897198435303,8
89,9,8.65582473936475,9
89,10,8.60457555902778,9
89,11,8.75313607698386,9
89,12,9.2774401596926,9
89,13,8.41688265543519,9
89,14,8.6994822157393,9
89,15,9.99226727570448,9
89,16,8.66404029598601,9
89,17,11.3265616848661,8
89,18,11.2750951981987,8
89,19,10.6061773689029,8
89,20,12.1132327390098,8
89,21,8.89762021596015,9
89,22,8.32188394813872,9
89,23,9.65201687264765,9
89,24,9.22013262452347,9
89,25,9.18192616251675,9
89,26,9.28360225252763,9
89,27,9.27954803319867,9
89,28,9.13596997500159,9
89,29,9.53533849845624,9
89,30,9.3323550007368,9
89,31,8.86065346778455,9
89,32,11.3280194072833,8
89,33,10.605453962103,8
89,34,10.9895776129461,8
89,35,10.5932230129533,8
89,36,10.22079504549,8
89,37,10.3157953319779,8
89,38,11.3290974716928,8
89,39,11.4046396139977,8
89,40,10.0213619002966,8
89,41,10.9756460475273,8
89,42,12.3475559558029,8
89,43,8.12569202394344,9
89,44,8.64992323194894,9
89,45,9.53811077557703,9
89,46,10.8184761337875,8
89,47,10.8921630140376,8
89,48,8.12368431777445,9
89,49,8.98499406401675,9
89,50,9.43315866350815,9
89,51,9.04189368572806,9
89,52,9.28126585177319,9
89,53,8.8655203641316,9
89,54,9.87590900922502,9
89,55,8.557516566505,9
89,56,10.4493365647258,8
89,57,11.2931189165579,8
89,58,10.2944041168408,8
89,59,10.8713200336352,8
89,60,9.45123794294452,9
89,61,9.21804598433436,9
89,62,10.3652401051065,8
89,63,11.3050669979492,8
89,64,11.1325298134075,8
89,65,10.9903151889485,8
89,66,9.2128754468841,9
89,67,10.0863777510585,9
89,68,8.40426637209303,9
89,69,11.0658376166705,8
89,70,11.0362446259067,8
89,71,9.81716202330217,9
89,72,11.9185925664586,8
89,73,8.75080570972282,9
89,74,8.5856071825492,9
89,75,9.07358201441925,9
89,76,7.82181915155298,9
89,77,8.65553048584546,9
89,78,8.55439546728097,9
89,79,8.42767959531547,9
89,80,9.02379645856966,9
89,81,10.5126666037271,8
89,82,11.1854835651541,8
89,83,10.6767438411716,8
89,84,11.139453154339,8
89,85,10.6215607030043,8
89,86,11.9660506182764,8
89,87,9.44302708562657,9
89,88,10.6681351536681,8
89,89,10.615875899989,8
89,90,11.8548133386798,8
89,91,11.1247267933489,8
89,92,10.4480153855044,8
89,93,11.9127017094129,8
89,94,10.9622032693021,8
89,95,10.3840862300432,8
89,96,10.785000450277,8
89,97,8.54365085564436,9
89,98,8.26024571199865,9
89,99,11.4809293853994,8
89,100,8.38697073280515,9
90,1,11.3683667076895,8
90,2,7.86371187391184,9
90,3,9.15063602543086,9
90,4,6.82908809274267,10
90,5,7.36939368642391,10
90,6,7.76595981675048,10
90,7,6.82263094776499,10
90,8,6.41035394371492,10
90,9,6.9987039961077,10
90,10,7.14385353459104,10
90,11,6.82358972811448,10
90,12,7.57741024031613,10
90,13,6.72743255946774,10
90,14,6.53543994087832,10
90,15,7.44145840260818,10
90,16,7.93121482693405,10
90,17,7.31132828922039,10
90,18,7.72738317787121,10
90,19,6.9385055236695,10
90,20,6.43157962378826,10
90,21,5.7169048112763,10
90,22,7.0539176281323,10
90,23,6.56585942661769,10
90,24,7.74969801085756,10
90,25,7.67209544256199,10
90,26,6.45770139952639,10
90,27,6.3673170261894,10
90,28,6.99931414736858,10
90,29,6.46048402836324,10
90,30,7.43928538148773,10
90,31,6.4799909595985,10
90,32,6.66378860449499,10
90,33,6.73264324473135,10
90,34,6.73799673168716,10
90,35,6.67769026520275,10
90,36,6.81062336302498,10
90,37,7.12119692911229,10
90,38,6.61455109111373,10
90,39,6.7271103906195,10
90,40,6.50321000179593,10
90,41,7.32595432867062,10
90,42,7.30256771043138,10
90,43,6.82228414036129,10
90,44,6.71433512370889,10
90,45,7.33055920485849,10
90,46,6.94862370638934,10
90,47,7.21063828655464,10
90,48,7.29589736759686,10
90,49,7.23491337825202,10
90,50,7.11706114823428,10
90,51,5.62040870282426,10
90,52,6.46415774701182,10
90,53,6.82308873063409,10
90,54,5.69652297594494,10
90,55,7.38655918018041,10
90,56,7.72307753107544,10
90,57,7.0704646917494,10
90,58,6.90654529169318,10
90,59,6.30930881782886,10
90,60,7.77886745469604,10
90,61,6.62928547501596,10
90,62,6.84268706140293,10
90,63,6.36137993438486,10
90,64,6.96561205159301,10
90,65,7.64916302613665,10
90,66,7.12999287347021,10
90,67,6.61580287535806,10
90,68,6.57844140588206,10
90,69,6.82990303905697,10
90,70,8.51706334510178,9
90,71,8.69265305326831,9
90,72,6.2990749670235,10
90,73,7.44663774456337,10
90,74,6.85981852101465,10
90,75,6.37908278617734,10
90,76,6.85083259883092,10
90,77,7.00714395019837,10
90,78,7.07653389302896,10
90,79,6.96066289343447,10
90,80,6.57780201235841,10
90,81,9.28831230873594,9
90,82,9.83609694368606,9
90,83,9.2494524388988,9
90,84,9.37011916231711,9
90,85,8.81211324585302,9
90,86,9.99516854011496,9
90,87,9.01785134726008,9
90,88,11.0073426190234,8
90,89,11.1464851358762,8
90,90,11.7513084551525,8
90,91,10.1147116264046,8
90,92,10.8496952729586,8
90,93,11.2354670300241,8
90,94,11.4213412503702,8
90,95,10.6826416847055,8
90,96,9.60715556628041,9
90,97,9.45489579916133,9
90,98,8.97008035689818,9
90,99,7.52516715188,10
90,100,6.41569921730621,10
91,1,19.1501183341925,5
91,2,19.2062247637855,5
91,3,19.5502483700602,5
91,4,18.6452540654614,5
91,5,18.9640235359433,5
91,6,18.2518493702319,5
91,7,18.8645752603279,5
91,8,18.8338122428393,5
91,9,18.5728252105357,5
91,10,19.2192348548104,5
91,11,18.7280152670903,5
91,12,19.9616866042628,5
91,13,18.6185369534087,5
91,14,19.4659126542853,5
91,15,18.4588039204226,5
91,16,18.6416791335602,5
91,17,18.200662325543,5
91,18,18.6414809832452,5
91,19,19.0665648126777,5
91,20,19.8506151980242,5
91,21,18.746672953236,5
91,22,19.6867354803874,5
91,23,19.449477792077,5
91,24,19.1330986126815,5
91,25,18.5072770996055,5
91,26,19.7878610458798,5
91,27,19.274117914274,5
91,28,18.6471288910543,5
91,29,19.780220757492,5
91,30,18.5054401122484,5
91,31,19.7778144809709,5
91,32,19.5505630086786,5
91,33,19.5990559997523,5
91,34,19.326593674279,5
91,35,18.8925234868935,5
91,36,18.9897412843701,5
91,37,18.6518867888132,5
91,38,19.5015560685283,5
91,39,18.5513207102215,5
91,40,19.0700374012223,5
91,41,19.3632997908283,5
91,42,19.3706297449817,5
91,43,18.4777615290164,5
91,44,19.5961239721731,5
91,45,19.1019961752514,5
91,46,18.9841505291303,5
91,47,18.4356429904666,5
91,48,18.9514599323792,5
91,49,18.2920002034542,5
91,50,19.1847747876353,5
91,51,19.1836704580689,5
91,52,18.9843502398345,5
91,53,19.0283256697756,5
91,54,19.0148120687699,5
91,55,18.6134026868972,5
91,56,19.3682689033521,5
91,57,18.665586938172,5
91,58,19.6352524074393,5
91,59,19.1076076368827,5
91,60,18.5656719137001,5
91,61,17.9914693746081,5
91,62,19.4803694368403,5
91,63,19.180022629193,5
91,64,19.488250703953,5
91,65,18.5217411844927,5
91,66,17.8936559882512,5
91,67,19.5170895905086,5
91,68,18.5916844115155,5
91,69,19.4147387086909,5
91,70,19.3790722157019,5
91,71,18.8234744338557,5
91,72,17.8452493014585,5
91,73,18.765575069771,5
91,74,19.0030324017122,5
91,75,19.5005547985294,5
91,76,18.6880528893846,5
91,77,19.4104443210738,5
91,78,18.6786081611525,5
91,79,18.7495364721722,5
91,80,19.5471889861862,5
91,81,19.0120799047611,5
91,82,18.2907147524779,5
91,83,18.6372967539948,5
91,84,19.0064774817,5
91,85,18.9232263883164,5
91,86,18.9458291725914,5
91,87,19.9471627493261,5
91,88,19.8543465384562,5
91,89,18.476405196362,5
91,90,19.2196535724702,5
91,91,18.7782736815995,5
91,92,19.2713734697775,5
91,93,18.6956594702211,5
91,94,18.7889927763488,5
91,95,19.4074831026448,5
91,96,18.918620372007,5
91,97,19.2559576866395,5
91,98,19.538678081701,5
91,99,18.9354535704238,5
91,100,18.7206247012056,5
92,1,-0.0994998078120909,1
92,2,-0.143348625362394,1
92,3,-0.0655813917575063,1
92,4,0.769912422939561,1
92,5,0.147801614125804,1
92,6,-0.629553029197163,1
92,7,0.146233427517304,1
92,8,0.385375631279081,1
92,9,0.275070286511792,1
92,10,0.0572807564226386,1
92,11,-0.447850600729202,1
92,12,0.345114319772042,1
92,13,0.189529368639123,1
92,14,-0.0391843700914236,1
92,15,-0.236266735014754,1
92,16,-0.242803398618837,1
92,17,-0.115472249903701,1
92,18,0.0962011984714775,1
92,19,0.0573537326637745,1
92,20,-0.57539650240858,1
92,21,0.26847360108585,1
92,22,-0.657079070987443,1
92,23,0.465737230331208,1
92,24,-0.717024235951592,1
92,25,0.518935513321329,1
92,26,-0.224266436992004,1
92,27,-0.311596672820436,1
92,28,0.00920124897352732,1
92,29,0.750394948574627,1
92,30,-0.276698607457648,1
92,31,0.569449213491557,1
92,32,-0.0282403694747722,1
92,33,0.737310647675484,1
92,34,0.248306848449912,1
92,35,-0.752786873552783,1
92,36,-0.280783531244475,1
92,37,-0.397425768942108,1
92,38,0.0500891217753771,1
92,39,-0.165978961542224,1
92,40,-0.759786936915968,1
92,41,-0.711231366178826,1
92,42,-0.477605695179402,1
92,43,-0.616016386285039,1
92,44,-0.186047073778605,1
92,45,-0.10217572189071,1
92,46,-0.169932417140912,1
92,47,0.96396848021558,1
92,48,0.289574914236794,1
92,49,-0.853676464447581,1
92,50,-0.524347143250963,1
92,51,-0.607339749972529,1
92,52,-0.818922032281888,1
92,53,0.574848086310646,1
92,54,0.878670899352957,1
92,55,-0.371476019435125,1
92,56,-0.0216726322112003,1
92,57,0.639329361754541,1
92,58,0.272161358111047,1
92,59,-0.578644032324238,1
92,60,-0.0277683923834952,1
92,61,0.447428684450075,1
92,62,0.066284547730669,1
92,63,-0.0258288073136435,1
92,64,-0.472858652929471,1
92,65,-0.0689935879169252,1
92,66,-0.0454736014245076,1
92,67,0.0650153761542221,1
92,68,0.929122167906626,1
92,69,0.147125393756022,1
92,70,0.000423731487748834,1
92,71,-0.150740309932757,1
92,72,0.351930676282096,1
92,73,0.284682765199386,1
92,74,-0.0807117032865119,1
92,75,0.239555067262921,1
92,76,0.892148346000183,1
92,77,-1.10040642867898,1
92,78,-0.112612865529921,1
92,79,-0.783617473471957,1
92,80,-0.24075679397213,1
92,81,0.311901140109622,1
92,82,0.167981942596833,1
92,83,-0.116003868449085,1
92,84,-0.897287952915175,1
92,85,-0.0770739575107642,1
92,86,0.324562257748943,1
92,87,-0.747673103674788,1
92,88,-0.680281194016174,1
92,89,0.540615906754467,1
92,90,0.671586504958835,1
92,91,0.650317654867384,1
92,92,-0.193810987791412,1
92,93,0.418098343751589,1
92,94,0.278725253735323,1
92,95,-0.0714385525290728,1
92,96,-0.186925430942457,1
92,97,0.237276240444957,1
92,98,-0.860376082363723,1
92,99,-0.148339544314663,1
92,100,-1.56393716567281,1
93,1,7.03123684137197,10
93,2,6.60529933728476,10
93,3,6.92161402074114,10
93,4,7.10218340130224,10
93,5,6.63844934355661,10
93,6,6.79197417470845,10
93,7,6.28509746581765,10
93,8,6.85769035980527,10
93,9,7.61767091680134,10
93,10,7.23910389618857,10
93,11,6.9590582735239,10
93,12,6.93478116630136,10
93,13,6.36220466268443,10
93,14,7.10549279815907,10
93,15,6.36801186175904,10
93,16,7.4335625338256,10
93,17,7.49975344444917,10
93,18,7.3222569530818,10
93,19,7.96897270307042,10
93,20,7.49481559837606,10
93,21,7.08274573951378,10
93,22,7.53085717611915,10
93,23,7.06093921160524,10
93,24,7.76915669435875,10
93,25,7.38300543726098,10
93,26,7.33053925125978,10
93,27,6.79422261417731,10
93,28,6.55026327730685,10
93,29,7.03389548354173,10
93,30,7.0695975065577,10
93,31,7.52737732125589,10
93,32,6.85998245539428,10
93,33,6.67141672223309,10
93,34,6.55391241187002,10
93,35,6.56213775141946,10
93,36,6.82109322851858,10
93,37,6.34883958265927,10
93,38,6.7281714664748,10
93,39,6.79793726653454,10
93,40,6.38938939092194,10
93,41,7.02930600495676,10
93,42,6.77466895569062,10
93,43,7.22111552541322,10
93,44,7.55647440069266,10
93,45,6.62038332041563,10
93,46,6.46180327266257,10
93,47,6.86279322918203,10
93,48,6.9862676926718,10
93,49,7.14843249927692,10
93,50,6.73085258640293,10
93,51,6.55232952069533,10
93,52,7.08437432566657,10
93,53,6.99560033583392,10
93,54,7.47940700484484,10
93,55,6.79278463319162,10
93,56,7.4127759118215,10
93,57,7.32080606223701,10
93,58,7.21965605841842,10
93,59,7.53516048634297,10
93,60,6.62681479982418,10
93,61,6.66901524946818,10
93,62,6.52721320115732,10
93,63,6.73736009688099,10
93,64,6.80881357971692,10
93,65,7.48765165917276,10
93,66,6.67239151391221,10
93,67,6.92388739987831,10
93,68,7.24577119701424,10
93,69,5.97278414098248,10
93,70,6.99153879161596,10
93,71,7.30920736982055,10
93,72,7.9945139301889,10
93,73,7.28707000720723,10
93,74,7.11609200442147,10
93,75,7.53190440155368,10
93,76,6.37914045091688,10
93,77,7.41409893757496,10
93,78,7.34704541135367,10
93,79,6.97112654876619,10
93,80,7.6176593048884,10
93,81,7.36082267683563,10
93,82,6.63892007642099,10
93,83,6.06288537867981,10
93,84,7.50784135575545,10
93,85,7.12393846826668,10
93,86,6.83529939471119,10
93,87,6.6031821570937,10
93,88,6.76801767490692,10
93,89,7.30059804233005,10
93,90,7.76562932863249,10
93,91,6.35812290499948,10
93,92,6.88619230853496,10
93,93,6.89240585653532,10
93,94,6.91166592593279,10
93,95,7.60017726113741,10
93,96,7.64866822461648,10
93,97,7.18380771171367,10
93,98,6.45295275537457,10
93,99,6.83127038402729,10
93,100,7.13155662550503,10
94,1,10.9326443759435,2
94,2,9.61515238030174,2
94,3,9.9352049096587,2
94,4,10.3851606717594,2
94,5,8.84265486537302,2
94,6,10.5162904420601,2
94,7,9.87084152635477,2
94,8,10.8136747365178,2
94,9,10.1629298634832,2
94,10,9.36619989157489,2
94,11,9.66637878961959,2
94,12,10.4492562103064,2
94,13,10.1761060512382,2
94,14,10.2724920202487,2
94,15,10.103415799588,2
94,16,9.16842973730747,2
94,17,10.0310841389338,2
94,18,9.73195704187361,2
94,19,10.4314185217956,2
94,20,9.87337690153325,2
94,21,9.69947303216759,2
94,22,10.9046461517917,2
94,23,10.352406810413,2
94,24,10.1066035230142,2
94,25,9.82878599651173,2
94,26,11.0978020735647,2
94,27,10.6928888330363,2
94,28,10.6711600065442,2
94,29,10.3151349046823,2
94,30,10.3075802933108,2
94,31,10.4827226681985,2
94,32,9.85675011821636,2
94,33,11.1943038378831,2
94,34,9.89585989158919,2
94,35,9.70961535506519,2
94,36,9.68461597346029,2
94,37,10.0092834332509,2
94,38,10.0145022007649,2
94,39,10.1034542835942,2
94,40,10.5603463948104,2
94,41,9.14196186361155,2
94,42,9.26626630775745,2
94,43,10.2224482534614,2
94,44,10.3914461129978,2
94,45,10.4707416309137,2
94,46,9.6880312551302,2
94,47,9.79004295794902,2
94,48,9.01035906983234,2
94,49,9.57461014549454,2
94,50,9.26694468259024,2
94,51,9.39667168415584,2
94,52,10.0092989789018,2
94,53,9.79177318888893,2
94,54,10.0544230911893,2
94,55,9.52872191645119,2
94,56,9.76797157734116,2
94,57,10.4432639971053,2
94,58,9.81317757939798,2
94,59,9.40052921522446,2
94,60,10.0616135777543,2
94,61,9.97092630057759,2
94,62,10.221438433408,2
94,63,9.48110852539949,2
94,64,9.93808140604505,2
94,65,9.44324900206772,2
94,66,9.75434636320508,2
94,67,10.1607015421165,2
94,68,9.50296799661567,2
94,69,10.5219542185928,2
94,70,9.57686608482726,2
94,71,10.0333564099557,2
94,72,10.0012461839125,2
94,73,9.27680347055325,2
94,74,10.4259905071139,2
94,75,10.0485241167909,2
94,76,10.1794832299101,2
94,77,10.2118053934224,2
94,78,9.17005300699696,2
94,79,10.4174262656738,2
94,80,10.2798613340354,2
94,81,10.0137622096654,2
94,82,10.4669782693179,2
94,83,10.1247682363822,2
94,84,10.7228654625621,2
94,85,10.1719238613521,2
94,86,9.63177840329221,2
94,87,9.03660976366809,2
94,88,9.61095512133904,2
94,89,10.1915815412196,2
94,90,10.2069813325236,2
94,91,10.3174773791261,2
94,92,10.0734755708597,2
94,93,10.9420893282281,2
94,94,10.3298463895876,2
94,95,8.97975801777775,2
94,96,10.175113553758,2
94,97,10.196462424692,2
94,98,10.2364860499457,2
94,99,9.74860415771027,2
94,100,9.36493678900517,2
95,1,-0.532787196459076,1
95,2,0.521501769073452,1
95,3,0.0365635043506525,1
95,4,0.540906340381081,1
95,5,-0.385296929891821,1
95,6,0.989498759112316,1
95,7,0.545981072454173,1
95,8,-0.766126360517918,1
95,9,-0.87112412119716,1
95,10,0.239221214118856,1
95,11,-0.168584064204596,1
95,12,-0.49110734070223,1
95,13,-0.451420278566416,1
95,14,-0.456461411887071,1
95,15,-0.0323350907951954,1
95,16,-0.182511674624873,1
95,17,1.03587675321413,1
95,18,-0.197603883346029,1
95,19,-1.24434283817446,1
95,20,-0.592648992016707,1
95,21,0.151713174079428,1
95,22,0.111641371255963,1
95,23,-0.939702418668615,1
95,24,-0.322454089834441,1
95,25,-0.335080014316745,1
95,26,-0.301805484909625,1
95,27,0.287345358989281,1
95,28,-0.396377031018314,1
95,29,-0.580761370712454,1
95,30,-0.711859930166037,1
95,31,0.026735245211336,1
95,32,1.00599118620428,1
95,33,-0.0819615842588873,1
95,34,1.06078362003036,1
95,35,-0.60517653111261,1
95,36,0.415494621645405,1
95,37,0.0998335184411683,1
95,38,-1.45278952908192,1
95,39,-0.173802415426869,1
95,40,-0.85115077232204,1
95,41,0.51569919629315,1
95,42,0.680386997986718,1
95,43,-0.0462865162907975,1
95,44,-0.797441402545459,1
95,45,0.470633901417353,1
95,46,-0.179588463741918,1
95,47,-0.0266862222459191,1
95,48,0.536719976677699,1
95,49,0.328877615481395,1
95,50,0.581774358550569,1
95,51,0.271585169620083,1
95,52,-0.805477262881994,1
95,53,-0.415479436470963,1
95,54,0.428027588472254,1
95,55,-0.420594609897051,1
95,56,-0.0429593758308904,1
95,57,0.316267102834027,1
95,58,-0.133056809515323,1
95,59,-1.03688221068432,1
95,60,0.244729634672617,1
95,61,0.965326496444218,1
95,62,0.0952055997707852,1
95,63,0.227319053551173,1
95,64,-0.53091301444336,1
95,65,-0.165098107318183,1
95,66,0.0994322052833183,1
95,67,0.189203969283129,1
95,68,0.489740714843919,1
95,69,0.262850417376202,1
95,70,-0.276450892850022,1
95,71,0.277640558589293,1
95,72,-0.601150592611076,1
95,73,0.783231687457315,1
95,74,0.313732985209162,1
95,75,0.180464590581558,1
95,76,-0.617603226367783,1
95,77,-0.0610700925617489,1
95,78,0.354860792866779,1
95,79,-0.450096339873289,1
95,80,-0.615883103224387,1
95,81,-0.330439708711841,1
95,82,0.873911944918329,1
95,83,0.591975725447383,1
95,84,-0.416225497161921,1
95,85,-0.416541924287351,1
95,86,-0.398917767666054,1
95,87,0.968774814795232,1
95,88,0.337510282224231,1
95,89,0.165266330418472,1
95,90,-0.375879909814322,1
95,91,-0.797229119778057,1
95,92,-0.635140145803648,1
95,93,1.02626115982104,1
95,94,0.029587585324483,1
95,95,0.757628407700135,1
95,96,-0.622576864828997,1
95,97,0.168485835176781,1
95,98,0.0927662350746426,1
95,99,0.239255384753897,1
95,100,0.83658458685026,1
96,1,-0.767539684569783,1
96,2,0.216767731640475,1
96,3,-0.397787630597765,1
96,4,-0.675845377053704,1
96,5,0.249804396724069,1
96,6,0.168059640599838,1
96,7,0.136550553552363,1
96,8,0.110384260685001,1
96,9,0.547750053874552,1
96,10,-0.273261745403735,1
96,11,-0.662162334945827,1
96,12,-0.420635653480464,1
96,13,-0.118069103107876,1
96,14,-0.323155735820406,1
96,15,0.211899647556592,1
96,16,0.260741004229079,1
96,17,-0.283307140071779,1
96,18,0.945025133845338,1
96,19,0.191348284066775,1
96,20,0.319821869024916,1
96,21,0.200784258659452,1
96,22,0.302241309119165,1
96,23,0.0993873143760804,1
96,24,-0.0136866897849986,1
96,25,0.149897913585273,1
96,26,0.0492257078012516,1
96,27,-0.254930451773002,1
96,28,-0.215143345778816,1
96,29,0.217437189624192,1
96,30,0.713380557144705,1
96,31,0.376548928329327,1
96,32,0.584644833404653,1
96,33,0.594222489690725,1
96,34,0.383501309930569,1
96,35,0.349855381033515,1
96,36,0.344002396781663,1
96,37,0.134008704700726,1
96,38,-0.608693011126169,1
96,39,0.0449477417746359,1
96,40,0.0501648081716363,1
96,41,0.474612903185324,1
96,42,0.223652180984551,1
96,43,0.222971258786335,1
96,44,-0.00123358108339465,1
96,45,0.0551998461081514,1
96,46,0.358675897777118,1
96,47,-0.887758288127515,1
96,48,-0.50514443286816,1
96,49,0.0748679171142181,1
96,50,-0.138120921389777,1
96,51,-0.41192269034232,1
96,52,0.407363195923074,1
96,53,-0.335351278655936,1
96,54,0.768929269038556,1
96,55,0.180814608726347,1
96,56,0.369133561247833,1
96,57,0.328131089183172,1
96,58,0.142752692158599,1
96,59,0.339858866557122,1
96,60,0.171137275397198,1
96,61,0.00670754669067877,1
96,62,0.178341054879428,1
96,63,0.204339324123351,1
96,64,0.734828040773755,1
96,65,0.010550793465839,1
96,66,0.622476811369707,1
96,67,-0.21017848733042,1
96,68,0.00983586326365307,1
96,69,-1.53668279606014,1
96,70,-0.305052407377866,1
96,71,-0.507182161457083,1
96,72,-0.36400357471707,1
96,73,-0.149300166475406,1
96,74,0.207833533661211,1
96,75,0.280218971031013,1
96,76,0.402125272785533,1
96,77,-0.44960923353547,1
96,78,-0.182445522933296,1
96,79,-0.06627333356709,1
96,80,-1.40879023479046,1
96,81,0.170725922242519,1
96,82,0.71672568771945,1
96,83,-0.0260492816761872,1
96,84,-0.174587821291088,1
96,85,0.362621433796658,1
96,86,0.210806462344273,1
96,87,-0.149790548024736,1
96,88,0.664434844486717,1
96,89,-0.968980610697463,1
96,90,0.390700179840734,1
96,91,-0.338299059365134,1
96,92,-0.75676978096663,1
96,93,0.586898815920411,1
96,94,-0.718378002584823,1
96,95,-0.0537815043606903,1
96,96,-0.976544546942138,1
96,97,-0.434019395029679,1
96,98,-0.457745675484474,1
96,99,-0.117182533543679,1
96,100,0.149649137199946,1
97,1,19.0040309296346,5
97,2,18.9455847168145,5
97,3,19.3458216545364,5
97,4,18.9033317959017,5
97,5,19.9132293930152,5
97,6,19.5466114299511,5
97,7,18.9635491652195,5
97,8,19.3486636552418,5
97,9,18.6630569926938,5
97,10,19.7947968820793,5
97,11,18.7805688396056,5
97,12,19.1411530741957,5
97,13,19.1097323631833,5
97,14,19.0903988900265,5
97,15,18.8747692594601,5
97,16,19.3670075495316,5
97,17,18.686736902224,5
97,18,18.552663712858,5
97,19,19.4354869093266,5
97,20,19.2858710120383,5
97,21,19.5101750271369,5
97,22,19.4618158582077,5
97,23,18.2862619295106,5
97,24,18.4409650299911,5
97,25,18.3315325073586,5
97,26,19.1311152142932,5
97,27,20.3040105535604,5
97,28,19.2431659293205,5
97,29,19.9087254144816,5
97,30,18.8416786413977,5
97,31,18.1826157596262,5
97,32,18.8245557508345,5
97,33,19.2024409310964,5
97,34,19.483825130006,5
97,35,18.5926685368393,5
97,36,20.1959686253346,5
97,37,18.6656650505908,5
97,38,18.625387518874,5
97,39,19.4997117374618,5
97,40,19.5113325836325,5
97,41,19.4223777072994,5
97,42,18.4803941042024,5
97,43,18.6925172659948,5
97,44,20.079071449506,5
97,45,19.3014200535477,5
97,46,18.4687566675465,5
97,47,18.9203645354433,5
97,48,19.9103997182569,5
97,49,18.5010424165446,5
97,50,19.2138203887243,5
97,51,18.7092436925449,5
97,52,19.29922483872,5
97,53,19.3004151196787,5
97,54,19.6032223482679,5
97,55,18.4867775378036,5
97,56,19.303828555301,5
97,57,19.0958974989528,5
97,58,19.0401819521382,5
97,59,19.0621531952327,5
97,60,18.9801242692688,5
97,61,18.8141349940251,5
97,62,19.5750126099737,5
97,63,18.2662466702153,5
97,64,19.4050629361602,5
97,65,18.9128138384597,5
97,66,19.2668941246686,5
97,67,19.1740362869721,5
97,68,19.5239890381419,5
97,69,18.7863465698493,5
97,70,18.8931462048547,5
97,71,18.9206485452289,5
97,72,19.2462105796409,5
97,73,18.8784817262639,5
97,74,18.9946899186501,5
97,75,18.9725382069453,5
97,76,18.6218167530237,5
97,77,18.8830406027536,5
97,78,19.5750597770046,5
97,79,19.4984927404147,5
97,80,18.7408188450974,5
97,81,18.2668019303822,5
97,82,19.4514184208934,5
97,83,18.751304545707,5
97,84,18.6126870134369,5
97,85,17.7135975289192,5
97,86,18.5990480772166,5
97,87,19.6764300861487,5
97,88,18.8873321743786,5
97,89,19.2539362562148,5
97,90,20.2053243377954,5
97,91,19.8464451683601,5
97,92,18.8313727943265,5
97,93,18.5662297072968,5
97,94,18.7363020416063,5
97,95,19.4419604572935,5
97,96,19.21375780948,5
97,97,18.7891864306894,5
97,98,19.2244034564024,5
97,99,19.4185853048881,5
97,100,19.2821673604127,5
98,1,7.24228478230536,10
98,2,7.43960708619828,10
98,3,6.8016007141533,10
98,4,6.57620052299353,10
98,5,6.63604561946525,10
98,6,7.41777987548924,10
98,7,8.99204029576865,9
98,8,9.27877951764383,9
98,9,10.741054300496,8
98,10,10.9058251023846,8
98,11,9.17332689861198,9
98,12,9.09311833115859,9
98,13,9.22448293779399,9
98,14,8.60960044400547,9
98,15,8.96081247529276,9
98,16,8.68736267207709,9
98,17,9.35774834498442,9
98,18,10.3071381275117,8
98,19,11.0890521364095,8
98,20,11.5645880300209,8
98,21,8.96380452137352,9
98,22,11.1593298008379,8
98,23,10.8337155296834,8
98,24,10.6181109105975,8
98,25,11.0159731731492,8
98,26,11.0532050278155,8
98,27,11.2027898908412,8
98,28,17.8580949589955,11
98,29,17.6091501188467,11
98,30,17.3482638557055,11
98,31,16.0416256981428,11
98,32,11.0768427433377,8
98,33,11.8544351633573,8
98,34,9.62244224405288,9
98,35,9.04113464738313,9
98,36,8.19806151850578,9
98,37,10.0277882564611,9
98,38,9.13618363846346,9
98,39,10.0696952061774,9
98,40,8.82421487182148,9
98,41,9.53072557368098,9
98,42,11.5191801081604,8
98,43,10.8515126149611,8
98,44,9.09709616541299,9
98,45,9.38825052212965,9
98,46,8.58390210868603,9
98,47,8.44549140456735,9
98,48,9.67263269467587,9
98,49,8.38059214345302,9
98,50,11.3664582650998,8
98,51,8.63937638738244,9
98,52,8.81119796229571,9
98,53,9.62914699598589,9
98,54,8.80457068749174,9
98,55,9.10379546737078,9
98,56,8.85630818080636,9
98,57,8.66897114319965,9
98,58,8.46722657721405,9
98,59,9.00953008911106,9
98,60,10.7915239089185,8
98,61,11.0891867209774,8
98,62,11.2006238359742,8
98,63,10.8836650838158,8
98,64,10.9209158718755,8
98,65,9.07545082208753,9
98,66,9.27742016769012,9
98,67,9.4933281577992,9
98,68,8.90441252701124,9
98,69,9.4779318393628,9
98,70,7.97703462630216,9
98,71,11.047047997487,8
98,72,11.2254756982698,8
98,73,9.48226880987373,9
98,74,8.86278296914992,9
98,75,9.39339977229315,9
98,76,10.8670273471525,8
98,77,8.60608113393752,9
98,78,7.97563826823231,9
98,79,8.9589403607384,9
98,80,8.74514922405903,9
98,81,10.7392707146464,8
98,82,11.3638596539923,8
98,83,11.3877114189607,8
98,84,11.0537576104083,8
98,85,8.82999308921646,9
98,86,8.95846080473343,9
98,87,8.94056252324401,9
98,88,10.8209658606697,8
98,89,10.2795020789488,8
98,90,10.2452467046299,8
98,91,10.8515159261166,8
98,92,10.3716631046902,8
98,93,8.74448527822206,9
98,94,11.4291515081182,8
98,95,10.8510490048597,8
98,96,11.9328140710633,8
98,97,10.8487750736414,8
98,98,8.350419483042,9
98,99,8.32798961054269,9
98,100,8.76638219695707,9
99,1,10.5062137591667,8
99,2,11.6125343925379,8
99,3,10.9302270476732,8
99,4,11.4698809762951,8
99,5,11.1254116438861,8
99,6,10.9601055734849,8
99,7,17.1616843325267,11
99,8,17.1966035328798,11
99,9,17.4467188803663,11
99,10,16.5363446156147,11
99,11,16.9757324003455,11
99,12,16.8646159606885,11
99,13,17.3939570054214,11
99,14,17.2883792966545,11
99,15,16.8956291326069,11
99,16,10.9405391202554,8
99,17,11.1433857062238,8
99,18,11.2073512698196,8
99,19,10.6012881453347,8
99,20,11.3374111898135,8
99,21,12.2292920784471,8
99,22,11.1899718086349,8
99,23,10.9078995864229,8
99,24,11.1370158812063,8
99,25,9.14280254392037,9
99,26,11.5476728396371,8
99,27,10.9746192262107,8
99,28,9.1985135770917,9
99,29,11.3801535112321,8
99,30,11.4262110933323,8
99,31,9.88987038527167,8
99,32,11.0238566060797,8
99,33,10.6934648556059,8
99,34,9.2862037939857,9
99,35,9.2750285876895,9
99,36,9.37513776841767,9
99,37,11.7144135181099,8
99,38,11.6126586984821,8
99,39,11.6479660137989,8
99,40,11.8505290675392,8
99,41,10.8428922578057,8
99,42,10.7132306308567,8
99,43,10.5437079892162,8
99,44,10.6700219390461,8
99,45,17.4422007647867,11
99,46,18.9211736622958,12
99,47,19.6946299163931,12
99,48,18.3201773206827,12
99,49,19.3380382529576,12
99,50,19.6186851058002,12
99,51,18.5562412439394,12
99,52,19.1647103128588,12
99,53,19.5755072891322,12
99,54,16.9057038484413,11
99,55,17.7811033160913,11
99,56,16.7162899813333,11
99,57,16.4329715454901,11
99,58,18.2358127963286,11
99,59,16.4232496844443,11
99,60,17.0132851083594,11
99,61,17.0278087129869,11
99,62,17.3287303690665,11
99,63,16.7018364254003,11
99,64,17.4389594760557,11
99,65,16.9387456502355,11
99,66,16.487206483663,11
99,67,17.3796548956382,11
99,68,18.167091476149,11
99,69,16.3675420893497,11
99,70,16.8369029793178,11
99,71,16.6061170261016,11
99,72,16.6143107167871,11
99,73,10.6747800050132,8
99,74,11.6260352323491,8
99,75,11.4648798158956,8
99,76,10.9900181463415,8
99,77,8.55601889177698,9
99,78,9.50405039326719,9
99,79,10.7793914478728,8
99,80,11.1148594139358,8
99,81,10.7318101954215,8
99,82,11.4447969159397,8
99,83,10.657496694949,8
99,84,11.3162988349717,8
99,85,9.34146824671769,9
99,86,8.74340037372466,9
99,87,8.88427691931525,9
99,88,6.01267661940697,10
99,89,7.55856007707723,10
99,90,6.3095446397913,10
99,91,6.84532174119272,10
99,92,7.15889045972206,10
99,93,6.55431705681538,10
99,94,6.45703500520408,10
99,95,6.78299656679841,10
99,96,7.26785052818986,10
99,97,6.17514468387675,10
99,98,6.37785836334091,10
99,99,7.25225293809866,10
99,100,6.68598419405289,10
100,1,12.5976674183753,6
100,2,13.4927057407959,6
100,3,14.3521031772738,3
100,4,15.8578951861926,4
100,5,17.4402556634815,4
100,6,16.4274345778698,4
100,7,17.4351238089427,4
100,8,17.4548702705002,4
100,9,15.9923496387088,4
100,10,17.6755062054745,4
100,11,16.7575181241689,4
100,12,16.3564270621222,4
100,13,17.6289261608774,4
100,14,16.6173999447648,4
100,15,17.5764462357703,4
100,16,16.8483430851773,4
100,17,17.6283988297914,4
100,18,16.7645964223134,4
100,19,17.2450087066765,4
100,20,16.6010305313031,4
100,21,17.7945237791252,4
100,22,17.3788232204246,4
100,23,18.3342332292528,4
100,24,16.8743319029307,4
100,25,16.9772396371936,4
100,26,16.4910993613044,4
100,27,17.1285462979308,4
100,28,17.260024955431,4
100,29,17.2341336375444,4
100,30,17.0565058364318,4
100,31,17.2379904289768,4
100,32,16.0875906755833,4
100,33,16.8031728047503,4
100,34,16.640676148641,4
100,35,17.3140255429234,4
100,36,16.5177121430215,4
100,37,15.8792798891686,4
100,38,17.8867072327192,4
100,39,17.4101184728747,4
100,40,16.6553079005926,4
100,41,17.2343242648165,4
100,42,17.4425252890719,4
100,43,16.9469497607365,4
100,44,16.7126525215403,4
100,45,17.2752251577681,4
100,46,17.5707215593891,4
100,47,17.3574915839772,4
100,48,17.0356824945452,4
100,49,16.1350751611966,4
100,50,16.2348414782076,4
100,51,17.4981770279519,4
100,52,16.0561232097154,4
100,53,18.2455185733143,5
100,54,18.9329698333273,5
100,55,18.9239834687486,5
100,56,18.880196912328,5
100,57,19.1207669460901,5
100,58,19.8154233878449,5
100,59,18.9964397261949,5
100,60,18.9511350431367,5
100,61,19.314397913992,5
100,62,18.4387253389849,5
100,63,19.4866301421902,5
100,64,19.3145191669218,5
100,65,19.203171213109,5
100,66,19.5402260786485,5
100,67,19.677989157073,5
100,68,19.0439420266148,5
100,69,19.3001382702034,5
100,70,18.8862644819627,5
100,71,18.1055128839984,5
100,72,18.8200827310366,5
100,73,19.3249145850783,5
100,74,18.2151866648661,5
100,75,18.3130765928518,5
100,76,19.4149792872206,5
100,77,18.6082743932477,5
100,78,18.8572591987039,5
100,79,18.03437014015,5
100,80,18.7833684254359,5
100,81,19.3119750764685,5
100,82,19.7864742275383,5
100,83,18.3089701655571,5
100,84,17.8137289303655,5
100,85,17.9006082949844,5
100,86,19.4448464870344,5
100,87,19.1073563016275,5
100,88,18.8339668299903,5
100,89,19.4298177314622,5
100,90,19.9310022131145,5
100,91,19.6091000408191,5
100,92,19.3689716777508,5
100,93,18.6601198170558,5
100,94,19.5713406074049,5
100,95,18.649906634477,5
100,96,18.789173211533,5
100,97,18.8872797177301,5
100,98,18.0175662116796,5
100,99,19.9673125451149,5
100,100,19.3388785521695,5
