"SAMPLE_CODE","TRACK_TIME_SEC","SR_87_86","Region_ID"
1,1,6.64227420587799,10
1,2,7.22194383990857,10
1,3,6.19549301434776,10
1,4,7.01036114954022,10
1,5,6.81443854977094,10
1,6,7.69651479057281,10
1,7,8.21872532471951,10
1,8,6.92157069418094,10
1,9,7.58235806189879,10
1,10,7.0945890047233,10
1,11,8.18398833085713,10
1,12,6.10879083823261,10
1,13,6.89246531447915,10
1,14,7.49567596997262,10
1,15,6.95718210217925,10
1,16,6.84493503503135,10
1,17,7.64119666318625,10
1,18,7.39601465832254,10
1,19,7.15259651339306,10
1,20,7.0255670451349,10
1,21,7.53979502841357,10
1,22,6.26528169206634,10
1,23,6.97720434861439,10
1,24,6.28509719689449,10
1,25,6.3288073260583,10
1,26,6.66516835350398,10
1,27,7.35872332746372,10
1,28,7.20509083416837,10
1,29,7.27663919949937,10
1,30,7.14006284315374,10
1,31,7.38698775947496,10
1,32,6.25432586360984,10
1,33,6.83267160043047,10
1,34,11.5215901616551,8
1,35,10.1553197055803,8
1,36,9.55470798384888,9
1,37,8.82566792230814,9
1,38,9.66421948132427,9
1,39,9.21739217817326,9
1,40,9.19338874304028,9
1,41,9.72827886496499,9
1,42,16.5554709001155,11
1,43,16.7815476427706,11
1,44,16.4426939996543,11
1,45,16.7003376958671,11
1,46,17.6442418666394,11
1,47,18.1847739577961,11
1,48,16.2274867363793,11
1,49,17.0530654976866,11
1,50,17.3551391864056,11
1,51,17.1087305789711,11
1,52,17.2747605713101,11
1,53,17.4950639771066,11
1,54,16.4776071133802,11
1,55,17.6265480222753,11
1,56,10.4545019350393,8
1,57,10.4580932405991,8
1,58,11.1378094813551,8
1,59,11.3378037615363,8
1,60,11.1980949415268,8
1,61,10.4017925244587,8
1,62,9.434469999534,9
1,63,9.09249339650528,9
1,64,11.3243280311664,8
1,65,11.3007135296145,8
1,66,10.9481112478723,8
1,67,10.4031820093695,8
1,68,10.9391003953126,8
1,69,11.1490038226288,8
1,70,11.5945842459516,8
1,71,10.7923452451332,8
1,72,11.4213611721009,8
1,73,11.3948842526944,8
1,74,10.6069533307671,8
1,75,10.5660015863755,8
1,76,9.16021619115328,9
1,77,12.2008144357777,8
1,78,8.9154755028728,9
1,79,9.01289768077941,9
1,80,9.99133985844498,9
1,81,11.8517055255263,8
1,82,11.67024673962,8
1,83,10.7963841234622,8
1,84,11.865899013954,8
1,85,10.8700719846141,8
1,86,10.5335694182428,8
1,87,11.1411934740514,8
1,88,11.2937357952761,8
1,89,10.6619131857031,8
1,90,12.0182514818923,8
1,91,10.9556205984374,8
1,92,11.4952144497507,8
1,93,10.9813703141933,8
1,94,8.9337084310726,9
1,95,9.01809986622801,9
1,96,8.37765576082243,9
1,97,8.98673109257483,9
1,98,8.89662081370164,9
1,99,8.67050002236294,9
1,100,9.02085787002101,9
2,1,15.1374882679288,3
2,2,13.7423149529043,3
2,3,15.237144115946,3
2,4,12.1789763764621,6
2,5,13.2895985700005,6
2,6,12.9597103122219,6
2,7,12.6307020261194,6
2,8,12.4592921001419,6
2,9,12.5518506409669,6
2,10,12.6851791638475,6
2,11,13.4873126089196,6
2,12,12.9794862505498,6
2,13,15.4114452051782,3
2,14,15.0884320971248,3
2,15,15.3755865423628,3
2,16,14.3727623004085,3
2,17,14.7035113567214,3
2,18,14.7481847962794,3
2,19,15.0121500895467,3
2,20,15.2386206421213,3
2,21,14.9383802342933,3
2,22,13.1030789006515,6
2,23,12.9061877162948,6
2,24,15.2225540168272,3
2,25,14.9652271890764,3
2,26,11.4486206976074,6
2,27,13.2353916449884,6
2,28,13.4673341039467,6
2,29,13.2265861786099,6
2,30,14.310591250013,3
2,31,12.6771028879171,6
2,32,12.771793092743,6
2,33,12.7386608334993,6
2,34,12.9145675790372,6
2,35,15.3825029261601,3
2,36,14.6603085480789,3
2,37,15.0675304429026,3
2,38,15.8046123218199,3
2,39,15.5360256614304,3
2,40,14.2763645216799,3
2,41,15.0130325276667,3
2,42,14.4123924457211,3
2,43,12.1599798811322,6
2,44,15.2220980641429,3
2,45,15.24279785969,3
2,46,13.2106552462017,6
2,47,13.3725828151869,6
2,48,13.23036420019,6
2,49,13.8737266728542,6
2,50,13.2349086369348,6
2,51,13.8645177585466,6
2,52,14.6445839585262,3
2,53,14.8060187232401,3
2,54,14.5584893699307,3
2,55,14.4646038895552,3
2,56,15.4439519712785,3
2,57,14.0592203518673,3
2,58,15.7865430217013,3
2,59,14.8918734870345,3
2,60,15.6815113739163,3
2,61,17.0791493938272,4
2,62,16.406011393547,4
2,63,14.5314138430017,3
2,64,14.7092953434682,3
2,65,12.3429777141262,6
2,66,13.5359527440813,6
2,67,15.1319876162921,3
2,68,13.1591276914502,6
2,69,12.4196506380233,6
2,70,14.8666678434771,3
2,71,15.4326080514392,3
2,72,14.9508742135465,3
2,73,16.235390065581,4
2,74,16.9991739551454,4
2,75,17.292292832057,4
2,76,17.4369338888848,4
2,77,16.8860030207066,4
2,78,16.4685771318924,4
2,79,16.6427571824213,4
2,80,17.7822701055575,4
2,81,17.7087562720784,4
2,82,16.5016310549342,4
2,83,16.7509846010358,4
2,84,17.3554192696511,4
2,85,16.7736929298,4
2,86,16.2879625134946,4
2,87,17.016355289134,4
2,88,17.5116029534366,4
2,89,16.5648783172881,4
2,90,16.7397132661417,4
2,91,16.8973352910872,4
2,92,17.6529922279415,4
2,93,16.8475576355632,4
2,94,17.4990613307544,4
2,95,17.0028419568412,4
2,96,16.7085400935233,4
2,97,17.6055160564395,4
2,98,17.0304980846541,4
2,99,17.0229774905782,4
2,100,17.6676755459574,4
3,1,17.1385096059986,4
3,2,16.2109308681451,4
3,3,16.7150768711305,4
3,4,16.960381083436,4
3,5,16.4853606669093,4
3,6,17.1718789710435,4
3,7,16.8760902362818,4
3,8,17.5453714903851,4
3,9,16.771649785955,4
3,10,16.5521624326294,4
3,11,16.741819869847,4
3,12,17.1262314314227,4
3,13,17.3369856917865,4
3,14,17.1449874720219,4
3,15,16.2994567665249,4
3,16,16.2579038615759,4
3,17,17.2397973669717,4
3,18,18.2845806091138,4
3,19,17.2576006599654,4
3,20,17.4741308123372,4
3,21,16.8421022355024,4
3,22,17.4196823295285,4
3,23,16.8894702458748,4
3,24,16.575494016133,4
3,25,16.7204517782191,4
3,26,18.3276356943139,4
3,27,16.7928314666994,4
3,28,17.7584571324367,4
3,29,17.2086725128937,4
3,30,18.1200240052773,4
3,31,16.601041578919,4
3,32,17.7905500702347,4
3,33,17.1656412591998,4
3,34,16.577813156036,4
3,35,17.5988860069542,4
3,36,16.5578712208429,4
3,37,16.6653468615982,4
3,38,17.8742827437923,4
3,39,17.7534958113454,4
3,40,16.4438268734291,4
3,41,17.4732885222513,4
3,42,17.0885864215735,4
3,43,16.718848973169,4
3,44,15.8824200819718,4
3,45,16.9282076577549,4
3,46,16.4722053273267,4
3,47,16.8035305645286,4
3,48,16.8889739215952,4
3,49,16.6240196717027,4
3,50,16.8180390904678,4
3,51,16.8976052950212,4
3,52,16.6933348220327,4
3,53,17.0396209810597,4
3,54,17.4173087908373,4
3,55,16.8326405904034,4
3,56,16.2227822834638,4
3,57,16.0476120985585,4
3,58,17.6475512401558,4
3,59,16.5391156654613,4
3,60,14.219936660602,3
3,61,14.8283166270309,3
3,62,15.697629059167,3
3,63,14.6993929427943,3
3,64,15.3735206553242,3
3,65,14.3431276299634,3
3,66,14.8573009696667,3
3,67,14.7306202400741,3
3,68,15.0096655750371,3
3,69,15.4658083864863,3
3,70,14.689476438345,3
3,71,14.6033335075016,3
3,72,15.0475824132112,3
3,73,14.9720493004896,3
3,74,15.2345362550358,3
3,75,14.3584221264169,3
3,76,15.0560494320324,3
3,77,14.6347855973355,3
3,78,14.6705587106237,3
3,79,14.8299024893517,3
3,80,14.5803377500385,3
3,81,13.7377050221014,6
3,82,12.404773211591,6
3,83,13.4189000355176,6
3,84,15.7100144536234,3
3,85,15.0362036594075,3
3,86,13.2422111770188,6
3,87,12.0825572557706,6
3,88,13.2386274469701,6
3,89,13.1743939930876,6
3,90,12.6594491099852,6
3,91,12.6499896715721,6
3,92,13.2630962303608,6
3,93,13.4688224019446,6
3,94,12.6012932607166,6
3,95,14.3553291092294,3
3,96,15.1545196188006,3
3,97,15.2697448920639,3
3,98,16.2198900690844,3
3,99,13.5390857048938,3
3,100,15.1807053291416,3
4,1,-0.24897717682138,1
4,2,-0.572004325196839,1
4,3,0.127169586531792,1
4,4,-0.16992817990199,1
4,5,0.153401585208675,1
4,6,-0.263961101304325,1
4,7,-0.0741518419377418,1
4,8,-0.921296037805275,1
4,9,0.244330240215219,1
4,10,-0.0116415665426719,1
4,11,-0.348048970449915,1
4,12,0.641708913424082,1
4,13,0.292206673783073,1
4,14,-0.484237516153545,1
4,15,0.0717149775687502,1
4,16,0.518269292125829,1
4,17,-0.389664142849317,1
4,18,-0.0508327325043199,1
4,19,-0.392581272127401,1
4,20,-0.330008547104528,1
4,21,0.364179302431994,1
4,22,0.467400524917431,1
4,23,-0.0212713370834702,1
4,24,-0.315746767438978,1
4,25,0.617833315744012,1
4,26,0.241968267227212,1
4,27,0.414912148903883,1
4,28,0.129992806787938,1
4,29,-0.0186904812630461,1
4,30,-0.375140806169668,1
4,31,0.219628138764911,1
4,32,-0.911663450063756,1
4,33,-0.483493173556749,1
4,34,-1.12912069688992,1
4,35,-0.158308574812211,1
4,36,0.503031070362481,1
4,37,0.32197348281148,1
4,38,0.648400851903789,1
4,39,-0.621589409571877,1
4,40,0.159217581174621,1
4,41,0.645630576526008,1
4,42,-0.553801486408203,1
4,43,0.360558446854509,1
4,44,-0.282536328070169,1
4,45,-0.098982643821857,1
4,46,0.0892887181590045,1
4,47,0.920840611482942,1
4,48,1.48873350312358,1
4,49,0.269275419984231,1
4,50,0.699609244530527,1
4,51,-0.156480746069779,1
4,52,-0.874800260296366,1
4,53,-0.41227327264315,1
4,54,0.576154253489775,1
4,55,0.497029713063569,1
4,56,-0.711521758107371,1
4,57,-0.608822973347817,1
4,58,0.222974531262203,1
4,59,-0.391254144802628,1
4,60,0.475302633673971,1
4,61,0.613001982499088,1
4,62,0.171100204894406,1
4,63,0.85419184871433,1
4,64,0.404241090243519,1
4,65,0.107164053755679,1
4,66,-0.536199808863607,1
4,67,-0.540452958605487,1
4,68,-0.218022454486821,1
4,69,-1.16992501105817,1
4,70,0.32859603849103,1
4,71,0.498324087353645,1
4,72,-0.145693526401581,1
4,73,0.439548182842432,1
4,74,0.660504093144095,1
4,75,0.0925244471724946,1
4,76,0.420400639761153,1
4,77,0.422612922709002,1
4,78,-0.0929037561082095,1
4,79,-0.135255590443575,1
4,80,-0.689495238608544,1
4,81,-0.205497559269716,1
4,82,0.145884728702512,1
4,83,-0.288302125156388,1
4,84,-0.00355748408039994,1
4,85,-0.339039830695814,1
4,86,0.082104738012242,1
4,87,0.111339547299811,1
4,88,0.120588341151265,1
4,89,-0.91644050163667,1
4,90,-0.438574061928346,1
4,91,-0.327353057383844,1
4,92,0.246470197169545,1
4,93,-0.153153638978051,1
4,94,0.406968549525464,1
4,95,0.526324141186435,1
4,96,0.22761243285615,1
4,97,0.36857122615233,1
4,98,-0.357085453842383,1
4,99,-0.376489035316769,1
4,100,-0.0604669029489674,1
5,1,10.2036566236791,2
5,2,10.7935940447848,2
5,3,9.33446628208146,2
5,4,9.67410530929584,2
5,5,9.4797885787772,2
5,6,10.0489197373667,2
5,7,9.90663705604772,2
5,8,9.95584025944444,2
5,9,10.1764756713674,2
5,10,10.1790422285621,2
5,11,9.85590547757455,2
5,12,10.5330423736405,2
5,13,10.148316757022,2
5,14,10.9240544274735,2
5,15,10.3739034440482,2
5,16,11.1001867457739,2
5,17,9.62051182848253,2
5,18,10.562310118726,2
5,19,10.0697262730756,2
5,20,9.81302350252592,2
5,21,10.0881121680658,2
5,22,9.49297875104888,2
5,23,10.2148719824334,2
5,24,9.80814559910664,2
5,25,10.8698305420697,2
5,26,9.60244148784167,2
5,27,9.56148923462018,2
5,28,10.8095399091164,2
5,29,9.48794571355454,2
5,30,8.90715409435539,2
5,31,9.90141786801997,2
5,32,10.0037380265025,2
5,33,10.0067213106182,2
5,34,9.89438391969077,2
5,35,8.5925464789668,2
5,36,9.07669671946155,2
5,37,10.9716484098755,2
5,38,9.61479749938475,2
5,39,9.18888732387501,2
5,40,10.1932614498029,2
5,41,9.15481542831163,9
5,42,8.65776369061357,9
5,43,11.4745735131066,8
5,44,10.5400264516942,8
5,45,10.6938086205949,8
5,46,10.7635615338069,8
5,47,8.45690566135511,9
5,48,9.32303450061238,9
5,49,8.68359409219189,9
5,50,10.7597969823015,8
5,51,8.7133859483043,9
5,52,17.277392307615,11
5,53,17.3547802400342,11
5,54,16.9691378151611,11
5,55,16.3140774296427,11
5,56,17.5919571229281,11
5,57,16.6176858640823,11
5,58,17.1181052435822,11
5,59,16.8645676368096,11
5,60,16.6445188791161,11
5,61,16.7141391217822,11
5,62,16.9490148376845,11
5,63,17.0222917721752,11
5,64,16.7202684576614,11
5,65,16.5275584921028,11
5,66,16.6965660484869,11
5,67,17.3548676283251,11
5,68,16.6350443638762,11
5,69,16.632081694052,11
5,70,16.693426218381,11
5,71,17.1259922138751,11
5,72,16.4525621843926,11
5,73,17.4380001270556,11
5,74,17.5770895348879,11
5,75,17.3686510611565,11
5,76,16.8511299496285,11
5,77,17.427238527972,11
5,78,16.5164882442222,11
5,79,17.0412315367444,11
5,80,16.5063671531422,11
5,81,11.7937864878696,8
5,82,10.3198364908467,8
5,83,10.4155995325698,8
5,84,11.7568520544718,8
5,85,11.3347965282141,8
5,86,10.8962558527501,8
5,87,9.25753232113209,9
5,88,9.96537766189798,2
5,89,9.82993475554578,2
5,90,9.85401275791768,2
5,91,9.45218226321145,2
5,92,9.15121772265536,2
5,93,9.82942511649314,2
5,94,10.1338643259732,2
5,95,9.49213533941709,2
5,96,10.141522647478,2
5,97,8.96340598018598,2
5,98,9.40265527678549,2
5,99,10.8057458153721,2
5,100,10.1574537552109,2
6,1,12.4261002162096,6
6,2,13.6180307412107,6
6,3,12.9331924606076,6
6,4,12.5631921518202,6
6,5,12.735765008614,6
6,6,13.4401106805939,6
6,7,12.2281346675945,6
6,8,12.8140481565389,6
6,9,12.931599265668,6
6,10,13.1215955444088,6
6,11,13.4626929265454,6
6,12,12.8777749160418,6
6,13,15.1754341973131,3
6,14,14.930647012632,3
6,15,15.2575135404631,3
6,16,14.8443484504335,3
6,17,14.9561285319351,3
6,18,16.5624139587901,4
6,19,16.5420125185746,4
6,20,15.6939483750914,3
6,21,12.8921735778148,6
6,22,12.3134296186769,6
6,23,12.6739281093566,6
6,24,12.6409577038091,6
6,25,12.7411410421034,6
6,26,13.6282591646207,6
6,27,12.1051986524939,6
6,28,14.2258940829137,3
6,29,14.2717818879765,3
6,30,15.6319586893509,3
6,31,14.7867550859337,3
6,32,15.2599914932066,3
6,33,15.3290279425646,3
6,34,15.1488424006154,3
6,35,14.9438409615751,3
6,36,14.0462667781093,3
6,37,15.2887153673268,3
6,38,14.8141392724742,3
6,39,13.9434181679762,3
6,40,15.2122682279779,3
6,41,15.1101983419669,3
6,42,15.0882200220288,3
6,43,14.9797615879871,3
6,44,14.7315435152176,3
6,45,13.0015900458301,6
6,46,13.2879752159259,6
6,47,12.7609325522309,6
6,48,13.4957847427687,6
6,49,13.8065350517644,6
6,50,11.9406720980024,6
6,51,13.7788018827258,6
6,52,12.7332808332451,6
6,53,13.2451281703494,6
6,54,12.4523129955527,6
6,55,12.1651210056366,6
6,56,13.2513285411991,6
6,57,13.1247940577312,6
6,58,12.6419359666447,6
6,59,13.7628941225191,6
6,60,13.092080253159,6
6,61,12.9557052271395,6
6,62,13.5260471333229,6
6,63,13.4898711165172,6
6,64,13.5173993291856,6
6,65,12.8467564201592,6
6,66,13.659875103111,6
6,67,12.770593059851,6
6,68,13.2507130665793,6
6,69,13.5991574546997,6
6,70,13.2322428969351,6
6,71,12.9868248717456,6
6,72,12.6752406084093,6
6,73,13.1282041455088,6
6,74,15.1753000134545,3
6,75,14.2372645582372,3
6,76,14.6880252560648,3
6,77,14.4241242485524,3
6,78,15.2421996364425,3
6,79,14.6086150720755,3
6,80,14.8041576331854,3
6,81,14.8135818518961,3
6,82,14.6432004569573,3
6,83,14.9288297240703,3
6,84,15.6757672421474,3
6,85,14.9066843737127,3
6,86,15.5705421247672,3
6,87,15.287436850537,3
6,88,15.4853932988815,3
6,89,15.2470303536712,3
6,90,12.974262348897,6
6,91,13.2015104059277,6
6,92,12.8571445706626,6
6,93,13.8548326722593,6
6,94,13.2686499568791,6
6,95,12.7075733028887,6
6,96,12.6325357947771,6
6,97,13.3136000610874,6
6,98,13.1769140262684,6
6,99,12.8866679471413,6
6,100,14.1133264557433,6
7,1,9.45951417617345,9
7,2,9.0988317065036,9
7,3,8.80826619091965,9
7,4,9.53362704558891,8
7,5,8.50626767066825,9
7,6,9.1491361754326,9
7,7,9.57277930769954,9
7,8,8.77553919827107,9
7,9,9.39068835435355,9
7,10,8.8387174558373,9
7,11,8.73814231843783,9
7,12,11.1099140114561,8
7,13,11.6976945508741,8
7,14,10.8339554298099,8
7,15,10.5921470187129,8
7,16,10.506738638971,8
7,17,11.3307739319017,8
7,18,10.557765329702,8
7,19,6.91780374818907,10
7,20,7.44128308688684,10
7,21,5.81233646953683,10
7,22,7.5765488291679,10
7,23,7.18286500908802,10
7,24,7.37393885087103,10
7,25,8.02258494048587,10
7,26,6.7170135224181,10
7,27,6.39698103480598,10
7,28,9.93571130842864,9
7,29,8.49658157599523,9
7,30,9.02488128400295,9
7,31,8.89278673828521,9
7,32,9.364639583366,9
7,33,8.54564204986288,9
7,34,17.8602279749688,11
7,35,16.6722837803314,11
7,36,16.278974144817,11
7,37,17.5357125190998,11
7,38,16.6827170912454,11
7,39,17.2002135428847,11
7,40,17.0265811198664,11
7,41,16.6177544845591,11
7,42,16.5643672988109,11
7,43,17.8534382830407,11
7,44,17.4629824369121,11
7,45,16.4653022081781,11
7,46,16.6234538231872,11
7,47,16.9659648292006,11
7,48,17.2539760876628,11
7,49,16.7076470542863,11
7,50,17.4389638982358,11
7,51,16.9952440711537,11
7,52,17.0154980005961,11
7,53,17.3257600760859,11
7,54,17.2463579764063,11
7,55,16.965322785157,11
7,56,11.3131633939871,8
7,57,11.2164040342683,8
7,58,9.14624170133478,9
7,59,8.92283155576076,9
7,60,9.88228178799599,9
7,61,8.20202136004243,9
7,62,10.4997873578715,8
7,63,10.7944200860587,8
7,64,17.0922465048081,11
7,65,16.5498047595704,11
7,66,16.7205385980952,11
7,67,16.8780994850717,11
7,68,17.3286345449299,11
7,69,17.841654695438,11
7,70,16.707020413192,11
7,71,17.8711748396736,11
7,72,17.8574338496261,11
7,73,17.1372689751341,11
7,74,18.2390473476072,11
7,75,16.7717901138272,11
7,76,16.37697773296,11
7,77,16.2564285966749,11
7,78,17.3643556604154,11
7,79,16.4801824191479,11
7,80,8.08186642219993,9
7,81,8.5854693346297,9
7,82,8.91674890332035,9
7,83,7.89026193170836,9
7,84,9.23179931382906,9
7,85,8.90436143758337,9
7,86,7.03729153868059,10
7,87,6.35537659452964,10
7,88,6.20634521929111,10
7,89,7.28728430177049,10
7,90,7.92703422314271,10
7,91,8.44566104268206,10
7,92,7.38303500907807,10
7,93,7.37143428873569,10
7,94,7.0633356524854,10
7,95,7.44729036837579,10
7,96,6.86225934201377,10
7,97,7.06682641572947,10
7,98,16.9381877427257,11
7,99,17.045620003198,11
7,100,16.9889848874412,11
8,1,14.0809919207456,7
8,2,13.5168924910996,7
8,3,13.6857882203294,7
8,4,13.5963036794465,7
8,5,13.8934314352339,7
8,6,14.4252098537483,7
8,7,14.8238678457291,7
8,8,12.2844197466655,7
8,9,13.1279126956017,7
8,10,13.3760890584334,7
8,11,13.9071062461076,7
8,12,13.7740584066741,7
8,13,14.1471146827014,7
8,14,13.9817634227772,7
8,15,14.3125718798301,7
8,16,14.67447697562,7
8,17,14.6264554719622,7
8,18,13.7839716102256,7
8,19,14.0513710370681,7
8,20,13.8513702628099,7
8,21,14.0963910526656,7
8,22,13.8680997988465,7
8,23,13.9625683502002,7
8,24,13.5474165021161,7
8,25,13.5691740610116,7
8,26,14.5258134011811,7
8,27,14.463656002179,7
8,28,13.7764642462414,7
8,29,13.0010486428139,7
8,30,13.9076334849837,7
8,31,13.684627302576,7
8,32,14.1784269780891,7
8,33,14.0793918735078,7
8,34,13.8654569888243,7
8,35,13.1028800639699,7
8,36,14.1566493485993,7
8,37,13.9352809606711,7
8,38,13.5069708924178,7
8,39,14.1670988438291,7
8,40,14.3628953556356,7
8,41,14.2230809522595,7
8,42,14.4782899524217,7
8,43,13.5342307895573,7
8,44,13.3101178844328,7
8,45,13.8134476231645,7
8,46,13.6336064632504,7
8,47,14.7111452002163,7
8,48,13.7818510823847,7
8,49,13.4228726922482,7
8,50,13.4681822242529,7
8,51,14.1657446776482,7
8,52,13.8033887112215,7
8,53,14.0773950033086,7
8,54,15.1462431758021,7
8,55,13.7496204642685,7
8,56,13.5906941407416,7
8,57,14.5784862086652,7
8,58,14.4002825418004,7
8,59,13.9491277004333,7
8,60,12.6287003977618,7
8,61,13.8458487426769,7
8,62,14.2138315708187,7
8,63,14.7862804947736,7
8,64,13.4980422824317,7
8,65,13.673868559406,7
8,66,14.1000118842757,7
8,67,14.4140131863669,7
8,68,13.301982741772,7
8,69,14.5914990900837,7
8,70,14.1760931994864,7
8,71,13.3761103941311,7
8,72,13.6096000022979,7
8,73,13.6434742610878,7
8,74,13.456623511091,7
8,75,13.3668387217723,7
8,76,13.5045247391091,7
8,77,14.8957705712992,7
8,78,14.6089021959872,7
8,79,14.8583223349327,7
8,80,13.5908319795279,7
8,81,14.4281159866679,7
8,82,13.8998807256567,7
8,83,14.3540385939402,7
8,84,14.0584057196777,7
8,85,14.4860160091963,7
8,86,14.4639600270273,7
8,87,13.8335029941889,7
8,88,13.7892269676361,7
8,89,14.0040998205131,7
8,90,14.0486715340729,7
8,91,14.056930302689,7
8,92,14.2847884838271,7
8,93,14.130911343716,7
8,94,14.3139469811227,7
8,95,14.4728368186544,7
8,96,14.3908847803238,7
8,97,13.583100634752,7
8,98,14.5677099495335,7
8,99,13.6608186633617,7
8,100,14.1260682478386,7
9,1,8.3951019362142,9
9,2,8.43293831624875,9
9,3,11.7738224058559,8
9,4,9.99091546659996,8
9,5,11.2498428696553,8
9,6,10.9723094100589,8
9,7,16.956040585495,11
9,8,16.5726545152074,11
9,9,17.2776948944321,11
9,10,17.260348788043,11
9,11,17.6449021733758,11
9,12,16.6654088745262,11
9,13,16.3527363695478,11
9,14,16.9928129389802,11
9,15,17.0500058203527,11
9,16,17.6446710988377,11
9,17,17.2650383413632,11
9,18,16.5113813926109,11
9,19,16.1933416602155,11
9,20,8.98759376477559,9
9,21,8.77193247097938,9
9,22,17.261101370478,11
9,23,17.43868767172,11
9,24,16.4687832013566,11
9,25,17.596064687866,11
9,26,16.249538318004,11
9,27,16.1274676183176,11
9,28,17.7178135791871,11
9,29,17.9072298573347,11
9,30,16.3951280024945,11
9,31,16.9829223523213,11
9,32,16.8952546897866,11
9,33,16.650084992879,11
9,34,16.8734833495372,11
9,35,15.823979453187,11
9,36,16.3851068529963,11
9,37,17.629636432582,11
9,38,17.5977074021698,11
9,39,17.4157171711212,11
9,40,17.7402761800979,11
9,41,17.3593957465588,11
9,42,17.1564969979386,11
9,43,17.1412568382231,11
9,44,16.5433778289447,11
9,45,17.3648579602127,11
9,46,17.4424098002494,11
9,47,17.2939904983383,11
9,48,11.1224052745112,8
9,49,11.16848193255,8
9,50,9.00226854420972,9
9,51,7.70957853684199,9
9,52,10.3185956253264,8
9,53,11.3002040712259,8
9,54,10.2987550176275,9
9,55,9.33941474381253,9
9,56,11.5483184671736,8
9,57,8.80550504593564,9
9,58,8.87550247325876,9
9,59,9.844329661629,9
9,60,9.06472405264831,9
9,61,9.57894350167071,9
9,62,9.44926869597129,9
9,63,11.0404623606012,8
9,64,8.75063424411292,9
9,65,9.19620028256543,9
9,66,8.79505118031998,9
9,67,10.0988259951448,8
9,68,11.4960665118548,8
9,69,11.0254084938193,8
9,70,8.91090152800455,9
9,71,9.96399458225329,9
9,72,9.17408803643571,9
9,73,11.3679822758955,8
9,74,11.2961235376747,8
9,75,9.61057341464639,9
9,76,9.08095710341682,9
9,77,8.22864723586035,9
9,78,11.2146651897627,8
9,79,10.9131140445677,8
9,80,10.4294823231603,8
9,81,9.11315186931192,9
9,82,9.78785205460873,9
9,83,7.9967167910513,9
9,84,9.30252949805207,9
9,85,9.45341993994027,9
9,86,11.3387291490466,8
9,87,16.7645991050044,11
9,88,17.8101135413129,11
9,89,16.6476702584235,11
9,90,8.71842683065168,9
9,91,8.36648074811972,9
9,92,11.1820031481429,8
9,93,11.2549296503939,8
9,94,11.8259238181073,8
9,95,11.6480845766101,8
9,96,11.5617280309161,8
9,97,10.9093600926253,8
9,98,8.82040524319516,9
9,99,9.04032914898305,9
9,100,8.48722431252727,9
10,1,6.75675319869087,10
10,2,7.368219034392,10
10,3,7.25856615592843,10
10,4,7.416273133424,10
10,5,6.51028639801069,10
10,6,7.69105621840016,10
10,7,7.85559504022481,10
10,8,11.248903704982,8
10,9,11.1290349346789,8
10,10,9.81510121936699,9
10,11,9.74177424899352,9
10,12,9.45563550180952,9
10,13,9.21836020492012,9
10,14,9.16840652248768,9
10,15,8.53325497504041,9
10,16,9.35338929161757,9
10,17,10.7681867025755,8
10,18,11.1958288287828,8
10,19,11.9070873237652,8
10,20,10.6460403945078,8
10,21,11.6531206045959,8
10,22,10.4588652815106,8
10,23,11.2321616972139,8
10,24,10.0497722776039,9
10,25,8.64393755111496,9
10,26,11.2784568189806,8
10,27,11.7131761519529,8
10,28,11.6281221695959,8
10,29,10.8575034464019,8
10,30,10.465301711132,8
10,31,10.7372674120668,8
10,32,10.9318480758596,8
10,33,11.0374421241532,8
10,34,10.9024237004334,8
10,35,11.1019034979319,8
10,36,8.91690804137448,9
10,37,11.7477801358082,8
10,38,12.0861966955759,8
10,39,10.9531587134742,8
10,40,11.657300527826,8
10,41,11.296108819551,8
10,42,10.9934212745994,8
10,43,10.8600533073923,8
10,44,9.22315702653255,9
10,45,9.05050089243771,9
10,46,11.5285102138631,8
10,47,11.9683669050074,8
10,48,10.6238349103276,8
10,49,11.5874089560458,8
10,50,11.7611581054736,8
10,51,11.2818447440276,8
10,52,11.4330297239609,8
10,53,10.879808256054,8
10,54,16.495957892006,11
10,55,17.1095613767414,11
10,56,16.13682965779,11
10,57,17.6193170929856,11
10,58,16.9317070226461,11
10,59,10.9627057870057,8
10,60,11.4934740545192,8
10,61,8.92505709957837,9
10,62,9.26148624244864,9
10,63,9.24779850974832,9
10,64,7.51396238869748,9
10,65,9.23451656644865,9
10,66,9.12735247723684,9
10,67,8.99604951080427,9
10,68,10.7648487098445,8
10,69,11.4940734290769,8
10,70,11.4968491984852,8
10,71,9.09853392016472,9
10,72,9.28890847611454,9
10,73,11.722810797185,8
10,74,11.1566079486261,8
10,75,10.6282645932979,8
10,76,11.2092575230496,8
10,77,10.582166391391,8
10,78,10.1618775713414,8
10,79,11.1456261228448,8
10,80,10.4735148883951,8
10,81,10.0436077889294,8
10,82,11.2719386942775,8
10,83,9.42163905897609,9
10,84,9.07880416218113,9
10,85,8.7841084763792,9
10,86,10.7847833507259,8
10,87,10.3652590335916,8
10,88,11.0637616385707,8
10,89,11.0678420810345,8
10,90,11.0091228644676,8
10,91,17.7821798223444,11
10,92,16.7741220025271,11
10,93,17.9288358289379,11
10,94,17.091667099071,11
10,95,17.1112059097006,11
10,96,17.507327266267,11
10,97,17.1139517600111,11
10,98,17.7847180384246,11
10,99,16.4091366935358,11
10,100,17.4722393547991,11
11,1,18.2896120816212,5
11,2,19.1659094580785,5
11,3,19.3871964340907,5
11,4,18.7084272160949,5
11,5,19.3368084477394,5
11,6,19.8329215968159,5
11,7,19.6112981338991,5
11,8,18.1285232505742,5
11,9,18.4918924027361,5
11,10,19.5318079980887,5
11,11,19.0084816394473,5
11,12,18.6792830358395,5
11,13,18.0116592100448,5
11,14,19.1444227488296,5
11,15,18.7062796694684,5
11,16,18.4655076685471,5
11,17,19.1172375779646,5
11,18,18.6208131947839,5
11,19,19.5395959284729,5
11,20,18.9466421853684,5
11,21,19.4173179317323,5
11,22,19.2392728228034,5
11,23,18.8518854714406,5
11,24,19.5557543313362,5
11,25,19.0737998471169,5
11,26,17.4248163206072,5
11,27,18.7290281452665,5
11,28,19.1563907114049,5
11,29,19.6299210946389,5
11,30,18.6513019465835,5
11,31,18.9951228142648,5
11,32,18.6990681816227,5
11,33,18.2598675514321,5
11,34,18.7827331955048,5
11,35,19.0819248858084,5
11,36,19.6049806172807,5
11,37,19.5460846304811,5
11,38,18.8656046156485,5
11,39,20.0590394727121,5
11,40,18.9332664081241,5
11,41,19.3661469661816,5
11,42,19.8395638162932,5
11,43,18.6786792949495,5
11,44,18.5056898449046,5
11,45,19.4382526151167,5
11,46,19.1367582347088,5
11,47,19.001486832031,5
11,48,19.3196690393961,5
11,49,19.5984079134724,5
11,50,18.9326704806682,5
11,51,18.6588634319345,5
11,52,18.2831179270062,5
11,53,19.617236709136,5
11,54,18.9236538388889,5
11,55,18.9966532507376,5
11,56,18.9152992495763,5
11,57,19.1700976660343,5
11,58,18.5380277639248,5
11,59,18.6450152038572,5
11,60,19.2178313889754,5
11,61,18.5248101561022,5
11,62,18.5570999199439,5
11,63,19.0236180175968,5
11,64,19.101815330653,5
11,65,19.0074115929273,5
11,66,19.3625754481409,5
11,67,19.0294082284999,5
11,68,19.1805173318809,5
11,69,19.6712669073002,5
11,70,19.5918623952301,5
11,71,18.8709921676889,5
11,72,19.0878917881947,5
11,73,19.5342385112752,5
11,74,18.7643611337882,5
11,75,19.6757376694484,5
11,76,19.185435188161,5
11,77,20.000043714975,5
11,78,18.9328879367623,5
11,79,19.033072079543,5
11,80,19.5228390539016,5
11,81,18.1724099914725,5
11,82,19.2124093544462,5
11,83,18.3109259341967,5
11,84,19.8224507574332,5
11,85,19.0033288028686,5
11,86,18.8246056906917,5
11,87,18.6713283792845,5
11,88,18.8090713240654,5
11,89,18.5150579720676,5
11,90,18.416876311796,5
11,91,18.9691741879648,5
11,92,19.3155334612521,5
11,93,17.1622514645722,4
11,94,17.352931117036,4
11,95,17.5449794724084,4
11,96,16.9759705023632,4
11,97,17.2577878461213,4
11,98,16.2620344382867,4
11,99,17.2591241352643,4
11,100,17.2375424406634,4
12,1,15.4317428033479,7
12,2,13.8183124965964,7
12,3,13.1844563345795,7
12,4,12.8442845536595,7
12,5,14.1392903865797,7
12,6,14.2187278051416,7
12,7,14.6604463971675,7
12,8,14.5402944596604,7
12,9,14.3597953124469,7
12,10,13.4638237841636,7
12,11,14.352965593453,7
12,12,13.784451287294,7
12,13,14.1007204772522,7
12,14,13.2877843788144,7
12,15,13.9707555994105,7
12,16,14.1345762256462,7
12,17,13.3833138393132,7
12,18,13.4305051914306,7
12,19,13.9531261523988,7
12,20,13.8638860252104,7
12,21,13.0722454165095,7
12,22,13.5800063697951,7
12,23,12.3859521278472,7
12,24,14.2780374997469,7
12,25,14.4709595056986,7
12,26,13.9923081221434,7
12,27,14.0038564782401,7
12,28,14.6861247585595,7
12,29,14.4186378802465,7
12,30,14.6980321791328,7
12,31,14.2715505325066,7
12,32,14.4623492475653,7
12,33,13.3171598141308,7
12,34,14.0359892191696,7
12,35,13.9011166466565,7
12,36,13.5921458856231,7
12,37,14.2059454268769,7
12,38,14.6291712065964,7
12,39,13.3759558494309,7
12,40,14.2173343350338,7
12,41,13.98233136286,7
12,42,13.9076457719797,7
12,43,14.3361136130896,7
12,44,13.6875996677233,7
12,45,13.29181017637,7
12,46,14.1940278539746,7
12,47,14.0757878608073,7
12,48,14.0800683315084,7
12,49,13.8829840015745,7
12,50,13.8779163526552,7
12,51,14.4677420003992,7
12,52,14.4440003286346,7
12,53,14.2470027260209,7
12,54,14.8008401933887,7
12,55,14.5314157870872,7
12,56,13.7834372696574,7
12,57,13.9721747101916,7
12,58,14.1498764863531,7
12,59,14.0079745758002,7
12,60,13.7227863686914,7
12,61,13.8602467310299,7
12,62,13.5265442119693,7
12,63,13.9820561845822,7
12,64,14.2184745691195,7
12,65,14.1367408680367,7
12,66,13.7007035551784,7
12,67,13.7796994067416,7
12,68,13.4584482280729,7
12,69,14.3569791109637,7
12,70,13.9663004372963,7
12,71,14.2230909258754,7
12,72,14.1359636608738,7
12,73,14.8711333434462,7
12,74,14.9713294252533,7
12,75,14.2952558139613,7
12,76,14.5458421215183,7
12,77,13.7048996101565,7
12,78,14.0261948587967,7
12,79,14.5333066686968,7
12,80,14.4046322689169,7
12,81,14.0394873070401,7
12,82,13.9792547036803,7
12,83,14.0306210514673,7
12,84,14.0957539891083,7
12,85,13.972424821135,7
12,86,13.8032513826608,7
12,87,13.7526116032938,7
12,88,14.9160574691934,7
12,89,14.0160314664618,7
12,90,13.3434807815533,7
12,91,14.9480297034105,7
12,92,14.1837803084467,7
12,93,13.9897611821406,7
12,94,14.3421185173128,7
12,95,14.5068423675858,7
12,96,14.2752517719684,7
12,97,13.5747174782004,7
12,98,13.855830692739,7
12,99,13.7428883958306,7
12,100,13.8968445954275,7
13,1,13.9692482484947,7
13,2,13.804933534049,7
13,3,14.465216588358,7
13,4,13.8212316711726,7
13,5,13.3476700408116,7
13,6,13.9556367502738,7
13,7,13.7646784124106,7
13,8,14.3708693223809,7
13,9,13.6972857827971,7
13,10,14.2166799765303,7
13,11,14.0079203128914,7
13,12,13.680141545922,7
13,13,13.6695778671367,7
13,14,13.8569432435062,7
13,15,13.6593825500035,7
13,16,14.0343412393371,7
13,17,13.7567805671567,7
13,18,13.8985057111706,7
13,19,13.5032233135956,7
13,20,14.4238803149401,7
13,21,13.873918804544,7
13,22,13.4378913055792,7
13,23,13.6485632854572,7
13,24,14.0437055627543,7
13,25,13.8581366685351,7
13,26,13.8949560115697,7
13,27,13.0629252432011,7
13,28,14.6057130230906,7
13,29,14.0727853356718,7
13,30,14.0685990789263,7
13,31,14.1000040307629,7
13,32,14.4933215320648,7
13,33,14.7933217978489,7
13,34,13.7244639916086,7
13,35,13.8968334338498,7
13,36,13.3000609405285,7
13,37,13.8638384035741,7
13,38,13.4472339179531,7
13,39,13.7465826092542,7
13,40,14.3299999456086,7
13,41,14.5796173966086,7
13,42,13.8490571587695,7
13,43,14.143284049708,7
13,44,14.9345130164441,7
13,45,13.5460524442379,7
13,46,13.3427860453096,7
13,47,12.980933420933,7
13,48,13.527991816125,7
13,49,13.4467222839374,7
13,50,13.3397190510399,7
13,51,14.2713344721182,7
13,52,14.1707289900621,7
13,53,13.413399920431,7
13,54,14.2558601698583,7
13,55,14.4102656870281,7
13,56,14.241542119501,7
13,57,14.290497211254,7
13,58,13.3964670114981,7
13,59,13.9828073202616,7
13,60,14.3748754496194,7
13,61,14.6906334784187,7
13,62,13.5085369047387,7
13,63,13.0159947587439,7
13,64,13.5938008940985,7
13,65,13.9654900830678,7
13,66,13.8469404316912,7
13,67,13.3980190492351,7
13,68,14.2308789682644,7
13,69,13.712400814944,7
13,70,13.3916194876654,7
13,71,14.5448245630245,7
13,72,13.597519889899,7
13,73,13.9492695011832,7
13,74,14.2065716186859,7
13,75,13.9165580222675,7
13,76,14.1306011056016,7
13,77,13.4189193580728,7
13,78,14.2312964677507,7
13,79,13.7631729313647,7
13,80,14.3163005887269,7
13,81,13.7939357666188,7
13,82,13.7440698995994,7
13,83,13.4527044100273,7
13,84,14.0666643275779,7
13,85,14.2569248993277,7
13,86,14.3513363587153,7
13,87,14.1552138369791,7
13,88,13.4241070330191,7
13,89,13.4251916213963,7
13,90,14.482118402105,7
13,91,14.6696463856688,7
13,92,15.0787870173434,7
13,93,13.8846726661332,7
13,94,13.6385865686359,7
13,95,12.7408396877375,7
13,96,13.6086833911381,7
13,97,13.9020857542649,7
13,98,13.2611799366758,7
13,99,13.6233885743869,7
13,100,14.4475386883809,7
14,1,15.1129791976251,3
14,2,14.6587534753277,3
14,3,15.6016947148144,3
14,4,13.8038398731566,3
14,5,12.9913877380309,6
14,6,13.6903651281111,7
14,7,14.5121228617054,7
14,8,14.0411012913727,7
14,9,15.0405673101516,7
14,10,14.0640890932025,7
14,11,13.6475785854982,7
14,12,15.0932945812868,7
14,13,14.1100614584933,7
14,14,14.0263392576853,7
14,15,14.4053766484221,7
14,16,13.8715702950063,7
14,17,13.5169719610483,7
14,18,13.1935148141124,7
14,19,13.8446699962157,7
14,20,13.9052412249726,7
14,21,13.8361688075135,7
14,22,13.3983760888617,7
14,23,13.3523500902127,7
14,24,13.5160253741581,7
14,25,14.0406661790774,7
14,26,13.7148551652544,7
14,27,14.441870825871,7
14,28,14.1238632523869,7
14,29,14.7305804419392,7
14,30,13.94341459998,7
14,31,15.0622388307428,7
14,32,13.3513046777361,7
14,33,14.6261315656999,7
14,34,13.9285524698317,7
14,35,14.1488938139732,7
14,36,13.937399816553,7
14,37,14.124933181575,7
14,38,13.9658552318059,7
14,39,13.9484170118575,7
14,40,13.9039841326213,7
14,41,14.17406257347,7
14,42,14.5366132117296,7
14,43,14.6971036682006,7
14,44,13.0782682289969,7
14,45,14.0054701592336,7
14,46,14.2922694566612,7
14,47,14.2003853893343,7
14,48,13.2710604956131,7
14,49,14.1235690883515,7
14,50,14.0197084697878,7
14,51,13.5549817159312,7
14,52,13.3712084239446,7
14,53,13.8533861724198,7
14,54,14.3552767251828,7
14,55,14.0616926253349,7
14,56,13.3690663623597,7
14,57,12.8014333083719,7
14,58,13.1512611304631,6
14,59,13.8522264560012,6
14,60,12.5404022412829,6
14,61,13.0400429680498,6
14,62,13.1247123202317,6
14,63,13.1896288867679,6
14,64,12.8431126920523,6
14,65,13.6326839696723,6
14,66,13.161968782485,6
14,67,12.6519034858579,6
14,68,14.3583530582137,3
14,69,13.7346326347457,6
14,70,13.7329407083924,6
14,71,11.9723321106872,6
14,72,12.6375947560894,6
14,73,12.6376581246533,6
14,74,14.8349385912219,3
14,75,14.9563836376507,3
14,76,15.6121155759591,3
14,77,14.7450615626192,3
14,78,15.1875819330982,3
14,79,14.9333299038552,3
14,80,15.9827761776857,3
14,81,14.7302081164775,3
14,82,16.067774178582,3
14,83,15.4354393449306,3
14,84,15.8234528104528,3
14,85,14.9209234064417,3
14,86,13.1266455124895,6
14,87,12.8322481262867,6
14,88,13.1998455858011,6
14,89,12.8567252131669,6
14,90,13.0128971978427,6
14,91,13.0613672333855,6
14,92,13.2558846408138,6
14,93,12.5431430469169,6
14,94,12.9498565666803,6
14,95,12.5378046738096,6
14,96,13.422200741981,6
14,97,13.1458852493258,6
14,98,12.4509189919099,6
14,99,13.4051278828999,6
14,100,15.946902128006,3
15,1,10.3412466129544,2
15,2,10.4074596832309,2
15,3,9.51043832074604,2
15,4,9.34409722074195,2
15,5,9.07463521232035,2
15,6,10.9372218312766,2
15,7,9.71523955472987,2
15,8,10.734074557577,2
15,9,10.5835399808095,2
15,10,10.5783693769043,2
15,11,9.696296223141,2
15,12,10.4658788518191,2
15,13,10.0980683225748,2
15,14,10.415447931808,2
15,15,9.52592020641454,2
15,16,10.3191222993292,2
15,17,10.3392250306679,2
15,18,10.2978910291867,2
15,19,10.0301125728208,2
15,20,9.65934925966901,2
15,21,9.659959952386,2
15,22,10.1692926985333,2
15,23,10.3960531046293,2
15,24,10.6100647292166,2
15,25,10.0757110228343,2
15,26,9.56746189353178,2
15,27,10.1009773246302,2
15,28,9.49981451428212,2
15,29,10.5965561066662,2
15,30,9.91116404723718,2
15,31,10.2271225228583,2
15,32,10.7964973776727,2
15,33,9.23192250526959,2
15,34,9.46754761238647,2
15,35,9.35684695988746,2
15,36,9.38445652472048,2
15,37,10.2130965348997,2
15,38,9.76791660624458,2
15,39,9.64078567099075,2
15,40,10.4126184051469,2
15,41,9.80441317287344,2
15,42,9.00906212155183,2
15,43,10.7955828095658,2
15,44,9.51030405485419,2
15,45,10.2936717610202,2
15,46,9.47638617967142,2
15,47,9.65022824352072,2
15,48,10.349117968262,2
15,49,10.2969549612165,2
15,50,10.017861978422,2
15,51,9.15278504676529,2
15,52,10.2237817152996,2
15,53,9.13805630690132,2
15,54,10.0662651886347,2
15,55,10.3413346179628,2
15,56,10.6202820524325,2
15,57,10.6545610992339,2
15,58,10.0149356274274,2
15,59,9.95044441088061,2
15,60,10.3013159383448,2
15,61,11.0817076104766,2
15,62,10.8890806749266,2
15,63,9.57215594244052,2
15,64,9.83396450402621,2
15,65,10.3954190151022,2
15,66,10.1811312403002,2
15,67,9.31728737972155,2
15,68,9.67087255604099,2
15,69,9.9807527292617,2
15,70,11.0983997596277,2
15,71,9.58238718883518,2
15,72,9.81681467153023,2
15,73,11.0053263478078,2
15,74,9.79984743439194,2
15,75,10.4704046024414,2
15,76,9.79005800467079,2
15,77,10.3637728285331,2
15,78,10.1768390625395,2
15,79,9.53585554236472,2
15,80,10.4494698816338,2
15,81,10.1175066311527,2
15,82,10.9314027413754,2
15,83,10.5857090608166,2
15,84,9.34407943539395,2
15,85,10.2221685363887,2
15,86,9.82529912600624,2
15,87,10.5897282614001,2
15,88,9.86849391713721,2
15,89,8.73241672705009,2
15,90,10.5095921202015,2
15,91,10.0128832990346,2
15,92,10.5509581521403,2
15,93,8.87749170690171,2
15,94,10.1282810552631,2
15,95,10.0863534239859,2
15,96,10.1772018299069,2
15,97,8.95308892161456,2
15,98,9.25226493076806,2
15,99,9.79836228369793,2
15,100,9.6366921325628,2
16,1,19.0170443895104,12
16,2,18.4841036194538,12
16,3,18.9773832998125,12
16,4,19.3849834740845,12
16,5,18.8260117075305,12
16,6,18.8316780747959,12
16,7,18.5544553441255,12
16,8,18.7142452293344,12
16,9,19.0166223402367,12
16,10,19.1843417405847,12
16,11,18.8382356364984,12
16,12,18.8168631932752,12
16,13,19.5247180820332,12
16,14,18.2431452401014,12
16,15,18.6009480075732,12
16,16,19.0533426692395,12
16,17,17.6935956351248,11
16,18,9.21410631420653,9
16,19,8.76694801501178,9
16,20,8.45214619396634,9
16,21,9.47606603208922,9
16,22,8.63655596284807,9
16,23,10.8096323015389,8
16,24,9.89647747697382,9
16,25,11.5255914899415,8
16,26,11.088323826101,8
16,27,9.06169695805166,9
16,28,9.2979053473789,9
16,29,9.37818139550125,9
16,30,9.56699072167142,9
16,31,9.48914658459461,9
16,32,9.95442370572301,8
16,33,10.6252416535652,8
16,34,10.7483761761404,8
16,35,10.433464370427,8
16,36,9.62209455076338,9
16,37,11.4823463407907,8
16,38,10.8151614664067,8
16,39,8.89619617210349,9
16,40,7.79060632607301,10
16,41,7.56326013934986,10
16,42,7.56691741128448,10
16,43,7.02920301635226,10
16,44,7.56903356984264,10
16,45,6.82660781373872,10
16,46,7.42051961938049,10
16,47,6.50518099959504,10
16,48,6.40476967546206,10
16,49,7.36032120274146,10
16,50,6.71432754592885,10
16,51,7.55875266462858,10
16,52,7.13217814497766,10
16,53,6.8126527428391,10
16,54,6.6343625150024,10
16,55,6.74785535609511,10
16,56,6.73417388968049,10
16,57,6.41160537648573,10
16,58,8.0925656868723,10
16,59,7.38406674501264,10
16,60,7.44437497978792,10
16,61,7.50632543319317,10
16,62,6.94352580200864,10
16,63,6.74083773810437,10
16,64,7.1773460837228,10
16,65,6.77212448950656,10
16,66,6.54915020616526,10
16,67,7.99543844918454,10
16,68,6.93639626154362,10
16,69,6.97540148873289,10
16,70,6.50385705973014,10
16,71,6.97056673126048,10
16,72,7.06795538467913,10
16,73,6.84447398756922,10
16,74,6.55147082988441,10
16,75,7.83744816689866,10
16,76,6.04629513863848,10
16,77,6.92744868729202,10
16,78,7.23659040985664,10
16,79,5.98180964813838,10
16,80,6.78325327401724,10
16,81,6.75177671357198,10
16,82,6.74199023436009,10
16,83,6.65958938602098,10
16,84,6.39769677055268,10
16,85,7.04280398068894,10
16,86,7.1562729429811,10
16,87,6.61540456497759,10
16,88,7.17809883999939,10
16,89,7.38614165430916,10
16,90,7.2736704199871,10
16,91,7.51933353165737,10
16,92,7.92532695647651,10
16,93,6.68388126357405,10
16,94,7.37060203797682,10
16,95,6.82430070363795,10
16,96,9.26094842770356,9
16,97,8.94649622973865,9
16,98,16.426297183459,11
16,99,17.1592661054682,11
16,100,18.7089176513409,12
17,1,9.94794087776412,2
17,2,9.48423098020292,2
17,3,10.6775483135065,2
17,4,10.438709863207,2
17,5,10.6600200611907,2
17,6,9.27885133432097,2
17,7,10.2896389091282,2
17,8,9.80749581170816,2
17,9,10.0582753659846,2
17,10,10.0330915459068,2
17,11,9.2650191823102,2
17,12,9.915576395113,2
17,13,8.16083463681989,10
17,14,7.84116484675201,10
17,15,6.94040750648987,10
17,16,6.7623975907841,10
17,17,6.97702812737775,10
17,18,6.74254899760095,10
17,19,6.84070672432517,10
17,20,7.43550385023511,10
17,21,6.99712879655884,10
17,22,6.94601530433704,10
17,23,7.71227789670049,10
17,24,7.23981624034031,10
17,25,7.68852920789955,10
17,26,6.41056806591902,10
17,27,6.50470939143265,10
17,28,6.39735158052869,10
17,29,6.39283371494241,10
17,30,6.71519616365284,10
17,31,7.11414492771017,10
17,32,7.18189185717379,10
17,33,7.52706222578953,10
17,34,6.44585456858871,10
17,35,7.58778168058269,10
17,36,6.87000519369977,10
17,37,6.98435249212894,10
17,38,7.1602222430229,10
17,39,7.62935636230132,10
17,40,6.77781196767714,10
17,41,6.52995705998122,10
17,42,6.4574934448903,10
17,43,6.93877346110722,10
17,44,6.95639488602121,10
17,45,7.36187106773273,10
17,46,6.6677618182089,10
17,47,7.03287430117724,10
17,48,8.0306450384736,10
17,49,7.96445851321109,10
17,50,7.1210962472297,10
17,51,6.41102976968731,10
17,52,7.82154425260933,10
17,53,7.55274392179902,10
17,54,7.21391450260745,10
17,55,7.09539092193544,10
17,56,6.26146688636689,10
17,57,7.51601112421954,10
17,58,7.27106460880345,10
17,59,7.41954464078498,10
17,60,8.75712815785692,9
17,61,10.3095949864152,8
17,62,11.8513488273959,8
17,63,9.76246497606198,9
17,64,9.48876131772886,9
17,65,10.5454449968692,8
17,66,10.6932311340764,8
17,67,10.6765492448396,8
17,68,8.642855178006,9
17,69,8.62464214008886,9
17,70,9.32642181572114,9
17,71,8.91728972574027,9
17,72,9.22059434000551,9
17,73,8.67494933621939,9
17,74,8.17962857171072,9
17,75,8.73934985376413,9
17,76,8.62663633870806,9
17,77,11.2451966461444,8
17,78,10.6633894035941,8
17,79,11.5873789967708,8
17,80,8.8895513766083,9
17,81,8.99464234767372,9
17,82,10.4034058779004,8
17,83,9.70878486799337,8
17,84,11.0418723864453,8
17,85,9.47631367999193,9
17,86,9.02906810609815,9
17,87,8.67042860860208,9
17,88,9.20212646433559,9
17,89,9.1883661648288,9
17,90,7.88570420634944,9
17,91,8.97485844335011,9
17,92,9.32937789990568,9
17,93,7.33011408343489,10
17,94,6.30176644864358,10
17,95,6.88998446462014,10
17,96,7.4260433844996,10
17,97,6.18808034307746,10
17,98,7.42761429351813,10
17,99,6.5987235213981,10
17,100,7.55762920447277,10
18,1,10.5523863219125,2
18,2,8.69489767550548,2
18,3,9.8323734001261,2
18,4,10.8371614033497,2
18,5,10.8075835919866,2
18,6,8.44459632642779,2
18,7,9.5224358658938,2
18,8,11.0368793545048,2
18,9,11.3943290188376,2
18,10,9.6379880924682,2
18,11,9.87214154475254,2
18,12,8.98879789510762,2
18,13,10.6293243964908,2
18,14,9.43041719188243,2
18,15,9.7921659075327,2
18,16,10.3682283955978,2
18,17,9.92961834756928,2
18,18,9.34369618826629,2
18,19,9.95244129458499,2
18,20,10.2829001078779,2
18,21,9.82900635709962,2
18,22,9.46587899449315,2
18,23,10.3895917610125,2
18,24,10.0656450076749,2
18,25,9.71591510564912,2
18,26,9.11568468679822,2
18,27,10.0867571786095,2
18,28,10.2588670034407,2
18,29,11.5361694020648,2
18,30,10.0745026823817,2
18,31,9.93803434083137,2
18,32,9.75638171251081,2
18,33,9.74123544567284,2
18,34,10.5710032907683,2
18,35,10.2851604793193,2
18,36,9.40524647620442,2
18,37,9.74941203046129,2
18,38,9.81547694010328,2
18,39,8.69030821712701,2
18,40,10.1210433585281,2
18,41,10.6932827581132,2
18,42,10.7860204726537,2
18,43,11.1314189471828,2
18,44,10.2501943178986,2
18,45,9.37774809969148,2
18,46,9.71277896460063,2
18,47,9.98779735655951,2
18,48,9.67574723827131,2
18,49,9.46006839599697,2
18,50,9.86880393632608,2
18,51,10.7515316728549,2
18,52,10.006953644645,2
18,53,10.7971596946288,2
18,54,10.1481416699089,2
18,55,10.1232462171768,2
18,56,9.95339439610081,2
18,57,9.53144656002708,2
18,58,10.103853634506,2
18,59,10.6807086226422,2
18,60,10.8685442239948,2
18,61,10.258768759255,2
18,62,9.86963789115789,2
18,63,10.2035261522781,2
18,64,10.4025159534823,2
18,65,10.2284074000373,2
18,66,10.1934500867446,2
18,67,10.0212002902639,2
18,68,10.5246038918958,2
18,69,10.0255003897332,2
18,70,9.25826980343584,2
18,71,10.7093813352098,2
18,72,9.48135299654656,2
18,73,9.05387479872297,2
18,74,9.53797140478802,2
18,75,10.1933228497634,2
18,76,9.03102599848257,2
18,77,9.19392348152931,2
18,78,9.66774257842985,2
18,79,9.8833294446416,2
18,80,9.81712339695897,2
18,81,9.98475598346423,2
18,82,10.8696780139626,2
18,83,10.209151412397,2
18,84,10.5475385513777,2
18,85,9.91702415888335,2
18,86,10.2833131598081,2
18,87,9.99124148681746,2
18,88,10.0740162070652,2
18,89,9.96324799723694,2
18,90,9.91259891779471,2
18,91,11.0402330539025,2
18,92,9.78503480885459,2
18,93,9.18320893744215,2
18,94,10.597756497328,2
18,95,9.64625923052258,2
18,96,9.96474966834251,2
18,97,9.36499583934591,2
18,98,10.6771329422312,2
18,99,8.97265452678139,2
18,100,9.74600657662009,2
19,1,11.1585166903957,8
19,2,9.01153816103342,9
19,3,8.88856979233286,9
19,4,8.88535808845918,9
19,5,8.77796350459815,9
19,6,8.69129776135409,9
19,7,8.79061244519052,9
19,8,10.1249255097552,8
19,9,11.0365538436337,8
19,10,10.7090447416332,8
19,11,11.1601392644105,8
19,12,10.4225248976247,8
19,13,10.8250212333342,8
19,14,10.2410149214888,8
19,15,16.9501568750941,11
19,16,17.6434163727492,11
19,17,16.8234930818783,11
19,18,16.4338756306739,11
19,19,17.4499632326749,11
19,20,16.9353159276301,11
19,21,17.2146128598377,11
19,22,17.6221231504844,11
19,23,16.9489347371183,11
19,24,11.2855427413759,8
19,25,8.47957643600262,9
19,26,9.71764333221996,9
19,27,8.98500510571622,9
19,28,11.2730711539183,8
19,29,10.9267232169004,8
19,30,10.1799289662296,8
19,31,10.8553479497772,8
19,32,9.03436174386639,9
19,33,11.219546539327,8
19,34,11.3411962043077,8
19,35,10.667293273069,8
19,36,10.8559675636317,8
19,37,11.5714578645855,8
19,38,11.8046074478609,8
19,39,10.1821808563735,8
19,40,10.3615733513908,8
19,41,11.5276328458606,8
19,42,9.10075298120227,9
19,43,8.75520461674972,9
19,44,8.80506876663758,9
19,45,10.1047000576462,8
19,46,9.52973403161805,9
19,47,11.7252516804975,8
19,48,8.4459210182988,9
19,49,9.06675108104909,9
19,50,8.840385857068,9
19,51,8.91592279796162,9
19,52,10.6886851706671,8
19,53,11.2959096042615,8
19,54,10.805203410849,8
19,55,10.7921994706252,8
19,56,11.3386868634332,8
19,57,10.9353905750659,8
19,58,11.668623221954,8
19,59,11.1146444072678,8
19,60,10.8149342334519,8
19,61,11.9866820037114,8
19,62,12.377758354055,8
19,63,8.78797572139179,9
19,64,8.82236030601834,9
19,65,8.95952521568617,9
19,66,9.30674552366067,9
19,67,9.74579951366464,9
19,68,8.94169978763851,9
19,69,9.28755655826586,9
19,70,9.35364190631544,9
19,71,9.26751495085178,9
19,72,11.0375485692926,8
19,73,11.5587773379942,8
19,74,17.2028438085619,11
19,75,18.5084472115706,11
19,76,17.6042933828911,11
19,77,16.8442873797355,11
19,78,17.5293979147509,11
19,79,17.0462230189003,11
19,80,17.6775044221622,11
19,81,17.6958330320441,11
19,82,17.1174444205888,11
19,83,17.1638165665543,11
19,84,17.4036756596912,11
19,85,17.0670994617372,11
19,86,11.1760473457321,8
19,87,10.8824483704119,8
19,88,8.65231661337519,9
19,89,8.20063432920566,9
19,90,8.63229733933238,9
19,91,9.22455456022166,9
19,92,9.32646853151511,9
19,93,9.45054692511955,9
19,94,8.28723289914203,9
19,95,9.16235490903086,9
19,96,8.41859312541873,9
19,97,10.4451414539262,8
19,98,10.9825935090123,8
19,99,10.8244406338733,8
19,100,9.06062461366264,9
20,1,9.58924940995731,2
20,2,9.49164300724923,2
20,3,10.8746591223602,2
20,4,9.96076708736788,2
20,5,9.74244970226073,2
20,6,9.50496675995611,2
20,7,10.3802136425676,2
20,8,10.4382758269202,2
20,9,9.31495542862443,2
20,10,9.6219756585591,2
20,11,9.29050520117801,2
20,12,10.9645169822527,2
20,13,10.7998205231615,2
20,14,9.88842864585139,2
20,15,10.1232871463447,2
20,16,9.21572118817575,2
20,17,10.3743055596369,2
20,18,10.1114201555205,2
20,19,9.81380721123754,2
20,20,10.0279224077707,2
20,21,9.91118897915676,2
20,22,10.0209497486478,2
20,23,10.7180843224019,2
20,24,9.42787986255226,2
20,25,9.91558640038342,2
20,26,10.0640730451488,2
20,27,9.95700261204269,2
20,28,10.2459503391155,2
20,29,10.4750713088113,2
20,30,10.4249418092738,2
20,31,9.66692350784853,2
20,32,9.53022752500791,2
20,33,10.141952630538,2
20,34,9.98297962721599,2
20,35,10.0400271341175,2
20,36,10.2045791305917,2
20,37,9.99968406971618,2
20,38,10.6481084712633,2
20,39,10.0924334633547,2
20,40,10.3446293992065,2
20,41,10.2180515446053,2
20,42,10.0564181963395,2
20,43,10.4065792251473,2
20,44,9.21008379001005,2
20,45,10.2049317113487,2
20,46,10.4318907129713,2
20,47,11.1568784897126,2
20,48,9.85095848305313,2
20,49,10.1798854294321,2
20,50,9.66593946701184,2
20,51,10.8120440032071,2
20,52,9.31729674557542,2
20,53,9.95299864413581,2
20,54,10.8603061068804,2
20,55,9.47602532785307,2
20,56,9.13628371957056,2
20,57,9.91401633503819,2
20,58,9.97549175367996,2
20,59,10.1375611175644,2
20,60,9.83945138041715,2
20,61,10.5680247675076,2
20,62,9.7242722176094,2
20,63,9.85858377672572,2
20,64,9.38258987744293,2
20,65,9.77002148121138,2
20,66,10.0414105674262,2
20,67,9.92188211144926,2
20,68,10.1211238267274,2
20,69,9.50427745495322,2
20,70,9.43662847924065,2
20,71,9.44700638037204,2
20,72,10.5179083167795,2
20,73,9.42208838288251,2
20,74,10.1381036010582,2
20,75,10.0376354179966,2
20,76,9.77345655249008,2
20,77,9.56955297773158,2
20,78,10.8590084016228,2
20,79,10.1895664397428,2
20,80,9.78189412721217,2
20,81,10.3497786254808,2
20,82,10.7851049072493,2
20,83,9.79800537560516,2
20,84,10.6759062444406,2
20,85,10.2217327170584,2
20,86,9.60390106210259,2
20,87,8.61563261992234,2
20,88,9.84694037656261,2
20,89,10.0604258672086,2
20,90,9.81535894350637,2
20,91,10.1983587918307,2
20,92,9.05069748902427,2
20,93,10.2687095356884,2
20,94,10.50139497133,2
20,95,11.0379843935392,2
20,96,9.6381602562414,2
20,97,9.69046593608986,2
20,98,10.7706244779876,2
20,99,10.2322425705462,2
20,100,9.10316302755555,2
21,1,10.1618121804058,2
21,2,10.5712866843897,2
21,3,10.3888472876755,2
21,4,10.4069404741201,2
21,5,9.99795264235134,2
21,6,10.5667364106113,2
21,7,9.06822188097543,2
21,8,9.76395710760071,2
21,9,10.5220469197335,2
21,10,8.96450407284625,2
21,11,10.4894938690507,2
21,12,10.0417521974505,2
21,13,10.4872710235912,2
21,14,10.8467708590126,2
21,15,10.8412954724303,2
21,16,9.72330345183358,2
21,17,10.2344710208485,2
21,18,10.2834911528717,2
21,19,9.92061972411873,2
21,20,8.79598650143202,2
21,21,10.3889625658187,2
21,22,9.7962410801079,2
21,23,10.2015331552361,2
21,24,10.6444727455538,2
21,25,9.55327161359988,2
21,26,10.9818981279374,2
21,27,9.59682219580036,2
21,28,9.81341622102781,2
21,29,9.27201427057509,2
21,30,9.26386204829617,2
21,31,10.2492583098604,2
21,32,10.0013589031858,2
21,33,10.1447527161463,2
21,34,9.93266685455706,2
21,35,9.90381383527375,2
21,36,10.2715198691326,2
21,37,10.2641513587133,2
21,38,9.67971576685058,2
21,39,9.45221464243967,2
21,40,9.92662123802677,2
21,41,9.44387657782017,2
21,42,10.1119577824814,2
21,43,10.1582721465659,2
21,44,10.0070819065542,2
21,45,9.92338381570993,2
21,46,10.0849366527781,2
21,47,10.9774608414069,2
21,48,9.77157189063097,2
21,49,9.45040862585223,2
21,50,8.95374013857705,2
21,51,9.49194576518116,2
21,52,10.9257192504253,2
21,53,10.2506126929313,2
21,54,10.0107859440737,2
21,55,10.2921870405591,2
21,56,9.67288829565407,2
21,57,9.85374846956586,2
21,58,10.8559760146708,2
21,59,9.49299155347361,2
21,60,9.8509777099678,2
21,61,9.33580227519141,2
21,62,9.67172243661654,2
21,63,10.0751418063846,2
21,64,10.0148702960612,2
21,65,9.68862312063104,2
21,66,10.0579639279786,2
21,67,11.2797549667221,2
21,68,10.6651811312074,2
21,69,10.7047918414463,2
21,70,9.40959166882795,2
21,71,10.6584035533717,2
21,72,10.6453156926107,2
21,73,9.81861097934287,2
21,74,10.3136093591659,2
21,75,10.4990419242738,2
21,76,10.7381582593808,2
21,77,10.2874179117592,2
21,78,9.18762680843607,2
21,79,10.2556796672293,2
21,80,9.56089306143403,2
21,81,9.70693832824553,2
21,82,9.65564176807887,2
21,83,10.1703945129685,2
21,84,9.66985541684305,2
21,85,10.5300287565477,2
21,86,9.57906241535867,2
21,87,10.7719324422381,2
21,88,10.3418628401935,2
21,89,10.751581123359,2
21,90,9.1913978488922,2
21,91,10.0174098342543,2
21,92,9.54353264545247,2
21,93,9.76606723674637,2
21,94,10.0642167620571,2
21,95,10.1145956045074,2
21,96,10.6067690427904,2
21,97,10.162883211422,2
21,98,10.7262170623216,2
21,99,11.0711595887058,2
21,100,9.53325795792331,2
22,1,10.5562393032769,9
22,2,8.84709545748469,9
22,3,9.16658232684643,9
22,4,9.13885471447494,9
22,5,9.23498031035457,9
22,6,8.6051648877379,9
22,7,8.52664700032283,9
22,8,9.78475411565788,9
22,9,8.0175487620066,9
22,10,10.8432901081767,8
22,11,10.6964657963745,8
22,12,9.6200126041219,9
22,13,8.69367586572134,9
22,14,9.79294127041556,9
22,15,10.8263805113074,8
22,16,11.5655655981442,8
22,17,10.5547583646102,8
22,18,9.03100433106425,9
22,19,11.4194346556014,8
22,20,10.9389433214063,8
22,21,9.44495181992711,9
22,22,9.59076597941873,9
22,23,8.94935110945752,9
22,24,9.09583169545954,9
22,25,9.28259915447877,9
22,26,8.93581871925564,9
22,27,9.0679618246439,9
22,28,11.6463135018507,8
22,29,11.532337285456,8
22,30,10.5292899187068,9
22,31,11.3107160681463,8
22,32,11.0619677229521,8
22,33,11.0637958959608,8
22,34,10.9409380814041,8
22,35,10.7412311112149,8
22,36,11.6623701040784,8
22,37,11.0788221726591,8
22,38,11.1890385479703,8
22,39,10.835374095889,8
22,40,9.63611504086771,9
22,41,10.740462310599,8
22,42,10.7071188859382,8
22,43,12.3580106155673,8
22,44,9.01167367435305,9
22,45,9.30890761044684,9
22,46,8.94285950253688,9
22,47,8.45058039581468,9
22,48,9.72858094447663,9
22,49,10.8173351212549,8
22,50,9.25274802001403,9
22,51,11.243179878153,8
22,52,10.6470333490943,8
22,53,10.787550169065,8
22,54,11.6216601838862,8
22,55,11.3603225883327,8
22,56,10.5747092476818,8
22,57,11.0078686790724,8
22,58,11.7131192408531,8
22,59,8.66537927164649,9
22,60,9.39782174552603,9
22,61,8.81096555733056,9
22,62,9.17529970278328,9
22,63,9.08705463327234,9
22,64,9.00074625595483,9
22,65,11.5533485050158,8
22,66,10.5426361812662,8
22,67,9.2911099061271,9
22,68,8.49547200893189,9
22,69,8.66177861503836,9
22,70,9.69102771526365,9
22,71,11.2082884644899,8
22,72,9.19404216134919,9
22,73,11.8856701858402,8
22,74,10.4080647085126,8
22,75,17.8263454090401,11
22,76,17.0648020901685,11
22,77,16.8974587307229,11
22,78,16.6998256286881,11
22,79,17.0308016737284,11
22,80,17.1871818446467,11
22,81,16.7872486944891,11
22,82,17.2125519871057,11
22,83,16.779329950794,11
22,84,16.8723534468639,11
22,85,16.7557499742087,11
22,86,16.7836711350795,11
22,87,17.9161593238399,11
22,88,17.0984588016204,11
22,89,16.8525894878413,11
22,90,9.22464685932262,9
22,91,9.19767478798611,9
22,92,9.28222883022872,9
22,93,8.1529290768428,9
22,94,8.78135551708305,9
22,95,9.01632243262235,9
22,96,8.85670169209985,9
22,97,10.7711758588193,8
22,98,8.6746357907806,9
22,99,8.87732006645579,9
22,100,10.8462750451443,8
23,1,19.2467558059371,5
23,2,18.6729582341516,5
23,3,18.7877805372331,5
23,4,18.5968115860088,5
23,5,15.4862508874133,4
23,6,16.2257517707613,4
23,7,16.544378493492,4
23,8,16.1719756963319,4
23,9,16.6149657696036,4
23,10,17.6354564418364,4
23,11,17.7178940337447,4
23,12,15.4211657891797,4
23,13,17.485097421461,4
23,14,15.2393894124972,3
23,15,15.2893592001786,3
23,16,13.4069407266233,6
23,17,12.8085484048461,6
23,18,13.1232796894782,6
23,19,13.1774458306289,6
23,20,17.0093384215446,4
23,21,17.2644478633048,4
23,22,16.8632555979908,4
23,23,16.4252665502786,4
23,24,16.6905117878962,4
23,25,17.1057468385583,4
23,26,17.1061362981851,4
23,27,16.9653179872906,4
23,28,18.2853676611891,4
23,29,16.7345454386544,4
23,30,16.9035955667268,4
23,31,17.3267335671931,4
23,32,17.4450327894329,4
23,33,17.5032867322149,4
23,34,16.5180673900183,4
23,35,16.1366575739981,4
23,36,17.0627170799883,4
23,37,16.997165006303,4
23,38,17.3568458206854,4
23,39,16.9677252476957,4
23,40,17.4695112047806,4
23,41,16.4257338894582,4
23,42,17.3040868545919,4
23,43,16.9233128490983,4
23,44,17.2152044630385,4
23,45,17.300473081057,4
23,46,17.3441554795743,4
23,47,16.0628844447133,4
23,48,17.0628324905759,4
23,49,17.0379539266603,4
23,50,16.962278219932,4
23,51,16.7624345575706,4
23,52,16.8406800290088,4
23,53,16.8093118237035,4
23,54,17.2792687991959,4
23,55,16.6003301075993,4
23,56,16.8073119210139,4
23,57,17.1705687029746,4
23,58,17.6917186175364,4
23,59,17.1324709387645,4
23,60,17.2509598927012,4
23,61,16.8015078595058,4
23,62,17.6093784305154,4
23,63,17.563803445076,4
23,64,16.5527365872925,4
23,65,17.4404536488588,4
23,66,18.0346614578609,4
23,67,17.3816481039138,4
23,68,16.6063004420111,4
23,69,16.9760330295375,4
23,70,17.4909033247052,4
23,71,16.747702758665,4
23,72,17.5510623110542,4
23,73,17.2116528712512,4
23,74,16.9314703536797,4
23,75,17.4200700787053,4
23,76,17.5668803442399,4
23,77,17.2501542651581,4
23,78,16.5153000956417,4
23,79,17.7732369619534,4
23,80,16.4135008649009,4
23,81,16.9948141403157,4
23,82,16.4625246028452,4
23,83,16.7057548120492,4
23,84,17.629239969744,4
23,85,16.5185642945825,4
23,86,15.3530561502398,3
23,87,15.7953820314003,3
23,88,15.2729458292586,3
23,89,16.0210791064702,3
23,90,15.1110528118117,3
23,91,14.4005905826581,3
23,92,15.2382783499788,3
23,93,13.8078824711745,3
23,94,15.195176052157,3
23,95,14.7312446563915,3
23,96,14.6905989719173,3
23,97,14.6833079043963,3
23,98,15.179907688761,3
23,99,15.4875382287651,3
23,100,14.2849849034173,3
24,1,13.6036940797455,6
24,2,12.798153182638,6
24,3,13.4466817134155,6
24,4,12.3965754996157,6
24,5,13.5807557030871,6
24,6,12.2367926160019,6
24,7,13.0229943863808,6
24,8,14.2357659989448,3
24,9,14.9309395802095,3
24,10,14.5183092700919,3
24,11,15.5382965698161,3
24,12,16.4650801492825,4
24,13,16.9162825351261,4
24,14,16.9941517493048,4
24,15,16.806238636206,4
24,16,16.3865272938641,4
24,17,17.1575062395792,4
24,18,15.6896421740619,4
24,19,17.0422663700621,4
24,20,17.9973892518994,4
24,21,17.2070583987833,4
24,22,17.0917662027727,4
24,23,16.6725312704281,4
24,24,17.228931278467,4
24,25,16.5651530269019,4
24,26,17.6162933191062,4
24,27,16.2907720433582,4
24,28,17.576638512416,4
24,29,17.4614281718317,4
24,30,16.8346353520416,4
24,31,16.8026413199948,4
24,32,17.0428425018777,4
24,33,17.4664417156687,4
24,34,17.1549751029855,4
24,35,16.0637319855138,4
24,36,17.2468536398366,4
24,37,17.0785855687883,4
24,38,17.0189659779812,4
24,39,17.6757781588461,4
24,40,17.2328854167185,4
24,41,17.0408718221279,4
24,42,17.7450621549134,4
24,43,17.2728598968639,4
24,44,16.9616291298026,4
24,45,15.9360618042193,4
24,46,17.558183673003,4
24,47,16.9910243026528,4
24,48,16.546192658094,4
24,49,16.6141417250852,4
24,50,17.1550661590081,4
24,51,16.8117096744026,4
24,52,16.8328372735624,4
24,53,16.938284066088,4
24,54,16.8318290415324,4
24,55,16.8029345053792,4
24,56,16.6178929339634,4
24,57,17.2293682335104,4
24,58,17.0937242569214,4
24,59,16.305473769723,4
24,60,17.061749630606,4
24,61,19.0724378711921,5
24,62,19.2546450801772,5
24,63,19.4650261991096,5
24,64,19.3397923148034,5
24,65,19.8079325082844,5
24,66,18.8048230248673,5
24,67,19.7960630063217,5
24,68,18.737247101898,5
24,69,18.5146610297206,5
24,70,18.7657659448542,5
24,71,19.4975638048661,5
24,72,19.2999463640868,5
24,73,18.8276318096849,5
24,74,19.7547884845577,5
24,75,18.9941649759614,5
24,76,19.3615774247787,5
24,77,18.238356158576,5
24,78,19.147340009563,5
24,79,18.7147831985395,5
24,80,19.804330593779,5
24,81,18.4282694661678,5
24,82,19.7766344382512,5
24,83,18.7332609281321,5
24,84,19.5701078606249,5
24,85,19.4812842658616,5
24,86,19.1164151669418,5
24,87,19.27250372991,5
24,88,18.9563120483245,5
24,89,18.5832694422346,5
24,90,19.0460575908585,5
24,91,18.8021595327581,5
24,92,19.4827421583921,5
24,93,18.9755421285493,5
24,94,18.7653745519161,5
24,95,16.9576045846484,4
24,96,17.2004014787407,4
24,97,16.4059870343882,4
24,98,17.3621587493018,4
24,99,16.5283581973123,4
24,100,17.0771818552707,4
25,1,17.3648933664319,4
25,2,17.1679888231025,4
25,3,15.9704163729679,4
25,4,17.1014764654387,4
25,5,17.3562183786793,4
25,6,15.9450834720617,4
25,7,17.3178044411707,4
25,8,16.640415181049,4
25,9,16.9497738523049,4
25,10,16.9285049451272,4
25,11,16.3098518180392,4
25,12,14.9861981404177,3
25,13,12.2499876853769,6
25,14,13.0623243757687,6
25,15,13.3170765278364,6
25,16,13.1078076658481,6
25,17,12.7027911683324,6
25,18,14.1575750596285,6
25,19,15.0318706745206,3
25,20,14.9825183612893,3
25,21,13.5752713923509,6
25,22,13.1822011889106,6
25,23,13.4117093440665,6
25,24,13.067015673352,6
25,25,15.3491831121944,3
25,26,14.7997120705877,3
25,27,15.2115908709001,3
25,28,13.6775342886813,6
25,29,13.3683995146801,6
25,30,13.3598202362159,6
25,31,13.749851313791,6
25,32,15.8687979422955,3
25,33,14.4411313047683,3
25,34,12.3301164088379,6
25,35,13.7760127924432,6
25,36,12.9716063147429,6
25,37,11.666393571006,6
25,38,12.3046108912503,6
25,39,12.9125048060367,6
25,40,12.8548717807349,6
25,41,13.5383840650014,6
25,42,15.001790093008,3
25,43,13.1087235492244,6
25,44,12.950219145687,6
25,45,12.4822073901032,6
25,46,12.8516429536401,6
25,47,15.0044959215855,3
25,48,15.117296881351,3
25,49,14.5420056159863,3
25,50,14.7385674155311,3
25,51,15.2467306130172,3
25,52,14.777839262528,3
25,53,15.1101581870893,3
25,54,13.9986023924282,6
25,55,12.4974705838132,6
25,56,12.7567387052721,6
25,57,13.4080387451159,6
25,58,13.5114055650757,6
25,59,15.2130906032551,3
25,60,15.0280942966767,3
25,61,14.7262007326297,3
25,62,15.2208737572294,3
25,63,14.5036276604079,3
25,64,14.3197687182449,3
25,65,14.4370459783465,3
25,66,15.2043604950471,3
25,67,14.3801025326331,3
25,68,14.7358523943966,3
25,69,16.0764119265095,3
25,70,12.8814919028557,6
25,71,12.7917506425741,6
25,72,14.792256928613,3
25,73,15.5430420288412,3
25,74,15.4022982381757,3
25,75,15.1627062140347,3
25,76,14.5652593213054,3
25,77,15.6852153663855,3
25,78,12.177948753342,6
25,79,13.7825403523315,6
25,80,12.8205096811792,6
25,81,13.1159621792735,6
25,82,15.7344780305309,3
25,83,14.8358611093081,3
25,84,16.6822326304665,4
25,85,16.9415115268214,4
25,86,17.3515043770087,4
25,87,16.9380228687971,4
25,88,16.9085234006727,4
25,89,16.9318839598069,4
25,90,14.784667156449,3
25,91,15.6253137669526,3
25,92,12.7989437891467,6
25,93,12.4095021337646,6
25,94,12.350783249401,6
25,95,14.9816110979356,3
25,96,15.4135690120221,3
25,97,15.5774948139142,3
25,98,15.4110829963644,3
25,99,15.5193931142327,3
25,100,14.815909175288,3
26,1,8.75642397280279,9
26,2,9.06297727022888,9
26,3,8.74564615328778,9
26,4,9.22004832907639,9
26,5,9.61567749300013,9
26,6,8.99464885866871,9
26,7,10.5680566614725,8
26,8,10.7844978767779,8
26,9,10.5161499319985,8
26,10,17.0998845187713,11
26,11,16.5018079021346,11
26,12,16.4317028837314,11
26,13,17.3619520487673,11
26,14,16.9617290565588,11
26,15,11.2702854838903,8
26,16,11.147318978646,8
26,17,9.30933007319689,9
26,18,9.14298288618338,9
26,19,8.558912963538,9
26,20,11.1728300219458,8
26,21,10.7654428488323,8
26,22,8.59884647782668,9
26,23,9.62821512928316,9
26,24,11.0003123689695,8
26,25,11.1946024941489,8
26,26,10.1898014442145,8
26,27,11.0831061984336,8
26,28,11.7221982021938,8
26,29,16.8697315636145,11
26,30,16.7649261475102,11
26,31,16.2458264107602,11
26,32,17.7055527323408,11
26,33,16.5412315722127,11
26,34,17.2046975482467,11
26,35,16.3347609250308,11
26,36,15.8012195633939,11
26,37,16.6695775054185,11
26,38,17.0343515831766,11
26,39,11.4287280607408,8
26,40,8.91369681636634,9
26,41,9.28224368945563,9
26,42,8.85795804616097,9
26,43,8.95731921566483,9
26,44,8.50765615351134,9
26,45,8.71536421294111,9
26,46,9.46855829865798,9
26,47,11.2394674445501,8
26,48,10.5567642148969,8
26,49,11.9795055028226,8
26,50,8.86826586926036,9
26,51,8.29798319992346,9
26,52,9.03047978145346,9
26,53,9.71283734070375,9
26,54,8.78576118858407,9
26,55,8.80896230646671,9
26,56,10.5049952263622,8
26,57,10.2775374439748,8
26,58,11.178019334257,8
26,59,11.0968754727692,8
26,60,11.0606372935922,8
26,61,11.0612857464867,8
26,62,10.8499804787752,8
26,63,11.3618222451703,8
26,64,10.8212466909075,8
26,65,11.1954244195854,8
26,66,11.2575465197165,8
26,67,11.0452413653966,8
26,68,11.1952521732108,8
26,69,10.775103286278,8
26,70,8.64415358954517,9
26,71,9.69116038072302,9
26,72,8.35254597011664,9
26,73,9.0442576438402,9
26,74,11.2534898903824,8
26,75,9.25159252937618,9
26,76,16.972870728145,11
26,77,16.5502529914847,11
26,78,17.3454659789935,11
26,79,16.447232371426,11
26,80,17.4895671229202,11
26,81,8.7856772517784,9
26,82,9.61335455709737,9
26,83,8.89745820006835,9
26,84,8.64800096442644,9
26,85,11.6666872448964,8
26,86,11.4401473663114,8
26,87,11.7395709838264,8
26,88,11.1615849790444,8
26,89,11.6873460191459,8
26,90,10.9799957665671,8
26,91,10.3785998731004,9
26,92,9.53894860015866,9
26,93,9.62991297589001,9
26,94,8.58227641375577,9
26,95,11.3391219436006,8
26,96,9.24330787877633,9
26,97,9.12850225027855,9
26,98,9.92101745207134,9
26,99,10.1173799176852,9
26,100,8.81905514928694,9
27,1,18.5146716954945,12
27,2,18.527884836931,12
27,3,19.4458999744822,12
27,4,19.8060009808305,12
27,5,18.554034304792,12
27,6,18.9183137997259,12
27,7,19.1454210326141,12
27,8,19.4734561476649,12
27,9,19.6119851892055,12
27,10,19.4012780788534,12
27,11,18.9497610286279,12
27,12,18.457508079596,12
27,13,18.5419218312504,12
27,14,18.9088278502016,12
27,15,18.7968263847165,12
27,16,18.5239480715576,12
27,17,19.3163917765868,12
27,18,19.7567398953393,12
27,19,18.4888196424208,12
27,20,19.3739593607117,12
27,21,18.5415931038757,12
27,22,19.6518129391315,12
27,23,19.1045390363242,12
27,24,18.8758786991565,12
27,25,18.8585735938974,12
27,26,19.4053993927376,12
27,27,18.7296015204541,12
27,28,18.627451008652,12
27,29,18.9465081654484,12
27,30,18.8504205509913,12
27,31,18.9645368327397,12
27,32,18.90605965547,12
27,33,18.4397010902587,12
27,34,18.9664534413057,12
27,35,18.8079712776291,12
27,36,19.6975975384017,12
27,37,19.6083822526475,12
27,38,19.3412042844343,12
27,39,18.6950400676387,12
27,40,19.148421919337,12
27,41,19.1098560667023,12
27,42,18.2469365779082,12
27,43,18.6020233822317,12
27,44,18.3723358229963,12
27,45,19.3685572382979,12
27,46,18.2737441502935,12
27,47,19.3659844052372,12
27,48,18.9076749721497,12
27,49,19.0897252619761,12
27,50,18.6200205193186,12
27,51,18.7332902081205,12
27,52,18.9751290085291,12
27,53,19.3375425877042,12
27,54,18.2732672223177,12
27,55,18.8799101142308,12
27,56,19.4436625092999,12
27,57,18.3911218392978,12
27,58,19.4149377443494,12
27,59,18.6054261403474,12
27,60,19.8489253751208,12
27,61,19.6254368495218,12
27,62,19.2828515911566,12
27,63,18.6826805118398,12
27,64,18.7977697443212,12
27,65,19.7708193659088,12
27,66,18.7386364170409,12
27,67,18.517234148808,12
27,68,18.0894433261381,12
27,69,18.5904679966941,12
27,70,18.6371514821258,12
27,71,19.425858567902,12
27,72,19.1659024610344,12
27,73,19.3344287680113,12
27,74,19.3982483728918,12
27,75,19.1825029374938,12
27,76,19.1091986861995,12
27,77,18.4843518413753,12
27,78,18.7982108954798,12
27,79,20.0718358988446,12
27,80,19.2570804263902,12
27,81,19.1222936276854,12
27,82,19.5226172511155,12
27,83,18.9657200711725,12
27,84,19.1625103667344,12
27,85,19.4015936616147,12
27,86,19.7592421667603,12
27,87,18.3359834346853,12
27,88,18.8751438943999,12
27,89,18.4926432739874,12
27,90,18.529186807561,12
27,91,20.1334623195554,12
27,92,18.8320646444576,12
27,93,19.1342492854931,12
27,94,18.8568030130863,12
27,95,19.0349914080467,12
27,96,19.0060480131983,12
27,97,19.5562291621422,12
27,98,19.5313055859657,12
27,99,18.6655950001029,12
27,100,18.6879706639637,12
28,1,18.2177349819126,12
28,2,19.0932312722531,12
28,3,18.0769651209663,12
28,4,18.9244278254362,12
28,5,19.2839868771446,12
28,6,19.1009259329442,12
28,7,17.874098041453,12
28,8,20.0227606671112,12
28,9,18.9122732945998,12
28,10,18.8124520297468,12
28,11,19.0391647683365,12
28,12,20.1791642240574,12
28,13,20.0202179053675,12
28,14,18.1975370405107,12
28,15,18.0286474677402,12
28,16,19.391298075691,12
28,17,18.6865204450302,12
28,18,19.6048153691302,12
28,19,19.2567416206241,12
28,20,19.1872928632221,12
28,21,19.3115978535508,12
28,22,19.3702535061455,12
28,23,18.9185649783248,12
28,24,18.7305967560252,12
28,25,19.0248588126942,12
28,26,19.1607351569792,12
28,27,19.5417625880801,12
28,28,19.4098539950723,12
28,29,19.2573134333714,12
28,30,19.0377969402303,12
28,31,18.4705627130044,12
28,32,19.6744552413946,12
28,33,19.2632704738219,12
28,34,19.4919379377349,12
28,35,19.2307231853656,12
28,36,19.547565093916,12
28,37,18.667063636282,12
28,38,19.2449451115445,12
28,39,19.1297001351466,12
28,40,18.3715390038167,12
28,41,19.6524599679169,12
28,42,18.2896568640272,12
28,43,19.4888805625763,12
28,44,19.6715294138151,12
28,45,18.8937736203042,12
28,46,18.9311889684311,12
28,47,19.3340798878881,12
28,48,19.2598882018406,12
28,49,18.7054536908632,12
28,50,18.7712181202944,12
28,51,19.3494312334855,12
28,52,18.8125895686301,12
28,53,18.4354819561117,12
28,54,18.376262110349,12
28,55,18.2787354829486,12
28,56,19.8247341218071,12
28,57,19.1671431396842,12
28,58,18.9041368857014,12
28,59,19.0284032556391,12
28,60,20.3658245121045,12
28,61,19.1271182369762,12
28,62,19.3393731944639,12
28,63,19.2495637645998,12
28,64,18.10289157102,12
28,65,18.2225241096839,12
28,66,18.3031027095941,12
28,67,18.5183657025717,12
28,68,18.9877481294528,12
28,69,18.8852980674286,12
28,70,18.5212652537793,12
28,71,19.5704887158693,12
28,72,18.1716953135093,12
28,73,19.4030915687895,12
28,74,18.8862975213084,12
28,75,19.0142746624366,12
28,76,18.6883457507567,12
28,77,19.0604752380849,12
28,78,18.8209545755368,12
28,79,18.9564774088911,12
28,80,19.3616849344621,12
28,81,19.1957923077603,12
28,82,18.7833877088883,12
28,83,18.1215490473554,12
28,84,18.584725054102,12
28,85,18.6546591860863,12
28,86,18.1078676251042,12
28,87,18.8726660233827,12
28,88,18.7188425553683,12
28,89,19.4050910891209,12
28,90,19.1999879541354,12
28,91,19.3905668441984,12
28,92,18.6567261562038,12
28,93,19.4494413949572,12
28,94,19.0744439992165,12
28,95,18.8913253619522,12
28,96,18.5795033630172,12
28,97,19.2736634059119,12
28,98,18.963942376762,12
28,99,18.4861302857572,12
28,100,18.2722048533249,12
29,1,-0.197285653007791,1
29,2,0.210649131706176,1
29,3,-0.489921304486959,1
29,4,-0.559299264387946,1
29,5,0.336351720503724,1
29,6,1.01980977706021,1
29,7,-0.685667166033019,1
29,8,-0.241116386221477,1
29,9,-0.222063424169477,1
29,10,-0.439203428172488,1
29,11,0.532947858012314,1
29,12,-0.222337909312361,1
29,13,-0.380979340383028,1
29,14,-0.0135309124689262,1
29,15,-0.756788580219564,1
29,16,-0.343075367073561,1
29,17,-0.849618942849585,1
29,18,0.165334764171358,1
29,19,0.145623512444498,1
29,20,0.188297748133789,1
29,21,-0.851688069519878,1
29,22,-0.515783862216176,1
29,23,0.0928569458071352,1
29,24,-0.157903603492488,1
29,25,0.446171599693537,1
29,26,0.0602065293919407,1
29,27,0.506926301896012,1
29,28,-0.313555768989966,1
29,29,0.423526392817982,1
29,30,-0.644525980492852,1
29,31,0.459448663920201,1
29,32,-0.305241744411597,1
29,33,-1.00779471456239,1
29,34,-0.885992117911852,1
29,35,0.0878462555080467,1
29,36,-0.835090679586565,1
29,37,-0.0134260552286438,1
29,38,0.499112913228178,1
29,39,0.0307921830470912,1
29,40,0.123559317022412,1
29,41,-0.0520253339731668,1
29,42,-0.130160644759954,1
29,43,-0.233040192747995,1
29,44,-0.660987935459496,1
29,45,-0.777642918561565,1
29,46,0.10264049546376,1
29,47,-0.323360486024619,1
29,48,0.326064900932039,1
29,49,0.28739760613373,1
29,50,-0.343176948575481,1
29,51,-0.191090037152165,1
29,52,0.774209290443524,1
29,53,0.581765829358353,1
29,54,0.245591795031062,1
29,55,-0.559572433081623,1
29,56,0.273117162902258,1
29,57,0.0109444455218278,1
29,58,0.982004459785734,1
29,59,-0.114103017171811,1
29,60,0.728944334631305,1
29,61,0.627136949662174,1
29,62,-0.55441010225185,1
29,63,0.176631165888158,1
29,64,0.197493309314331,1
29,65,0.530770919879421,1
29,66,-1.11354863765689,1
29,67,-0.58079682103278,1
29,68,0.526508596458699,1
29,69,-0.289482856812509,1
29,70,0.129111984922019,1
29,71,-0.215595832251197,1
29,72,0.211490565287633,1
29,73,0.509459986595082,1
29,74,-0.380867078599332,1
29,75,0.387366268449251,1
29,76,-0.4864468544617,1
29,77,-0.596412116966555,1
29,78,-0.0946773136013202,1
29,79,0.0494574282400557,1
29,80,-1.02198993488187,1
29,81,-0.586221312004988,1
29,82,-0.0325584459544473,1
29,83,0.127253704138027,1
29,84,-0.0510673243967196,1
29,85,0.0815998934892919,1
29,86,0.744728180467153,1
29,87,0.887742139019603,1
29,88,0.0179760036959172,1
29,89,0.338438418221007,1
29,90,0.656848134515987,1
29,91,0.524276319917351,1
29,92,0.68753734520773,1
29,93,-0.486223163092521,1
29,94,0.402123622224623,1
29,95,0.399017622974701,1
29,96,0.0489559226055748,1
29,97,0.245159093927922,1
29,98,-0.947851573402391,1
29,99,0.430068655896481,1
29,100,0.317330413216954,1
30,1,13.5804379655068,7
30,2,13.9226578878401,7
30,3,13.9819174918329,7
30,4,13.9207721170398,7
30,5,13.890298292998,7
30,6,13.999844127945,7
30,7,13.8975612923384,7
30,8,13.9548401878496,7
30,9,14.3353784745089,7
30,10,14.3425286567989,7
30,11,12.9074323869924,7
30,12,13.3239245128913,7
30,13,13.5998834108806,7
30,14,13.9963581261636,7
30,15,13.9577547022309,7
30,16,14.2135301804559,7
30,17,14.7101688121931,7
30,18,13.9799458413373,7
30,19,13.9659878837555,7
30,20,14.3014972873212,7
30,21,14.1261556912565,7
30,22,14.0003826354389,7
30,23,13.3901921901222,7
30,24,14.0082753583173,7
30,25,14.5269885121696,7
30,26,13.9982798698167,7
30,27,14.5125796888164,7
30,28,14.1488335944832,7
30,29,14.3298479136464,7
30,30,13.7073236204961,7
30,31,14.2718745329994,7
30,32,13.4257834961631,7
30,33,14.1206384142116,7
30,34,13.7299284876546,7
30,35,15.2259313590105,7
30,36,13.8083821727333,7
30,37,13.7121186707967,7
30,38,13.4384214013166,7
30,39,13.8412891158627,7
30,40,14.2492410232955,7
30,41,14.5759437592377,7
30,42,14.3227999069336,7
30,43,13.6062230388109,7
30,44,13.5351061231292,7
30,45,13.8491638390491,7
30,46,14.0474169252557,7
30,47,13.5140787330304,7
30,48,14.5107082936123,7
30,49,13.0822129404262,7
30,50,13.190269079954,7
30,51,13.770077964261,7
30,52,14.486430464123,7
30,53,13.541481880157,7
30,54,15.2982301714118,7
30,55,14.2662825151717,7
30,56,14.3921570680117,7
30,57,14.6994158840774,7
30,58,14.3766137622586,7
30,59,13.3666783112817,7
30,60,13.8126573687412,7
30,61,14.2265821761309,7
30,62,13.6195562528633,7
30,63,14.6346415167846,7
30,64,12.85847407468,7
30,65,14.2082395595785,7
30,66,13.7350073717378,7
30,67,14.276336030719,7
30,68,13.8565529771544,7
30,69,14.4406432206651,7
30,70,12.8779797503353,7
30,71,13.6364748293896,7
30,72,13.9520883929673,7
30,73,13.0381170199041,7
30,74,13.729816855176,7
30,75,14.2372919019821,7
30,76,13.66160354011,7
30,77,14.839598729546,7
30,78,14.0510527647645,7
30,79,13.4021088561882,7
30,80,14.0800499500319,7
30,81,13.3214374401194,7
30,82,14.1879683583707,7
30,83,14.0418312904182,7
30,84,14.6545873444036,7
30,85,14.452479518193,7
30,86,14.4981946318583,7
30,87,14.3362740378234,7
30,88,13.7610385852425,7
30,89,14.8294082138914,7
30,90,13.349990928391,7
30,91,13.4316040061172,7
30,92,14.2610995809963,7
30,93,14.3345427805258,7
30,94,14.5187994639407,7
30,95,14.1763292812916,7
30,96,13.7102168530588,7
30,97,14.5285750815541,7
30,98,14.0193205215182,7
30,99,13.9711530142986,7
30,100,13.8798905076493,7
31,1,15.215312794402,3
31,2,14.4699806007747,3
31,3,15.6951947179194,3
31,4,12.3272284071318,6
31,5,13.636537976679,6
31,6,13.1311663121058,6
31,7,14.7101734804568,3
31,8,15.7950706684581,3
31,9,13.6466323774535,6
31,10,15.2854914672071,3
31,11,14.65571135338,3
31,12,15.4010810830497,3
31,13,12.4276137451978,6
31,14,12.1142450958982,6
31,15,12.8151940760065,6
31,16,12.6336388561238,6
31,17,12.7395848848186,6
31,18,12.4784596599346,6
31,19,12.977764304732,6
31,20,12.9564985136099,6
31,21,12.8802762135215,6
31,22,12.5295662702277,6
31,23,15.2464714833878,3
31,24,12.1209103413382,6
31,25,12.5244214193729,6
31,26,11.8449626721415,6
31,27,12.6567794672491,6
31,28,13.4189387089198,6
31,29,12.059821472394,6
31,30,12.9679981784544,6
31,31,12.7708655966803,6
31,32,13.3840546267301,6
31,33,12.8491415798247,6
31,34,13.4828846663526,6
31,35,13.35692722882,6
31,36,13.2603455995076,6
31,37,15.5325212730736,3
31,38,14.3936876067782,3
31,39,14.5454966091952,3
31,40,13.3266599338931,6
31,41,13.6133405617197,6
31,42,13.7276176497654,6
31,43,14.6769567816915,3
31,44,14.7063765078075,3
31,45,12.5517454949632,6
31,46,12.6452519665303,6
31,47,14.803253427833,3
31,48,14.2729275030263,3
31,49,14.336405920054,3
31,50,14.8667916400325,3
31,51,15.1686344485734,3
31,52,15.9487616718777,3
31,53,15.5087693219137,3
31,54,17.2410741316359,4
31,55,18.9771360843414,5
31,56,19.2404572889652,5
31,57,19.5235464185778,5
31,58,19.2148841683366,5
31,59,19.8731501077804,5
31,60,19.1304711808603,5
31,61,19.3500230413856,5
31,62,18.9180109662757,5
31,63,20.0777541697725,5
31,64,18.0538064667708,5
31,65,19.0218132319447,5
31,66,18.620767930595,5
31,67,19.2037697646456,5
31,68,18.5065178591405,5
31,69,19.2533496082739,5
31,70,18.6531697724123,5
31,71,18.9383997437918,5
31,72,19.0651691614448,5
31,73,18.907232628171,5
31,74,19.7694873404733,5
31,75,19.8093276999612,5
31,76,19.2148437410748,5
31,77,19.6933191041288,5
31,78,18.6577483033542,5
31,79,19.4155451061088,5
31,80,18.4898570573287,5
31,81,19.3401936928735,5
31,82,19.2256189283485,5
31,83,19.0085714563768,5
31,84,18.6840794563243,5
31,85,18.5670476397187,5
31,86,19.9015282422296,5
31,87,18.4245557188654,5
31,88,18.6468871742667,5
31,89,19.3381488988458,5
31,90,18.6638263698475,5
31,91,19.2880543684795,5
31,92,19.0603528861357,5
31,93,18.3558254389977,5
31,94,18.0868860268969,5
31,95,19.0344424040989,5
31,96,18.3317126474867,5
31,97,18.0602826176619,5
31,98,19.2469714538828,5
31,99,19.5272751837467,5
31,100,18.4246426549394,5
32,1,14.8541524256693,7
32,2,13.5700936185784,7
32,3,13.8189513374868,7
32,4,14.1459504526474,7
32,5,13.7005255209902,7
32,6,14.3581161144243,7
32,7,14.2359883219902,7
32,8,14.498667226868,7
32,9,13.7216268432262,7
32,10,14.2446285224919,7
32,11,13.5969583472471,7
32,12,12.8805487920441,7
32,13,14.2620327970877,7
32,14,13.5987338603228,7
32,15,14.3149805528249,7
32,16,14.1665206534933,7
32,17,14.0206019359045,7
32,18,13.907829469899,7
32,19,14.404673107701,7
32,20,14.1734644582271,7
32,21,14.1209174169891,7
32,22,13.2882363542718,7
32,23,14.5243264381282,7
32,24,14.6099002866899,3
32,25,14.8289768621758,3
32,26,15.239541889394,3
32,27,13.7788417829995,6
32,28,13.2130858993027,6
32,29,12.4610742579724,6
32,30,12.1195370400101,6
32,31,15.8170527475647,3
32,32,15.1203736287946,3
32,33,14.5018669386244,3
32,34,14.9629155070641,3
32,35,15.4291443776887,3
32,36,14.922764181499,3
32,37,13.1437379046068,6
32,38,12.6293338406607,6
32,39,13.2582472357325,6
32,40,13.7360197614002,6
32,41,12.6357870108894,6
32,42,13.0208115974858,6
32,43,15.4006525266273,3
32,44,14.2398664922718,3
32,45,12.8392219218219,6
32,46,12.7581010244898,6
32,47,12.8142134823261,6
32,48,12.200613956135,6
32,49,14.2583658545478,3
32,50,12.651474422616,6
32,51,12.9616109437417,6
32,52,13.0552028541963,6
32,53,13.3107604073619,6
32,54,12.9391890654239,6
32,55,12.7257705525142,6
32,56,15.1592352201608,3
32,57,15.3378742177745,3
32,58,13.2328099720979,6
32,59,12.3085391047891,6
32,60,12.3702559373971,6
32,61,12.8234334456855,6
32,62,13.5971219515737,6
32,63,12.8548848400656,6
32,64,13.1133587968196,6
32,65,13.6486840146741,6
32,66,12.9139730985944,6
32,67,14.1646892239064,6
32,68,13.4249151756606,6
32,69,12.6209888080691,6
32,70,15.1982773363755,3
32,71,14.5265533154871,3
32,72,14.9133508844215,3
32,73,12.2281515271601,6
32,74,12.1312373219267,6
32,75,12.7012835336099,6
32,76,14.118842956618,3
32,77,14.589802481701,3
32,78,14.1870170956382,3
32,79,15.5578383716373,3
32,80,15.5341557088924,3
32,81,14.9103612317749,3
32,82,13.1472437768073,6
32,83,12.8360924206703,6
32,84,13.1883077725353,6
32,85,13.1865875897347,6
32,86,12.2767669705371,6
32,87,12.2742809754976,6
32,88,13.5888192136289,6
32,89,12.9186861893656,6
32,90,12.2733471494714,6
32,91,12.7025304587032,6
32,92,15.0029926053558,3
32,93,15.3090412356445,3
32,94,12.8365546389602,6
32,95,14.6927336945902,3
32,96,14.7761020244237,3
32,97,14.5401262995961,3
32,98,15.3070729181136,3
32,99,15.5315080806594,3
32,100,14.7383308748297,3
33,1,17.9097172678265,4
33,2,16.7540184282271,4
33,3,17.0090910679522,4
33,4,16.8351004310383,4
33,5,17.2689481251897,4
33,6,16.9987788722138,4
33,7,17.1329203757815,4
33,8,17.2838347659981,4
33,9,17.3471013168014,4
33,10,16.4495770881354,4
33,11,17.14020758332,4
33,12,17.57178112167,4
33,13,16.9596596471847,4
33,14,17.271895907402,4
33,15,17.7107279097083,4
33,16,16.7393607035459,4
33,17,16.8309761022868,4
33,18,17.1337569068994,4
33,19,17.5242876514717,4
33,20,17.3909756495493,4
33,21,17.3364819463107,4
33,22,16.9987709159464,4
33,23,16.8189201188334,4
33,24,16.7750904921338,4
33,25,17.2161861432718,4
33,26,17.2826462420398,4
33,27,17.3550050400478,4
33,28,16.8700488840321,4
33,29,17.2195934065174,4
33,30,16.6068108886602,4
33,31,16.8196349661152,4
33,32,16.5440214036456,4
33,33,16.9787328782366,4
33,34,17.0706001156882,4
33,35,17.1302554451172,4
33,36,16.4631166061904,4
33,37,17.5197028951813,4
33,38,16.6439463184927,4
33,39,15.6645994663178,4
33,40,16.0677182639255,4
33,41,17.2124116865106,4
33,42,16.4643503677204,4
33,43,13.7763962348004,6
33,44,12.6160076302344,6
33,45,12.273359992582,6
33,46,11.9545942196474,6
33,47,12.7439083972304,6
33,48,15.2077253141731,3
33,49,14.5750858362488,3
33,50,14.9722163073287,3
33,51,15.5689519207786,3
33,52,12.0657846041128,6
33,53,12.1782080044806,6
33,54,13.3099899538855,6
33,55,12.9066211680599,6
33,56,14.4655451992486,3
33,57,14.4386393671494,3
33,58,14.6817950220075,3
33,59,15.2132590696945,3
33,60,15.0896795391182,3
33,61,14.7428287947525,3
33,62,15.8988584731723,3
33,63,15.1172286111302,3
33,64,14.2268402368588,3
33,65,14.7013180869425,3
33,66,15.0190055470401,3
33,67,15.6479826362567,3
33,68,14.9882707806836,3
33,69,14.6743776511274,3
33,70,13.7387122550315,6
33,71,13.5504893731818,6
33,72,12.8580349310008,6
33,73,12.9984230851239,6
33,74,13.3559875853716,6
33,75,12.7943731232832,6
33,76,13.0300079608803,6
33,77,13.062631810327,6
33,78,13.3020493976626,6
33,79,12.3910105013886,6
33,80,13.5906206247671,6
33,81,13.3492610315805,6
33,82,13.742461121067,6
33,83,13.1544216892592,6
33,84,12.9783021845079,6
33,85,13.486548117952,6
33,86,13.0827253903799,6
33,87,13.3279602350891,6
33,88,13.1954290263889,6
33,89,13.4042833209393,6
33,90,13.3237656766636,6
33,91,14.7141228587962,3
33,92,15.1767885400942,3
33,93,15.388886383481,3
33,94,14.9579387923167,3
33,95,16.0103891784975,3
33,96,15.1381501426805,3
33,97,14.9938879844832,3
33,98,12.5682546478098,6
33,99,15.4849275419321,3
33,100,12.7552981351151,6
34,1,18.4433496529277,5
34,2,20.3458372341058,5
34,3,18.9004681611604,5
34,4,19.019586870387,5
34,5,19.3119080488872,5
34,6,19.2991982414797,5
34,7,18.2352034188348,5
34,8,18.3494352110936,5
34,9,18.9668281103977,5
34,10,19.4283726304679,5
34,11,18.6941860746258,5
34,12,19.3255456702564,5
34,13,18.4447908601933,5
34,14,19.0147023829859,5
34,15,19.2052027025952,5
34,16,18.8634011720252,5
34,17,20.0815595839824,5
34,18,18.7916518734515,5
34,19,20.0899306661986,5
34,20,19.2398497151951,5
34,21,19.6936699020132,5
34,22,19.5975796231903,5
34,23,18.7057415512181,5
34,24,19.4605524720142,5
34,25,18.7412896846487,5
34,26,18.4271371584112,5
34,27,18.571603979088,5
34,28,19.3139658072113,5
34,29,19.3239290340293,5
34,30,19.2312739335186,5
34,31,18.3462398458362,5
34,32,19.165671834787,5
34,33,19.3742175631983,5
34,34,19.3416030207459,5
34,35,18.3143108127059,5
34,36,18.3454788395242,5
34,37,17.785592908354,5
34,38,19.6096562646582,5
34,39,18.5597882689523,5
34,40,18.3634629470304,5
34,41,19.0401539280352,5
34,42,18.1955741969208,5
34,43,17.3502324824068,5
34,44,18.4945974506563,5
34,45,18.9536513850619,5
34,46,19.2796688105452,5
34,47,18.8081440559552,5
34,48,19.4069964603952,5
34,49,18.8743133776637,5
34,50,18.9034632151143,5
34,51,18.0026453138152,5
34,52,18.6890161831627,5
34,53,19.4308039809195,5
34,54,18.4231104196671,5
34,55,19.7046955883038,5
34,56,19.5150093184535,5
34,57,19.9695165924413,5
34,58,19.2705407478498,5
34,59,18.8460127467864,5
34,60,19.2484537860723,5
34,61,18.490031951004,5
34,62,18.8908477622214,5
34,63,19.7223428589175,5
34,64,18.9012501952747,5
34,65,19.327163580138,5
34,66,18.680209308935,5
34,67,18.2343258751403,5
34,68,18.6881487318099,5
34,69,19.2015384184093,5
34,70,19.2183002433625,5
34,71,19.1921607047561,5
34,72,19.2623135495317,5
34,73,19.5041023859938,5
34,74,19.1458931539108,5
34,75,18.893578797786,5
34,76,18.3649611344132,5
34,77,19.8199721130196,5
34,78,19.2663386640227,5
34,79,18.3260582112592,5
34,80,19.0920584412002,5
34,81,18.5062291837769,5
34,82,19.0771671768115,5
34,83,19.392920544466,5
34,84,18.7318772977376,5
34,85,19.2607409421144,5
34,86,19.3856256558697,5
34,87,18.992937027043,5
34,88,18.5770729742112,5
34,89,19.11898481586,5
34,90,18.2725664898274,5
34,91,19.4207893329182,5
34,92,19.5015795283578,5
34,93,19.4252477719724,5
34,94,18.9970904444353,5
34,95,18.8683550978358,5
34,96,19.2972162224888,5
34,97,18.6338736674673,5
34,98,19.2112033833464,5
34,99,19.3759061930499,5
34,100,19.4663485940316,5
35,1,12.8612216402901,7
35,2,13.9854428662975,7
35,3,14.0948706379496,7
35,4,13.0348954614437,7
35,5,14.0588203359269,7
35,6,14.0586148202243,7
35,7,14.5925019206804,7
35,8,13.4549213263496,7
35,9,12.895082097534,7
35,10,14.8684149553293,7
35,11,13.5123148028829,7
35,12,13.6037330230684,7
35,13,14.5323870975389,7
35,14,13.8008882541479,7
35,15,14.2073386258383,7
35,16,13.8383508482285,7
35,17,14.0959804423322,7
35,18,13.7501664323633,7
35,19,14.0944499803905,7
35,20,14.6333704380352,7
35,21,13.9535839261246,7
35,22,14.9188145266648,7
35,23,13.7703927688109,7
35,24,14.4247311852109,7
35,25,14.525711130392,7
35,26,14.2824127084452,7
35,27,13.8666195110617,7
35,28,14.1266459974914,7
35,29,13.4972813002878,7
35,30,13.1241002956597,7
35,31,14.1494006517156,7
35,32,13.6540099698035,7
35,33,14.3284090623161,7
35,34,14.3848360063718,7
35,35,14.3247593446158,7
35,36,14.0185257034345,7
35,37,14.7270636425917,7
35,38,13.3426608005819,7
35,39,13.1648017399278,7
35,40,15.1934444769589,7
35,41,14.5741862561706,7
35,42,13.7697959132053,7
35,43,12.8712821686891,7
35,44,13.4313687028607,7
35,45,14.5970352771198,7
35,46,13.5114570725621,7
35,47,13.8894784163793,7
35,48,14.4786150819958,7
35,49,14.0609916101542,7
35,50,14.1761374839493,7
35,51,14.3600362235107,7
35,52,14.2071179278886,7
35,53,13.6670265315756,7
35,54,13.4505345052029,7
35,55,13.5685056479297,7
35,56,14.0698490208933,7
35,57,13.9898961240132,7
35,58,13.5962202231844,7
35,59,13.6568554920249,7
35,60,13.3746760355684,7
35,61,14.299037494852,7
35,62,14.4994559284436,7
35,63,14.0653902041478,7
35,64,13.8711663556468,7
35,65,14.6146651391677,7
35,66,13.2466917843333,7
35,67,12.9919304760566,7
35,68,14.3960124274746,7
35,69,13.0349938006082,7
35,70,14.2719875555024,7
35,71,14.3005556948499,7
35,72,14.2609264856604,7
35,73,13.5650558641356,7
35,74,14.1116103773797,7
35,75,13.7749023718836,7
35,76,13.9480388594684,7
35,77,13.406526079032,7
35,78,14.6157110861104,7
35,79,13.768524041614,7
35,80,14.0113291016214,7
35,81,15.7338877762802,7
35,82,13.5181022176722,7
35,83,13.6199095063555,7
35,84,13.9094180155353,7
35,85,14.4669086968723,7
35,86,13.9723741572984,7
35,87,13.4134515041295,7
35,88,14.0938004385339,7
35,89,14.3212090109422,7
35,90,14.0987483389855,7
35,91,13.7959259621013,7
35,92,13.8153578295274,7
35,93,14.3582777864932,7
35,94,13.4347433242395,7
35,95,14.6669133859212,7
35,96,14.410201674942,7
35,97,14.2427442029042,7
35,98,13.7385360746393,7
35,99,14.0043750627974,7
35,100,13.8983116204739,7
36,1,18.8202049978303,12
36,2,18.6144041692591,12
36,3,18.8513009802066,12
36,4,19.1762651507254,12
36,5,18.1937773672657,12
36,6,18.6299011076786,12
36,7,19.1252542843246,12
36,8,20.0317693058689,12
36,9,19.2661205979934,12
36,10,19.5096406448818,12
36,11,18.879209172657,12
36,12,19.2252858298516,12
36,13,19.0756257439275,12
36,14,19.3033935663053,12
36,15,18.2924940725517,12
36,16,19.0579590329008,12
36,17,19.1243750497326,12
36,18,20.0917349948489,12
36,19,18.9632823076234,12
36,20,19.3744827215022,12
36,21,18.1345504863906,12
36,22,18.4515387365929,12
36,23,19.4119932054254,12
36,24,18.6314304861046,12
36,25,18.7641518675909,12
36,26,19.4095899190755,12
36,27,19.5697530457477,12
36,28,19.2347566572732,12
36,29,18.4653156671929,12
36,30,19.0856533285304,12
36,31,19.5569207736697,12
36,32,19.1273711231835,12
36,33,19.9552105924934,12
36,34,19.615843245993,12
36,35,20.0311913707737,12
36,36,19.4197318848827,12
36,37,19.5772204289433,12
36,38,18.1540270900608,12
36,39,19.2090920294572,12
36,40,18.2366437539362,12
36,41,18.3099674675875,12
36,42,19.90831743652,12
36,43,19.4633789635037,12
36,44,19.1435528311277,12
36,45,18.8283560574956,12
36,46,19.2035904483074,12
36,47,20.2828721178225,12
36,48,18.0973555408831,12
36,49,18.7975454760586,12
36,50,19.3640591791555,12
36,51,18.832387715676,12
36,52,19.2140438582806,12
36,53,18.618391343182,12
36,54,19.0252406485917,12
36,55,19.109417583838,12
36,56,18.8110867361671,12
36,57,18.8091646804374,12
36,58,19.1725233124541,12
36,59,18.5493436212906,12
36,60,18.8920706858339,12
36,61,19.1469616573213,12
36,62,19.1022010981443,12
36,63,18.6400456408131,12
36,64,18.7718110158422,12
36,65,19.3824688786569,12
36,66,18.9978301577351,12
36,67,18.5882244640691,12
36,68,19.5680917232729,12
36,69,19.4648530392175,12
36,70,18.2329481729534,12
36,71,18.4978496284739,12
36,72,18.4127678093001,12
36,73,16.8802000037406,11
36,74,16.3592416955367,11
36,75,17.7426559613152,11
36,76,16.8818757797331,11
36,77,17.4917944364795,11
36,78,17.4862633979984,11
36,79,16.905780456082,11
36,80,16.7233049281334,11
36,81,16.9933893400627,11
36,82,16.5286787010365,11
36,83,16.708716198554,11
36,84,16.7586936221873,11
36,85,17.1618786036242,11
36,86,17.3871433488667,11
36,87,17.909310591857,11
36,88,16.5978814798008,11
36,89,17.696096686273,11
36,90,17.2972882809047,11
36,91,16.8085843775628,11
36,92,16.1458322579562,11
36,93,16.2731092050272,11
36,94,16.1008578786134,11
36,95,10.2741668566233,8
36,96,8.47871306773822,9
36,97,10.5472883329202,8
36,98,11.0348767183344,8
36,99,11.8937715471696,8
36,100,11.0136880858873,8
37,1,-0.0776350453094157,1
37,2,0.417112426256074,1
37,3,0.15714383349346,1
37,4,-0.862563258214972,1
37,5,-0.437262867896315,1
37,6,-0.0466708787349184,1
37,7,0.291486298128807,1
37,8,0.537174930976049,1
37,9,0.524246417247383,1
37,10,-0.524871507637695,1
37,11,1.41176237110865,1
37,12,0.0437808109431052,1
37,13,0.479740825152071,1
37,14,0.0687547257639605,1
37,15,-0.383274837374144,1
37,16,0.47234901005199,1
37,17,-0.771666307747211,1
37,18,-0.116907898366949,1
37,19,0.282847950876886,1
37,20,0.525342616548534,1
37,21,0.138556169365455,1
37,22,0.562547564205114,1
37,23,0.227752480193535,1
37,24,-0.636530717464858,1
37,25,-0.184135585934833,1
37,26,-0.139704286070525,1
37,27,-0.015150367750861,1
37,28,0.284318767779731,1
37,29,-0.686543172074583,1
37,30,-0.469060500963076,1
37,31,-0.369083699293426,1
37,32,-0.635228826959433,1
37,33,-0.369552414247732,1
37,34,-0.476472962346046,1
37,35,-0.0217763118313639,1
37,36,-0.327158448587508,1
37,37,0.141225701598077,1
37,38,-0.391397889066755,1
37,39,-0.0626626351158099,1
37,40,0.932179911031572,1
37,41,-0.36964663291726,1
37,42,-0.440205786123676,1
37,43,0.18855468732085,1
37,44,0.46716072299775,1
37,45,0.781647353788243,1
37,46,-0.298984254878481,1
37,47,-0.68850102347454,1
37,48,0.13366649899735,1
37,49,-0.244063923376962,1
37,50,-0.800786464846261,1
37,51,0.0481072674574418,1
37,52,0.952274444215358,1
37,53,0.64774188549651,1
37,54,0.256150354932922,1
37,55,0.301337920906019,1
37,56,0.603460172622667,1
37,57,0.144704366378763,1
37,58,-0.0558064579400977,1
37,59,0.0818767365048137,1
37,60,-0.212757402256866,1
37,61,0.0503459552951386,1
37,62,-0.364630790536465,1
37,63,0.624002060646,1
37,64,0.00771923331193782,1
37,65,0.0849339501407235,1
37,66,-0.488260095961572,1
37,67,-0.0853481496853663,1
37,68,-0.236503145716633,1
37,69,0.428018360434631,1
37,70,0.111607984485892,1
37,71,0.070421410904245,1
37,72,0.312421697959521,1
37,73,-0.708521435254892,1
37,74,0.615495421790759,1
37,75,-0.0441070571275598,1
37,76,0.72170537414933,1
37,77,-0.409293339018419,1
37,78,0.0886709438497168,1
37,79,0.00907547708516404,1
37,80,-0.39759227150503,1
37,81,-0.0130481739478477,1
37,82,-0.142307885696405,1
37,83,-0.837148672110194,1
37,84,-0.634135887933973,1
37,85,-0.446077880129116,1
37,86,0.189952849830644,1
37,87,-0.558529164676485,1
37,88,0.0467556435836201,1
37,89,0.25054237364093,1
37,90,-0.126984351447513,1
37,91,-0.0825042693792212,1
37,92,-0.352764949138545,1
37,93,0.285072045732844,1
37,94,-0.967931987651656,1
37,95,0.660571224514107,1
37,96,0.150076409565157,1
37,97,0.230562746038187,1
37,98,-0.821944000305016,1
37,99,-0.132895617194141,1
37,100,0.453666892771582,1
38,1,19.2370151898576,5
38,2,19.1604999665749,5
38,3,18.9244687990921,5
38,4,18.9609389763075,5
38,5,18.8667448141562,5
38,6,18.9077944889345,5
38,7,19.2134768471264,5
38,8,19.8449862848914,5
38,9,18.1861701412673,5
38,10,18.5781790631874,5
38,11,18.635069994653,5
38,12,19.2443115869688,5
38,13,19.9739810567406,5
38,14,18.8464072033125,5
38,15,19.3549499524669,5
38,16,18.4459992812812,5
38,17,18.816132955651,5
38,18,18.8590343879175,5
38,19,18.6414602142839,5
38,20,19.5902481184422,5
38,21,18.8665017744371,5
38,22,18.6912905168013,5
38,23,18.2852904847673,5
38,24,19.3564406797883,5
38,25,18.7834180166144,5
38,26,18.3751898312488,5
38,27,19.5307044390717,5
38,28,19.3484732227748,5
38,29,18.4717897994531,5
38,30,18.8827768166758,5
38,31,18.5288062174945,5
38,32,18.866867470962,5
38,33,18.4060556233889,5
38,34,19.3067370816532,5
38,35,18.8767764679417,5
38,36,20.0105697959534,5
38,37,19.3508346794099,5
38,38,18.9435412123087,5
38,39,19.8150582311195,5
38,40,19.9374766447182,5
38,41,17.9667421709533,5
38,42,18.9165938266589,5
38,43,18.6141603849672,5
38,44,20.0333061331235,5
38,45,18.9258460156325,5
38,46,19.1404484647266,5
38,47,19.4377028065268,5
38,48,19.2195088662934,5
38,49,18.9860670257844,5
38,50,18.9964388683356,5
38,51,19.0376780581607,5
38,52,18.7232770232435,5
38,53,18.3761756786814,5
38,54,19.0700973166328,5
38,55,19.1155110735396,5
38,56,18.7694619969376,5
38,57,18.9730114744517,5
38,58,18.8662187943679,5
38,59,19.0921681428693,5
38,60,20.0126679734489,5
38,61,19.7045414099391,5
38,62,19.2576473089689,5
38,63,19.1550932123559,5
38,64,19.6518525293538,5
38,65,19.378364275043,5
38,66,17.9718748094098,5
38,67,18.8783609652414,5
38,68,20.2145434303345,5
38,69,18.7405378226913,5
38,70,18.7742250476371,5
38,71,19.2899399146303,5
38,72,19.4389337765939,5
38,73,19.1320207358387,5
38,74,19.1257625223737,5
38,75,19.4734251099856,5
38,76,19.1763181539511,5
38,77,18.8376616268112,5
38,78,19.1066084607996,5
38,79,19.1320231453797,5
38,80,18.9749379725435,5
38,81,19.477854520004,5
38,82,19.2904855702481,5
38,83,19.3753836484298,5
38,84,18.4489431282907,5
38,85,19.7734565528212,5
38,86,19.7523253518112,5
38,87,19.2267984651093,5
38,88,18.7955927395676,5
38,89,19.2937694490393,5
38,90,19.0460128794349,5
38,91,18.9387757144509,5
38,92,19.1552085298938,5
38,93,18.7724250288506,5
38,94,18.8595790789832,5
38,95,18.1882767964475,5
38,96,19.0911005162975,5
38,97,20.0275946518647,5
38,98,18.9936414670534,5
38,99,18.6251481440187,5
38,100,20.4980864851027,5
39,1,-0.432083621373569,1
39,2,0.439793920809146,1
39,3,0.100476385901223,1
39,4,1.11829414034165,1
39,5,-0.291155857353417,1
39,6,-0.00141020127149899,1
39,7,0.756532505548433,1
39,8,0.230540443745656,1
39,9,-0.764508637322516,1
39,10,0.0508611389563137,1
39,11,0.7236660920975,1
39,12,0.951893093161395,1
39,13,0.540542899939809,1
39,14,-0.141715383164176,1
39,15,-0.34830680537021,1
39,16,-0.178392583049813,1
39,17,-0.567461729831204,1
39,18,0.45644269672608,1
39,19,-0.375342199183291,1
39,20,-0.225182872137746,1
39,21,-0.409218719994178,1
39,22,-0.497238150697596,1
39,23,0.972792445063594,1
39,24,0.149147716392456,1
39,25,0.33713881027369,1
39,26,-0.0425579530567522,1
39,27,0.409602263783612,1
39,28,-0.565084353421338,1
39,29,-0.48105638140201,1
39,30,-0.165111857921886,1
39,31,0.447032420528356,1
39,32,0.627423753194393,1
39,33,-0.278356773050039,1
39,34,-0.321575655428574,1
39,35,-0.122095896584691,1
39,36,-0.522030577600609,1
39,37,-0.247759435679455,1
39,38,0.110987618170366,1
39,39,0.120830811138628,1
39,40,0.508177638769298,1
39,41,-0.117941042911427,1
39,42,-0.372361417486547,1
39,43,0.132063481830287,1
39,44,0.408427912664249,1
39,45,-0.771377491550752,1
39,46,0.644627970959634,1
39,47,-0.886631551436287,1
39,48,-0.646772132921722,1
39,49,0.607586207996713,1
39,50,1.14337423004511,1
39,51,-0.316770781665724,1
39,52,-0.117641611995575,1
39,53,0.00502380990401842,1
39,54,-0.0892050908525339,1
39,55,0.222066604569195,1
39,56,-0.146855602140146,1
39,57,0.13087298888503,1
39,58,-1.25764824926189,1
39,59,-0.218770604680327,1
39,60,-0.0899888154733438,1
39,61,1.05939224724251,1
39,62,1.42547777596155,1
39,63,0.971872459954033,1
39,64,0.749746125583184,1
39,65,-0.209977627836643,1
39,66,0.449854392577333,1
39,67,0.0328006703621085,1
39,68,-0.669945833469445,1
39,69,-0.436585607672186,1
39,70,0.0826634336600489,1
39,71,-0.167934414782132,1
39,72,0.441996521125569,1
39,73,0.0538111282077795,1
39,74,-0.0274655335877437,1
39,75,0.264141838917201,1
39,76,0.108606093294937,1
39,77,0.339531149666748,1
39,78,0.836191208590419,1
39,79,-0.85275221527888,1
39,80,-1.04301837696839,1
39,81,-0.399695054489639,1
39,82,0.0546369394290078,1
39,83,-0.0274914004716865,1
39,84,-0.295692382347251,1
39,85,-1.58952552687507,1
39,86,0.445016780325187,1
39,87,-0.485657188519361,1
39,88,-0.0965964642006546,1
39,89,1.09781745599258,1
39,90,-0.369875541816766,1
39,91,-0.342265266153114,1
39,92,-1.17129014221672,1
39,93,1.5966562965226,1
39,94,-0.566261090023966,1
39,95,0.355369233117154,1
39,96,-0.614755757459482,1
39,97,0.1780348165325,1
39,98,-0.506269068350904,1
39,99,0.0373835933491391,1
39,100,-0.310850497896976,1
40,1,11.9988736175715,8
40,2,10.5914683890904,8
40,3,11.0847618952958,8
40,4,10.3693727411517,8
40,5,8.3473828804158,9
40,6,8.31285131727,9
40,7,9.18547514040045,9
40,8,9.19968839973948,9
40,9,8.90026434794495,9
40,10,10.4513405199549,9
40,11,9.23712496198923,9
40,12,11.526564790437,8
40,13,11.0955530391611,8
40,14,9.12014409918696,9
40,15,11.2094756345266,8
40,16,10.7613460690334,8
40,17,10.8049553397985,8
40,18,10.8488198511595,8
40,19,8.8135607863706,9
40,20,8.95625649162751,9
40,21,8.68530331200118,9
40,22,8.94458571253795,9
40,23,8.72859419865985,9
40,24,8.70097392534316,9
40,25,9.21797943895507,9
40,26,17.4682753270509,11
40,27,16.4808440615242,11
40,28,16.3839354400778,11
40,29,17.792891857617,11
40,30,17.0824300337636,11
40,31,17.280249102407,11
40,32,10.7244211274751,8
40,33,10.8494016356129,8
40,34,10.519783808064,8
40,35,11.2658665141609,8
40,36,7.86020267917171,9
40,37,10.0540504200813,9
40,38,8.78590346740731,9
40,39,11.2360161102988,8
40,40,9.18870418068142,9
40,41,8.23457277267724,9
40,42,8.8567820884809,9
40,43,8.83273655913453,9
40,44,8.15650542877631,9
40,45,8.88610523271078,9
40,46,9.23702799591427,9
40,47,11.7929154668339,8
40,48,11.2391603569104,8
40,49,11.1438236353926,8
40,50,7.45726367009666,10
40,51,7.12213089891259,10
40,52,7.94475364971218,10
40,53,7.95761119005395,10
40,54,7.37006171934013,10
40,55,7.33370375118018,10
40,56,6.98953863962666,10
40,57,6.90612913359473,10
40,58,6.72130696845962,10
40,59,7.0076620781646,10
40,60,7.02635494421112,10
40,61,5.81053314553169,10
40,62,6.5355016232062,10
40,63,6.9423137285498,10
40,64,7.22919516823795,10
40,65,6.50038842593462,10
40,66,7.46682201364476,10
40,67,6.84334960713703,10
40,68,7.87614422095185,10
40,69,7.78324854193012,10
40,70,7.73859473881231,10
40,71,7.72306931327529,10
40,72,6.46047094328397,10
40,73,6.7040213454634,10
40,74,7.78008908576392,10
40,75,6.71890897232553,10
40,76,7.18145196213168,10
40,77,6.78415420479464,10
40,78,5.90915831732468,10
40,79,9.05289439425848,9
40,80,8.82936792594273,9
40,81,9.0507127223165,9
40,82,9.12728129117173,9
40,83,9.63646077391774,9
40,84,10.3578675464098,8
40,85,11.6003290022319,8
40,86,6.86804748192492,10
40,87,6.55269856909651,10
40,88,7.2054533471055,10
40,89,6.78345303622782,10
40,90,7.20847517545879,10
40,91,6.93818568568482,10
40,92,6.31885452160303,10
40,93,7.37073753203975,10
40,94,6.5919403508519,10
40,95,6.46306911003011,10
40,96,6.55134398650195,10
40,97,7.57529675666898,10
40,98,6.00103572174772,10
40,99,6.6762229573421,10
40,100,6.97612074105809,10
41,1,6.17407205045729,10
41,2,7.93945489045274,10
41,3,7.08841759472251,10
41,4,6.96201258263515,10
41,5,7.7744472034894,10
41,6,7.73325263579124,10
41,7,7.53134122189614,10
41,8,6.69658960690733,10
41,9,6.5924603367112,10
41,10,7.42215117569187,10
41,11,6.31607987380336,10
41,12,7.27409685689742,10
41,13,5.97276732301644,10
41,14,7.37098211580605,10
41,15,7.15553643177615,10
41,16,7.3864557701494,10
41,17,6.46940496891927,10
41,18,7.11510001622938,10
41,19,7.41751924122433,10
41,20,7.33229564579773,10
41,21,6.11495904882777,10
41,22,7.06268637713249,10
41,23,6.98151163338667,10
41,24,6.81774071437785,10
41,25,7.19523055842686,10
41,26,7.13857692837992,10
41,27,7.58137854113595,10
41,28,6.75518883976875,10
41,29,7.04601039984823,10
41,30,8.10238148978461,10
41,31,6.77059608295796,10
41,32,7.01580858543918,10
41,33,7.67560427769113,10
41,34,7.23157487374079,10
41,35,7.66444903452947,10
41,36,6.77530670899306,10
41,37,6.60967370076761,10
41,38,7.55869195033204,10
41,39,6.77400083915836,10
41,40,5.83785835732517,10
41,41,6.37675416984668,10
41,42,6.30694773655712,10
41,43,6.43496239694319,10
41,44,7.10084866411965,10
41,45,7.10703486868429,10
41,46,7.25040324189419,10
41,47,7.01156858270755,10
41,48,6.9568418355475,10
41,49,7.06201306081547,10
41,50,6.72087014558542,10
41,51,6.87556092035338,10
41,52,6.87853341001742,10
41,53,7.16818412342454,10
41,54,7.39915356409092,10
41,55,7.00743799824002,10
41,56,6.86198278287504,10
41,57,6.66489497169008,10
41,58,6.72060448027173,10
41,59,7.94768709096953,10
41,60,6.70035167269795,10
41,61,6.59648080432313,10
41,62,6.54549101828743,10
41,63,6.78005769915868,10
41,64,7.10868002951303,10
41,65,6.36232019615473,10
41,66,7.20340828601801,10
41,67,6.62273132727698,10
41,68,6.40516870202918,10
41,69,6.67061685362999,10
41,70,6.93682990826819,10
41,71,6.80541298864155,10
41,72,7.02159750068361,10
41,73,7.78709091646335,10
41,74,6.76064921483143,10
41,75,8.0455990899181,10
41,76,7.28108577087922,10
41,77,6.53584074611738,10
41,78,7.15077217011477,10
41,79,6.65201527550308,10
41,80,6.89150306858562,10
41,81,6.53603125211487,10
41,82,7.09732184229652,10
41,83,7.20631885193908,10
41,84,8.04378277798997,10
41,85,7.21870924051222,10
41,86,5.96633271817462,10
41,87,7.24574406265151,10
41,88,6.67191182398231,10
41,89,6.53748119409121,10
41,90,6.93052508280147,10
41,91,7.50083089731638,10
41,92,7.4015981988996,10
41,93,6.95215511929813,10
41,94,6.48229360851905,10
41,95,7.15666354108906,10
41,96,7.95093780878195,10
41,97,6.59245221035624,10
41,98,7.57167783722079,10
41,99,6.4326738420737,10
41,100,7.57425488505139,10
42,1,6.91080892054449,10
42,2,7.17298643867593,10
42,3,5.83355515926435,10
42,4,6.76410185081618,10
42,5,6.81871531669823,10
42,6,6.85050844791186,10
42,7,6.46647939333882,10
42,8,7.26939164386112,10
42,9,7.54611191597169,10
42,10,6.84042786299939,10
42,11,6.1055207721862,10
42,12,6.2951179629009,10
42,13,7.13367063623153,10
42,14,7.01122060160168,10
42,15,6.75740785822048,10
42,16,6.56341126608601,10
42,17,6.32829536322376,10
42,18,7.06425962860031,10
42,19,7.10886225687191,10
42,20,6.75927300232474,10
42,21,7.08717688932045,10
42,22,5.85159382611552,10
42,23,6.97206653418331,10
42,24,6.55249879576856,10
42,25,6.35750079558146,10
42,26,6.54397470257732,10
42,27,6.59737260912196,10
42,28,7.08803039003771,10
42,29,6.71643424839706,10
42,30,7.31286657071262,10
42,31,6.63425423626377,10
42,32,6.5838375353936,10
42,33,6.31590039795717,10
42,34,6.74948246344282,10
42,35,6.56513821925821,10
42,36,7.08492498701162,10
42,37,7.44529295623007,10
42,38,6.16261355184469,10
42,39,6.04460501995491,10
42,40,6.05518157598719,10
42,41,8.67149454918367,9
42,42,8.60377976734319,9
42,43,8.0625664901724,9
42,44,9.1005384077154,9
42,45,10.1460398658564,8
42,46,11.1715279332404,8
42,47,10.9753226967086,8
42,48,10.7968867195275,8
42,49,11.2193323230399,8
42,50,11.0252086448021,8
42,51,10.3718795926128,8
42,52,11.4388282768688,8
42,53,11.0992373967022,8
42,54,11.1686363434486,8
42,55,10.7592977609361,8
42,56,12.2415117963644,8
42,57,10.8633211082195,8
42,58,10.0679194634795,8
42,59,9.90476295038139,9
42,60,10.3477368248178,8
42,61,10.4991229807395,8
42,62,9.02450311220496,9
42,63,9.47772267670763,9
42,64,8.703759404325,9
42,65,9.71315796062109,9
42,66,6.51198169215257,10
42,67,7.26868538788721,10
42,68,6.16080805295168,10
42,69,6.38867375020353,10
42,70,6.74133809505761,10
42,71,5.95641308299308,10
42,72,8.39030831832484,10
42,73,8.03248403277111,10
42,74,6.74208247931203,10
42,75,7.35670062831908,10
42,76,6.43374804385847,10
42,77,6.69901373403144,10
42,78,7.44027845549608,10
42,79,7.44749813933706,10
42,80,6.85931406281502,10
42,81,7.11627065979617,10
42,82,7.14996636251854,10
42,83,7.17829261802536,10
42,84,7.07003317911611,10
42,85,6.74752367259845,10
42,86,7.61043741631331,10
42,87,7.21810032480304,10
42,88,7.38406785214423,10
42,89,6.98022477754811,10
42,90,5.85198129371577,10
42,91,7.52773696221905,10
42,92,6.9471753761166,10
42,93,7.55871061317533,10
42,94,7.41890004309876,10
42,95,7.65650501126732,10
42,96,7.29276680166461,10
42,97,7.11257625363402,10
42,98,6.68374891408975,10
42,99,7.04685878236236,10
42,100,7.05031500486368,10
43,1,19.098035131597,5
43,2,18.9915570051573,5
43,3,17.9970554969332,5
43,4,19.2938115104916,5
43,5,18.893851104455,5
43,6,19.0442453683928,5
43,7,19.6076057516665,5
43,8,18.9358053695265,5
43,9,19.7224908218656,5
43,10,18.6033165130805,5
43,11,19.4718588026285,5
43,12,19.3788617278316,5
43,13,18.8764781655893,5
43,14,18.285998410359,5
43,15,19.3060067422578,5
43,16,18.4063562483498,5
43,17,18.4414275855053,5
43,18,19.2824247521256,5
43,19,19.0945205008719,5
43,20,20.0515348002203,5
43,21,18.4859822387153,5
43,22,17.8007384939931,5
43,23,18.9604652617332,5
43,24,16.8821464151899,4
43,25,17.3654217919207,4
43,26,17.8990300289113,4
43,27,17.9244060251064,4
43,28,18.1035778639645,4
43,29,16.7799462640607,4
43,30,15.3300138219044,3
43,31,15.1233333839828,3
43,32,14.9841541786345,3
43,33,14.8406769503815,3
43,34,14.5372797637935,3
43,35,14.8791731800534,3
43,36,15.409107984953,3
43,37,15.4359704585721,3
43,38,15.1678069855868,3
43,39,14.5641620699151,3
43,40,14.7898307399344,3
43,41,15.5227898666546,3
43,42,15.4979798517074,3
43,43,15.4431353092261,3
43,44,14.9617576412051,3
43,45,13.8889930956128,3
43,46,15.6893015928874,3
43,47,15.0828714662037,3
43,48,16.035540564539,3
43,49,13.705620096863,6
43,50,12.1559163654728,6
43,51,12.8143504192116,6
43,52,13.0916612367726,6
43,53,15.114473467503,3
43,54,14.8614748752174,3
43,55,15.042944823799,3
43,56,17.459618787123,4
43,57,16.6424751655842,4
43,58,17.2932988256868,4
43,59,16.9589962279006,4
43,60,16.4677801515386,4
43,61,17.8323155262496,4
43,62,17.1802260405276,4
43,63,16.4972881963725,4
43,64,17.5382182574635,4
43,65,16.6386428241418,4
43,66,17.2759952919078,4
43,67,17.4472679113616,4
43,68,16.6618428496868,4
43,69,17.2139714946351,4
43,70,16.8952178534502,4
43,71,16.6929023780456,4
43,72,16.6114696774209,4
43,73,17.6593272251975,4
43,74,17.342126065575,4
43,75,16.9678386895785,4
43,76,16.935626329133,4
43,77,16.4460405993234,4
43,78,16.7038913427075,4
43,79,16.2544569232908,4
43,80,17.3685333134528,4
43,81,17.2656174858152,4
43,82,17.3015128130771,4
43,83,17.9371787224855,4
43,84,17.853809381678,4
43,85,17.0344901168198,4
43,86,16.8559243522217,4
43,87,17.5344334677884,4
43,88,15.9427784851347,4
43,89,17.0126175219113,4
43,90,16.3924015006687,4
43,91,17.0458335659707,4
43,92,15.0375547257115,3
43,93,14.7503891567791,3
43,94,13.7218290460338,6
43,95,13.8505530254817,6
43,96,13.1822100505605,6
43,97,12.9368812310385,6
43,98,12.9357200229327,6
43,99,13.7039368808414,6
43,100,12.7508117701192,6
44,1,12.8228240489248,7
44,2,13.6944394020053,7
44,3,13.4939211546438,7
44,4,13.8747797201429,7
44,5,13.7208055798142,7
44,6,13.5803609862433,7
44,7,14.2171271360309,7
44,8,13.6441887846184,7
44,9,13.5138377384348,7
44,10,14.0029643986683,7
44,11,13.6953158994039,7
44,12,14.2953111383755,7
44,13,13.0641392985433,7
44,14,13.4512451909927,7
44,15,13.6836630858596,7
44,16,14.8204094552626,7
44,17,13.7719316092339,7
44,18,13.4600810938043,7
44,19,14.066000793332,7
44,20,13.0582865693555,7
44,21,13.7664984474569,7
44,22,13.3107461168536,7
44,23,13.4810227901738,7
44,24,14.166648295285,7
44,25,13.498143434279,7
44,26,13.3752571204216,7
44,27,14.6455673705816,7
44,28,14.2508160918319,7
44,29,13.9185169542159,7
44,30,13.7467391174598,7
44,31,13.3728806006069,7
44,32,14.217645588804,7
44,33,14.1006559371424,7
44,34,14.0697193990929,7
44,35,14.3978924879353,7
44,36,13.7015376761894,7
44,37,13.9167283564361,7
44,38,13.0763070493469,7
44,39,14.1385111603011,7
44,40,13.4018050648586,7
44,41,14.063774959351,7
44,42,14.1726339383005,7
44,43,13.7313576832795,7
44,44,14.0733843077661,7
44,45,14.1407820217926,7
44,46,14.5134696792464,7
44,47,13.7959631016244,7
44,48,13.4267953255446,7
44,49,13.7533241842403,7
44,50,13.8427953958414,7
44,51,14.1916120758532,7
44,52,14.4928989007972,7
44,53,13.5091709428532,7
44,54,14.7493915262578,7
44,55,13.7941674366118,7
44,56,13.9466644628099,7
44,57,13.9424965110061,7
44,58,13.8308804874547,7
44,59,12.5934989647103,7
44,60,14.0321856181635,7
44,61,13.9925062511388,7
44,62,14.4205558771444,7
44,63,13.4086817706453,7
44,64,14.2338834652642,7
44,65,13.4340320931848,7
44,66,14.7352880014746,7
44,67,14.0085030965058,7
44,68,14.3253378818891,7
44,69,14.5393270343582,7
44,70,13.7632988628649,7
44,71,13.5372914708542,7
44,72,13.8215412457033,7
44,73,14.8801329247575,7
44,74,14.2958207022824,7
44,75,12.9665151813136,7
44,76,14.1924841365646,7
44,77,14.0384026989661,7
44,78,13.1059887242872,7
44,79,13.7428927186742,7
44,80,13.6650962354403,7
44,81,13.2709621246719,7
44,82,13.8214708932587,7
44,83,13.7803190007014,7
44,84,13.5015433772666,7
44,85,14.9339812504483,7
44,86,14.1818147317843,7
44,87,14.3006045041149,7
44,88,14.3097238127116,7
44,89,14.6265226087383,7
44,90,14.5303192997655,7
44,91,14.2787470189731,7
44,92,14.0297914932987,7
44,93,13.757962856902,7
44,94,15.0629116298801,7
44,95,13.4274785264197,7
44,96,14.2758137797479,7
44,97,13.3190834090016,7
44,98,13.7017868236922,7
44,99,14.0420477420983,7
44,100,13.0737952179571,7
45,1,13.3620560048363,6
45,2,12.812020268303,6
45,3,13.3468777822063,6
45,4,13.0337097141602,6
45,5,12.1941712528225,6
45,6,12.8937531351786,6
45,7,12.4400951097937,6
45,8,14.8034548782541,3
45,9,14.9331016500576,3
45,10,14.399635901527,3
45,11,15.2039483214348,3
45,12,15.3077078239498,3
45,13,15.4862996794365,3
45,14,14.9248833606747,3
45,15,12.9562682583389,6
45,16,12.7885592775144,6
45,17,12.6168369383563,6
45,18,12.6571906377704,6
45,19,12.4293584545404,6
45,20,13.1704143876657,6
45,21,12.6337186211828,6
45,22,13.3553976380596,6
45,23,12.5929802198832,6
45,24,12.8026645558408,6
45,25,12.5524838905739,6
45,26,12.8443274126457,6
45,27,12.6467841938895,6
45,28,15.1796588160569,3
45,29,14.7719458273788,3
45,30,15.4386875863007,3
45,31,15.1466496031217,3
45,32,15.0174802241698,3
45,33,14.2891554856179,3
45,34,14.6658248589092,3
45,35,14.7991278652003,3
45,36,15.1330929831736,3
45,37,14.9060967822668,3
45,38,14.916096165521,3
45,39,14.4492333424999,3
45,40,14.2033717422194,3
45,41,15.3784253697295,3
45,42,14.6567564088594,3
45,43,14.4027473046053,3
45,44,14.5568998057892,3
45,45,12.7622317864454,6
45,46,12.5305092067527,6
45,47,12.351787329438,6
45,48,13.3587819914589,6
45,49,12.6903215328923,6
45,50,15.5244788243246,3
45,51,14.0677045446208,3
45,52,15.2121688017273,3
45,53,14.6756196130417,3
45,54,15.2865752979642,3
45,55,17.722937726839,4
45,56,16.8187675992542,4
45,57,17.5242086643081,4
45,58,17.0202264503425,4
45,59,17.0830886554687,4
45,60,16.885784925931,4
45,61,17.2301658287754,4
45,62,16.9885181113794,4
45,63,17.3597430030349,4
45,64,16.4579156715803,4
45,65,16.9024954861764,4
45,66,16.8747377263324,4
45,67,17.1191136398013,4
45,68,16.5086425546613,4
45,69,16.9087215697524,4
45,70,17.6880746663767,4
45,71,16.6392329725042,4
45,72,16.7773404867034,4
45,73,17.5207578197253,4
45,74,18.2731656668596,4
45,75,16.5604275943957,4
45,76,16.8561960818614,4
45,77,16.391449913861,4
45,78,12.6019273056835,6
45,79,13.1300526848985,6
45,80,15.0971949403662,3
45,81,14.8308123762214,3
45,82,15.6241788581593,3
45,83,14.70401327079,3
45,84,14.7574842669803,3
45,85,14.8977515052294,3
45,86,13.6043959234637,6
45,87,13.2062697952696,6
45,88,12.6673285922494,6
45,89,13.0491415443531,6
45,90,12.7763307972077,6
45,91,13.0597981491707,6
45,92,12.8320380562879,6
45,93,13.8855645922991,6
45,94,12.7392662838049,6
45,95,13.8010269997098,6
45,96,13.5062747599153,6
45,97,13.2818964944369,6
45,98,12.3746325155037,6
45,99,12.6220299243429,6
45,100,12.7935050002345,6
46,1,17.7641136214334,4
46,2,15.7716300970615,4
46,3,16.534293756192,4
46,4,16.9682751388518,4
46,5,16.8025070538341,4
46,6,18.1670709737884,4
46,7,16.4862916535211,4
46,8,17.0916060437763,4
46,9,16.9343449598665,4
46,10,16.4955163346021,4
46,11,16.9094652074115,4
46,12,17.107522126069,4
46,13,16.0152282249367,4
46,14,17.0737971441206,4
46,15,17.0727524764275,4
46,16,16.4653395355486,4
46,17,14.3863405454181,3
46,18,14.7465195260285,3
46,19,12.150755647634,6
46,20,12.7571543955126,6
46,21,13.828785782022,6
46,22,14.9370414756752,3
46,23,15.4304652195955,3
46,24,12.8528689639188,6
46,25,13.3290853795843,6
46,26,15.5622245554097,3
46,27,14.9738394645775,3
46,28,14.9207749826896,3
46,29,12.2137803202361,6
46,30,12.81853505902,6
46,31,13.4643452934746,6
46,32,13.1346532513287,6
46,33,13.2322842065297,6
46,34,14.0889256112385,6
46,35,13.2670021603869,6
46,36,13.7278596292917,6
46,37,12.2526117077551,6
46,38,12.6823310614328,6
46,39,12.8897074466953,6
46,40,12.6324532015366,6
46,41,13.5599671984594,6
46,42,15.9453010670937,3
46,43,15.0275973744092,3
46,44,14.3904007776085,3
46,45,14.9244654680097,3
46,46,15.6085819615137,3
46,47,14.1477483959777,3
46,48,15.2101028913173,3
46,49,15.8295550858294,3
46,50,15.1073686253002,3
46,51,16.053831241732,3
46,52,14.8963871471373,3
46,53,13.5987004685307,6
46,54,12.3980506107308,6
46,55,12.8975076434458,6
46,56,12.6222847259574,6
46,57,13.1000445456223,6
46,58,13.7591717304138,6
46,59,12.9565312290293,6
46,60,12.2525336560899,6
46,61,13.9383992924189,3
46,62,13.8208567163446,6
46,63,13.7476236130921,6
46,64,13.507632890504,6
46,65,12.8304378546339,6
46,66,12.5654683422354,6
46,67,12.5696795128293,6
46,68,15.4275832083725,3
46,69,14.3552985729948,3
46,70,14.8470103110585,3
46,71,15.84926663799,3
46,72,15.4000858442449,3
46,73,13.0044018841624,6
46,74,13.3416053788167,6
46,75,13.0319580913472,6
46,76,13.3904867575992,6
46,77,13.5611875425896,6
46,78,13.8329891460052,6
46,79,12.2082637556847,6
46,80,13.3787465128523,6
46,81,13.5892006362243,6
46,82,13.3078427573545,6
46,83,12.6842078939311,6
46,84,12.7748333779187,6
46,85,13.3279804268366,6
46,86,13.9766357694127,6
46,87,12.8008987185195,6
46,88,13.1366014394683,6
46,89,13.4026519575341,6
46,90,13.9849499421582,6
46,91,12.2788039633707,6
46,92,13.3115973851608,6
46,93,12.5750203969063,6
46,94,13.3248636641458,6
46,95,12.929927496388,6
46,96,12.4761853438637,6
46,97,12.4409336771188,6
46,98,13.4405667202885,6
46,99,13.1624884210906,6
46,100,12.108485064506,6
47,1,17.5900488588826,4
47,2,17.7724798736444,4
47,3,16.931152025655,4
47,4,16.7715626195993,4
47,5,17.6960418078301,4
47,6,16.5013580751939,4
47,7,15.9173050976391,4
47,8,16.7027803473193,4
47,9,16.4422822403507,4
47,10,16.627488488162,4
47,11,17.2922841919114,4
47,12,17.3540823486055,4
47,13,17.6227123210218,4
47,14,17.1262188541649,4
47,15,14.3143105343971,3
47,16,14.8431955368512,3
47,17,14.8581992103083,3
47,18,14.7694285647775,3
47,19,14.9459743842248,3
47,20,12.4454494082729,6
47,21,13.4600794986012,6
47,22,12.6804749642286,6
47,23,12.9525477359417,6
47,24,12.3856009101796,6
47,25,12.9688014660131,6
47,26,12.5665676605894,6
47,27,16.9557004597914,4
47,28,17.1071308076497,4
47,29,16.7055124297974,4
47,30,17.407664833936,4
47,31,17.2085752276053,4
47,32,18.2342214539928,4
47,33,16.176694843012,4
47,34,17.9111227863025,4
47,35,16.5610654015558,4
47,36,17.1634420842208,4
47,37,17.5316114171579,4
47,38,17.2158228812762,4
47,39,16.9433447976366,4
47,40,16.3332116722061,4
47,41,17.5575772528839,4
47,42,16.4574545506337,4
47,43,16.9317373171867,4
47,44,17.2568143765693,4
47,45,14.7581310971855,3
47,46,15.1867173274633,3
47,47,12.3537757325618,6
47,48,13.0047140104126,6
47,49,13.9087833727409,6
47,50,13.0214929279856,6
47,51,13.5380625540127,6
47,52,12.5810085660375,6
47,53,12.5955601729856,6
47,54,14.077196483112,6
47,55,13.150270503468,6
47,56,13.4217744814465,6
47,57,12.6992607454433,6
47,58,14.8836572384984,3
47,59,15.2264433646544,3
47,60,15.3039589904894,3
47,61,15.1515634643889,3
47,62,15.3528829444434,3
47,63,13.5389675767594,6
47,64,12.4981213779755,6
47,65,12.7158374816402,6
47,66,11.9967956936332,6
47,67,13.3961424069371,6
47,68,13.1260339582168,6
47,69,13.0963066609799,6
47,70,13.1236707374145,6
47,71,13.4661401619325,6
47,72,13.4270475015236,6
47,73,12.0745205974064,6
47,74,13.0802861353105,6
47,75,12.5836022385314,6
47,76,11.7404555188028,6
47,77,13.3151444137072,6
47,78,15.8455081753301,3
47,79,15.007941132711,3
47,80,15.4107183070919,3
47,81,14.8360069712248,3
47,82,15.6826311603818,3
47,83,16.1691832363256,3
47,84,15.0528877930427,3
47,85,15.6314429798622,3
47,86,15.5579985887508,3
47,87,14.903957495763,3
47,88,15.9005602574774,3
47,89,15.1185643199037,3
47,90,15.9728633384911,3
47,91,15.7334464233397,3
47,92,15.6788166647318,3
47,93,14.4362860384166,3
47,94,15.0819378773888,3
47,95,15.3708709727022,3
47,96,15.2685694524314,3
47,97,14.7528164363379,3
47,98,12.3560060767054,6
47,99,12.7987461297588,6
47,100,13.1081731752442,6
48,1,12.9938794905944,6
48,2,13.3044567361029,6
48,3,13.1340165386476,6
48,4,12.6414592127652,6
48,5,12.8657796384368,6
48,6,13.1050115161596,6
48,7,12.5495195868194,6
48,8,12.5287003601957,6
48,9,15.4109749616346,3
48,10,15.0675294101539,3
48,11,12.6390207216469,6
48,12,12.6175002394225,6
48,13,12.8565840488974,6
48,14,13.1846257672238,6
48,15,13.1185555837354,6
48,16,12.1528566652614,6
48,17,12.8898745288084,6
48,18,12.2818507645518,6
48,19,12.9299112657238,6
48,20,12.5158199456203,6
48,21,14.218212844844,6
48,22,13.2013646248016,6
48,23,13.5579449331699,6
48,24,12.852158240357,6
48,25,13.2809196934524,6
48,26,12.7405304651828,6
48,27,12.7155293116871,6
48,28,12.9840454151571,6
48,29,12.9730661780586,6
48,30,13.7524938127969,6
48,31,15.5397122003859,3
48,32,14.611408029094,3
48,33,14.7638400294675,3
48,34,15.5670877471097,3
48,35,16.9381123944779,4
48,36,17.1447928070687,4
48,37,17.069164439293,4
48,38,16.4081408056782,4
48,39,16.992594785533,4
48,40,16.4289893927459,4
48,41,17.3520301033573,4
48,42,16.5173223032631,4
48,43,16.1485134553487,4
48,44,17.1554445290237,4
48,45,16.7533406307699,4
48,46,16.7048275169936,4
48,47,16.4341937675993,4
48,48,17.0027477745845,4
48,49,17.7489092248262,4
48,50,15.1082791101082,3
48,51,14.0247484382769,3
48,52,14.438891207723,3
48,53,14.971292782901,3
48,54,14.3339305822696,3
48,55,14.4167035532137,3
48,56,14.5550523578349,3
48,57,14.4288989041369,3
48,58,14.8438878012953,3
48,59,15.2548551559554,3
48,60,13.5595698906249,3
48,61,14.1967303274251,3
48,62,14.7885560527333,3
48,63,14.3776627350012,3
48,64,14.9065854033313,3
48,65,15.6402204963559,3
48,66,14.381625254154,3
48,67,15.4667437824052,3
48,68,16.2665302721137,3
48,69,15.100418184608,3
48,70,13.5823644136527,6
48,71,12.742117944417,6
48,72,12.8510901221419,6
48,73,13.3047046208123,6
48,74,14.8095373427062,3
48,75,15.3460273660722,3
48,76,15.5696482494001,3
48,77,14.3205964135199,3
48,78,15.5223206150796,3
48,79,15.4103186473628,3
48,80,15.0687665339993,3
48,81,17.4528449954957,4
48,82,15.1224359709723,3
48,83,16.6583937792372,4
48,84,16.9392449066402,4
48,85,16.6806834012874,4
48,86,15.8921194664352,4
48,87,17.2983428168291,4
48,88,17.2328826398079,4
48,89,16.4212521220323,4
48,90,16.9881568726697,4
48,91,16.4034266955659,4
48,92,17.4020392094955,4
48,93,17.1321977904064,4
48,94,17.2301934735132,4
48,95,17.360307868685,4
48,96,17.3150603982428,4
48,97,13.7435337216018,3
48,98,15.041289460631,3
48,99,15.0697843808048,3
48,100,14.7824223695084,3
49,1,14.086594206685,3
49,2,13.6159017092677,3
49,3,14.7689369583322,3
49,4,15.5330379603588,3
49,5,14.3603443074324,3
49,6,15.3275755696055,3
49,7,15.3970655169855,3
49,8,13.9588546372561,6
49,9,12.6799093726958,6
49,10,13.2376053765403,6
49,11,12.1827140854604,6
49,12,13.3237504449754,6
49,13,12.6008164804907,6
49,14,11.6970086329156,6
49,15,13.6801713476156,6
49,16,12.5379448209331,6
49,17,12.9261178372562,6
49,18,12.7486818555621,6
49,19,12.7566556732189,6
49,20,11.9862882763542,6
49,21,15.403512771024,3
49,22,17.7740845542922,4
49,23,16.4533653766863,4
49,24,16.3821152965452,4
49,25,17.0659984416551,4
49,26,16.8592874218494,4
49,27,16.6639200429422,4
49,28,17.1960863859178,4
49,29,17.3207402302442,4
49,30,14.8170660656754,3
49,31,15.5086281987031,3
49,32,14.7414266035515,3
49,33,14.8952806271635,3
49,34,15.248143934068,3
49,35,14.9784100743655,3
49,36,15.0383590469848,3
49,37,15.0283453071661,3
49,38,15.9435095767673,3
49,39,15.9675515929621,3
49,40,13.0380554975862,6
49,41,12.9690805749013,6
49,42,12.4053557355055,6
49,43,13.0028824836352,6
49,44,15.5212186210899,3
49,45,15.4224350849327,3
49,46,14.2542345344771,3
49,47,12.924554883612,6
49,48,13.6088220875304,6
49,49,12.914859520385,6
49,50,12.8378418256299,6
49,51,15.0780718122461,3
49,52,14.7270009043515,3
49,53,14.82152449746,3
49,54,15.5851655071907,3
49,55,14.9041512838467,3
49,56,15.230513201647,3
49,57,15.6071813559876,3
49,58,14.7572501645285,3
49,59,15.4291552292056,3
49,60,14.7087926265925,3
49,61,14.2623232960731,3
49,62,13.4128941815787,6
49,63,12.8016875670473,6
49,64,12.5612482083378,6
49,65,12.3265780623424,6
49,66,13.2100862769906,6
49,67,13.5084986153757,6
49,68,12.5035368712815,6
49,69,12.2453732119866,6
49,70,13.1095475379279,6
49,71,11.8731970698861,6
49,72,12.4320155086316,6
49,73,15.1612456323381,3
49,74,15.6483882956259,3
49,75,13.2137459987122,6
49,76,12.6096008807796,6
49,77,13.3152085575,6
49,78,13.0439964916783,6
49,79,12.2087412098158,6
49,80,13.6916500019826,6
49,81,11.8759708934634,6
49,82,12.5676586698697,6
49,83,13.04706168371,6
49,84,12.4861430395752,6
49,85,12.7253710376767,6
49,86,12.4187857185579,6
49,87,14.1082486981403,6
49,88,13.2623760265494,6
49,89,13.2395659405079,6
49,90,13.3878718919514,6
49,91,13.3457121129842,6
49,92,12.6306896872951,6
49,93,13.3787739963133,6
49,94,15.5989602998308,3
49,95,16.0045875123543,3
49,96,15.0105515228545,3
49,97,14.6226818780329,3
49,98,14.5212113229155,3
49,99,15.2928604954635,3
49,100,14.2890810367205,3
50,1,13.7655440700712,7
50,2,13.6098843562302,7
50,3,13.6968836806067,7
50,4,14.0863106193423,7
50,5,12.8426763632166,7
50,6,14.3094047511052,7
50,7,14.6833781208405,7
50,8,14.4370557963825,7
50,9,14.2282033224084,7
50,10,13.2358099116045,7
50,11,13.982241200532,7
50,12,13.2164342666268,7
50,13,14.3907704446961,7
50,14,13.448491867458,7
50,15,13.9611922803121,7
50,16,14.4106132972589,7
50,17,13.7719269419259,7
50,18,14.1427440895231,7
50,19,13.2645203706542,7
50,20,13.6757943041867,7
50,21,13.9768419245736,7
50,22,13.9193227156169,7
50,23,14.006385011969,7
50,24,14.5732484852049,7
50,25,13.8159890217336,7
50,26,14.3830184728609,7
50,27,13.2009052875441,7
50,28,14.7258782035598,7
50,29,14.2002308658314,7
50,30,13.4672995372664,7
50,31,14.1354383886001,7
50,32,14.7200152373842,7
50,33,14.4000269420076,7
50,34,14.6667768274612,7
50,35,13.7335627241505,7
50,36,14.5119325543038,7
50,37,15.0411990529392,7
50,38,13.8802558682219,7
50,39,13.3998821931481,7
50,40,13.6308055334085,7
50,41,13.8137069606629,7
50,42,13.8439719919874,7
50,43,13.9228384845674,7
50,44,14.0333311462517,7
50,45,13.6831078949453,7
50,46,13.8678505989683,7
50,47,13.689749642022,7
50,48,14.6788093203625,7
50,49,14.8709439029285,7
50,50,13.8318393011312,7
50,51,14.3615227414275,7
50,52,13.9841956621735,7
50,53,14.4476444094376,7
50,54,14.5034944451678,7
50,55,14.1953107413436,7
50,56,14.1103548160631,7
50,57,14.1419410709237,7
50,58,14.4562406483705,7
50,59,14.0692049843055,7
50,60,14.2910772883124,7
50,61,13.7238320124643,7
50,62,13.8707038591749,7
50,63,14.4968855101543,7
50,64,13.1574129249484,7
50,65,13.7794560417021,7
50,66,14.2308127829085,7
50,67,13.908003673479,7
50,68,15.0192702322196,7
50,69,13.9294435431259,7
50,70,14.2716646901292,7
50,71,13.3947976116433,7
50,72,13.6306566590951,7
50,73,13.5732332912254,7
50,74,14.4958624142151,7
50,75,13.4333886226308,7
50,76,14.4765180218196,7
50,77,12.9724989928656,7
50,78,14.0519130686853,7
50,79,14.037463538176,7
50,80,13.1165684418619,7
50,81,13.8707215398557,7
50,82,14.0775397939296,7
50,83,14.3729246669861,7
50,84,13.0245038945416,7
50,85,14.1333898540861,7
50,86,13.5743187892624,7
50,87,13.7842043558198,7
50,88,14.376867269048,7
50,89,13.9024886549552,7
50,90,13.4632871862314,7
50,91,14.7294683525473,7
50,92,13.318301535697,7
50,93,13.3176662896301,7
50,94,13.7794948605034,7
50,95,13.7440036296826,7
50,96,13.7332258477586,7
50,97,13.827455298883,7
50,98,13.7490043797896,7
50,99,13.8860557871609,7
50,100,13.8747228859202,7
51,1,18.878865469175,5
51,2,19.872691753796,5
51,3,18.7470644829484,5
51,4,18.4533061370173,5
51,5,18.4869419157159,5
51,6,18.2292570261349,5
51,7,19.1913281144806,5
51,8,19.0825154096192,5
51,9,19.0689320310549,5
51,10,19.2870340638422,5
51,11,18.9831964999254,5
51,12,19.567775073329,5
51,13,18.1681420297154,5
51,14,18.8383490479482,5
51,15,19.1718179357693,5
51,16,19.2543596402023,5
51,17,18.4587721859373,5
51,18,18.7090443356175,5
51,19,18.7570757081532,5
51,20,19.4231142744524,5
51,21,19.6108419620675,5
51,22,19.2572801556112,5
51,23,18.5246041171846,5
51,24,18.5630831132399,5
51,25,18.8039026474417,5
51,26,18.7500724383576,5
51,27,19.1095541674638,5
51,28,19.322962158573,5
51,29,19.0942039415081,5
51,30,19.3394775636226,5
51,31,18.4838264648593,5
51,32,19.3229489502574,5
51,33,18.8815737737598,5
51,34,19.6158837359731,5
51,35,18.9842730140284,5
51,36,18.4331663707817,5
51,37,18.5509637848694,5
51,38,18.72212199598,5
51,39,19.1992254460724,5
51,40,19.296664120368,5
51,41,18.9717124995301,5
51,42,18.2491161437138,5
51,43,20.3501808481644,5
51,44,18.5874967139697,5
51,45,19.2298145319657,5
51,46,18.571291375002,5
51,47,18.6465903909706,5
51,48,18.4360254734103,5
51,49,19.0743898821177,5
51,50,19.2695061119398,5
51,51,19.0782603907524,5
51,52,18.4811254136932,5
51,53,19.0090450380253,5
51,54,17.9239163115965,5
51,55,19.8802296909085,5
51,56,19.3860961828127,5
51,57,19.6373442587084,5
51,58,19.339547496861,5
51,59,19.0347973325437,5
51,60,20.202367498477,5
51,61,18.605633840785,5
51,62,18.4929046675388,5
51,63,18.8348268703031,5
51,64,19.5043648485485,5
51,65,19.4425357131504,5
51,66,19.1352904811324,5
51,67,18.9347074766443,5
51,68,19.0725815047905,5
51,69,17.308144556197,5
51,70,18.6753476085704,5
51,71,18.9720372935641,5
51,72,18.632726140328,5
51,73,18.5068666860663,5
51,74,20.1546955695645,5
51,75,18.5332955142179,5
51,76,19.5333100888713,5
51,77,18.8842272463135,5
51,78,19.1671338965097,5
51,79,19.163640894088,5
51,80,18.3940880750067,5
51,81,18.9255262354592,5
51,82,18.99574470979,5
51,83,19.4308893711083,5
51,84,18.6590606053113,5
51,85,18.4699808712162,5
51,86,19.0516989368161,5
51,87,18.8436123125842,5
51,88,19.0792092415738,5
51,89,19.3676477979976,5
51,90,17.985132098514,5
51,91,18.8995232749156,5
51,92,18.5386214348666,5
51,93,19.8435028646114,5
51,94,18.8772662723864,5
51,95,19.4111464626021,5
51,96,17.8401548464598,5
51,97,18.4749512145965,5
51,98,18.3652910659434,5
51,99,18.9138540654976,5
51,100,17.9637063638238,5
52,1,13.755920968159,7
52,2,13.6160513725015,7
52,3,13.6693204524249,7
52,4,14.787987446354,7
52,5,13.6527950357799,7
52,6,13.1155461815716,7
52,7,14.1818914452416,7
52,8,14.1736597472227,7
52,9,14.8378142938003,7
52,10,13.891518516065,7
52,11,14.6995115488311,7
52,12,14.0902106265286,7
52,13,13.9115149331473,7
52,14,13.4938528824652,7
52,15,13.9877378613357,7
52,16,13.6904736008953,7
52,17,14.3298718809961,7
52,18,14.4502115128641,7
52,19,14.3732006706652,7
52,20,14.0695319319647,7
52,21,13.284654555807,7
52,22,14.7399435185041,7
52,23,14.3985510298318,7
52,24,13.6073141408242,7
52,25,12.7075204818986,7
52,26,13.8958307027924,7
52,27,14.2112138710204,7
52,28,13.3713602055721,7
52,29,13.5356189476629,7
52,30,13.9407226508653,7
52,31,13.5020655769642,7
52,32,13.450094053617,7
52,33,14.2843149817874,7
52,34,13.5687795965593,7
52,35,14.9262238504792,7
52,36,12.6113321145249,7
52,37,14.7459117204762,7
52,38,14.4916659735367,7
52,39,12.9580051168447,7
52,40,14.4958695231658,7
52,41,13.8507793815078,7
52,42,14.1746109584905,7
52,43,13.7146952885574,7
52,44,13.7517936278818,7
52,45,13.9618638093011,7
52,46,14.3122074465652,7
52,47,13.7574879808302,7
52,48,14.5130480687746,7
52,49,14.6330065397734,7
52,50,13.5785683195279,7
52,51,13.4931912024013,7
52,52,14.2634002136468,7
52,53,14.0020048790521,7
52,54,13.9100958008445,7
52,55,13.875433323144,7
52,56,14.3255345158407,7
52,57,14.4484918206952,7
52,58,13.5881466642409,7
52,59,13.654926658811,7
52,60,14.2800798687366,7
52,61,13.3814207201566,7
52,62,14.3976049459572,7
52,63,13.903572182515,7
52,64,14.1015279629867,7
52,65,14.819094648004,7
52,66,14.5275117268958,7
52,67,14.3480901017704,7
52,68,14.047056051913,7
52,69,13.6315552555474,7
52,70,13.6830256939834,7
52,71,13.4622092480606,7
52,72,13.0757837322944,7
52,73,13.6530232862806,7
52,74,14.4640564073402,7
52,75,14.4514402076331,7
52,76,12.6694774209156,7
52,77,13.0992252814964,7
52,78,13.6560900117923,7
52,79,13.5866605585095,7
52,80,14.4856859143466,7
52,81,13.3317641288655,7
52,82,14.7328068078146,7
52,83,14.3944072113729,7
52,84,13.4881051476509,7
52,85,14.5031819431446,7
52,86,13.7913837008275,7
52,87,13.7862139075913,7
52,88,14.8263429557606,7
52,89,13.8006218855374,7
52,90,13.0847008500354,7
52,91,13.6718878564373,7
52,92,13.900038704781,7
52,93,14.0697971930959,7
52,94,13.8919030027465,7
52,95,13.8902658613462,7
52,96,13.9848853901969,7
52,97,14.7780962710742,7
52,98,13.5498109551775,7
52,99,13.2759825212482,7
52,100,14.0152477899216,7
53,1,17.367208348756,11
53,2,17.3459902852304,11
53,3,17.3177908184898,11
53,4,16.771244544974,11
53,5,17.3430430950095,11
53,6,17.0787788214648,11
53,7,17.0153989526741,11
53,8,17.5124417057334,11
53,9,16.9695168261322,11
53,10,17.8573212424236,11
53,11,16.3845469921285,11
53,12,16.9911504390764,11
53,13,17.0640989835725,11
53,14,16.2795024623216,11
53,15,17.1888270284211,11
53,16,16.7532330293956,11
53,17,17.021957077123,11
53,18,16.4951054254731,11
53,19,16.4092314116143,11
53,20,16.4600640775755,11
53,21,16.3514921452925,11
53,22,16.3469424085979,11
53,23,16.6941287613472,11
53,24,17.9557752387609,11
53,25,17.0001020797548,11
53,26,16.144715830069,11
53,27,17.181247644149,11
53,28,16.7536166679262,11
53,29,17.1338767932744,11
53,30,19.7876862907946,12
53,31,18.9058326014229,12
53,32,19.391142131568,12
53,33,19.5499018634071,12
53,34,20.1259876506849,12
53,35,19.3785013525075,12
53,36,18.9901105244286,12
53,37,19.4277635266952,12
53,38,19.9637233070713,12
53,39,18.9998871153817,12
53,40,18.7909100932365,12
53,41,19.282217954302,12
53,42,19.2253713496402,12
53,43,18.7412965816466,12
53,44,19.2733254905036,12
53,45,18.8654945728482,12
53,46,18.6077029078701,12
53,47,18.5698469873399,12
53,48,19.9510758290882,12
53,49,19.2714997468862,12
53,50,19.1220773282339,12
53,51,18.7582388511833,12
53,52,19.0598655682925,12
53,53,19.5642251853957,12
53,54,18.5485170857237,12
53,55,17.9082764957845,12
53,56,19.1782019189336,12
53,57,18.3104132449772,12
53,58,18.5307491319784,12
53,59,18.6855965365058,12
53,60,18.6688078986648,12
53,61,18.5677740023834,12
53,62,19.4418206039862,12
53,63,18.2574532166886,12
53,64,18.587336748204,12
53,65,19.1284077986166,12
53,66,18.4166528409275,12
53,67,18.6724675105267,12
53,68,18.4932800461623,12
53,69,19.8678950695497,12
53,70,18.3757403568793,12
53,71,18.6425197055147,12
53,72,19.3714515753115,12
53,73,19.3393104045204,12
53,74,19.8867566795841,12
53,75,18.8774952370728,12
53,76,18.2791388554265,12
53,77,18.8361890614166,12
53,78,19.1145086315839,12
53,79,18.1190490651027,12
53,80,18.8671549536387,12
53,81,19.0511506135103,12
53,82,19.5430130364137,12
53,83,18.9546304283288,12
53,84,19.083255519761,12
53,85,18.747048601442,12
53,86,19.0173810941979,12
53,87,18.6334383231992,12
53,88,16.7025088948924,11
53,89,18.0515719160448,11
53,90,10.2669308650523,8
53,91,12.2075118921588,8
53,92,11.6919905675342,8
53,93,10.616986331416,8
53,94,11.3654828424748,8
53,95,11.3331310855112,8
53,96,10.5870655011138,8
53,97,11.3445151890896,8
53,98,10.0173608356545,2
53,99,10.2207776959414,2
53,100,9.98713569829294,2
54,1,19.2716510524765,5
54,2,19.0629084218005,5
54,3,18.9702260608636,5
54,4,19.2048455504762,5
54,5,20.1115992687697,5
54,6,17.9144704933294,5
54,7,19.5481288609713,5
54,8,19.1096045052977,5
54,9,18.1260150477266,5
54,10,18.2097049426011,5
54,11,18.4895388984168,5
54,12,18.6370247361583,5
54,13,19.3285599058459,5
54,14,18.7949391403366,5
54,15,20.547224106195,5
54,16,18.7406453426619,5
54,17,18.4643951996123,5
54,18,18.6895700883904,5
54,19,19.8500226170315,5
54,20,18.4145764564553,5
54,21,19.6169312888425,5
54,22,19.4608118981973,5
54,23,19.2098192659465,5
54,24,18.389785070997,5
54,25,18.9952818992118,5
54,26,18.9010256084466,5
54,27,18.9342185183296,5
54,28,18.2131961467323,5
54,29,18.8329835469869,5
54,30,18.6217716441486,5
54,31,19.1972143410641,5
54,32,19.3884530665997,5
54,33,19.8938774781992,5
54,34,18.3910662757697,5
54,35,20.096673185098,5
54,36,19.022119574659,5
54,37,18.7877014887046,5
54,38,18.0259526575383,5
54,39,18.6716727806999,5
54,40,19.4279404854401,5
54,41,19.861330195287,5
54,42,18.1902754560653,5
54,43,17.6804705433898,5
54,44,20.0089567582731,5
54,45,18.7217986034976,5
54,46,19.1956072027946,5
54,47,18.9963905612507,5
54,48,18.694861650999,5
54,49,19.3007428237522,5
54,50,19.3461363217667,5
54,51,19.3139307570183,5
54,52,19.4981323472947,5
54,53,19.3508088186768,5
54,54,19.7573103297129,5
54,55,18.8213052346165,5
54,56,19.2770525772008,5
54,57,18.3436204422211,5
54,58,19.4300407304664,5
54,59,19.558621607743,5
54,60,19.2924164856107,5
54,61,18.8748723268549,5
54,62,18.6872119496536,5
54,63,18.5004374163147,5
54,64,18.1765026740858,5
54,65,19.4111955397459,5
54,66,19.213858292192,5
54,67,18.665530819868,5
54,68,18.8876394204694,5
54,69,19.6683729481591,5
54,70,18.2495457104108,5
54,71,19.9611233517063,5
54,72,18.8775643664284,5
54,73,18.9952535433157,5
54,74,19.4390003773359,5
54,75,19.338484504308,5
54,76,19.7423577328198,5
54,77,18.8194351951167,5
54,78,19.1503073483529,5
54,79,18.212735671048,5
54,80,18.9454656792393,5
54,81,17.7225371894641,5
54,82,18.9823766504424,5
54,83,18.6174109006326,5
54,84,18.8198008368915,5
54,85,18.7727612569836,5
54,86,19.3029018178719,5
54,87,18.8992508689584,5
54,88,18.8211200669287,5
54,89,19.203446035312,5
54,90,18.4231741015439,5
54,91,18.2180435758952,5
54,92,18.7667548124898,5
54,93,18.517670043624,5
54,94,18.9750594365714,5
54,95,18.8730037501905,5
54,96,18.6020485222589,5
54,97,19.2532976436506,5
54,98,18.5853406577991,5
54,99,20.3372824893058,5
54,100,19.2224051292242,5
55,1,15.0445657544514,7
55,2,13.7595781277419,7
55,3,14.1777088061187,7
55,4,13.6851370403021,7
55,5,14.9249846309253,7
55,6,13.426576609796,7
55,7,14.1671835707043,7
55,8,13.6409788131529,7
55,9,13.4579302566773,7
55,10,14.2593129006234,7
55,11,13.3778064030831,7
55,12,13.8935602108925,7
55,13,14.2242241249036,7
55,14,14.028171339268,7
55,15,15.1983981830094,7
55,16,12.9825001916166,7
55,17,14.39298446676,7
55,18,14.6117975009712,7
55,19,13.1606062443043,7
55,20,14.651534886148,7
55,21,13.2782745457705,7
55,22,13.8307689505651,7
55,23,13.9375255304499,7
55,24,13.6022858462387,7
55,25,14.8686257004812,7
55,26,14.0974816313997,7
55,27,14.1454240098226,7
55,28,14.1245130610942,7
55,29,13.9276419228408,7
55,30,14.0671002408648,7
55,31,14.0497859634943,7
55,32,13.5796500406242,7
55,33,13.3395644930098,7
55,34,13.6882091889791,7
55,35,14.3246839001241,7
55,36,14.1582422170384,7
55,37,14.3251796663921,7
55,38,13.7846382500365,7
55,39,13.5877732875492,7
55,40,13.8033356891841,7
55,41,14.57788117199,7
55,42,14.0532683408721,7
55,43,14.5730805012239,7
55,44,13.8965553790058,7
55,45,14.511071386524,7
55,46,13.8811134275955,7
55,47,13.0589249136909,7
55,48,14.1313376012539,7
55,49,14.7520319370108,7
55,50,14.5642371696923,7
55,51,14.7077434077274,7
55,52,13.6196012857506,7
55,53,14.1266329906794,7
55,54,15.2178188667458,7
55,55,14.3531998861203,7
55,56,13.9332600530693,7
55,57,13.1259790898725,7
55,58,14.8100336166457,7
55,59,13.2996219061866,7
55,60,13.1092858504978,7
55,61,13.914665140613,7
55,62,14.1182313690148,7
55,63,14.6751444515003,7
55,64,13.5849586355186,7
55,65,13.6535274884293,7
55,66,13.5610000233051,7
55,67,14.3098804542439,7
55,68,13.3915971357356,7
55,69,13.8827263680987,7
55,70,13.5856307748674,7
55,71,13.6130076972504,7
55,72,14.5551090763748,7
55,73,13.8590225692191,7
55,74,14.2961912880398,7
55,75,13.5241573913239,7
55,76,13.5517820356458,7
55,77,14.2502300294701,7
55,78,13.8583466396935,7
55,79,14.8065562363892,7
55,80,13.703005622698,7
55,81,14.7804175229731,7
55,82,14.0663381181753,7
55,83,14.5523095093334,7
55,84,13.9826807763895,7
55,85,13.7600069078346,7
55,86,13.1128172591147,7
55,87,13.777448992026,7
55,88,14.5760867822976,7
55,89,13.7994018040447,7
55,90,14.2563582054806,7
55,91,13.7999424913154,7
55,92,14.9782034368866,7
55,93,13.7466384151394,7
55,94,13.6125100874146,7
55,95,14.2763320244747,7
55,96,13.4373968229447,7
55,97,14.0247810583963,7
55,98,13.6791092573895,7
55,99,13.5919919073657,7
55,100,14.711820757798,7
56,1,6.65051891934545,10
56,2,7.17113952122782,10
56,3,6.76801589080751,10
56,4,7.93448924551707,10
56,5,8.65836991055892,9
56,6,11.5107408762667,8
56,7,9.71458008391738,8
56,8,8.52117742770511,9
56,9,11.6526247568567,8
56,10,10.175700010088,2
56,11,9.85634789462982,2
56,12,10.1041970555786,2
56,13,10.0842518570403,2
56,14,10.078459194599,2
56,15,9.57253453841111,2
56,16,10.4394803285139,2
56,17,9.88945418473675,2
56,18,10.3661795357146,2
56,19,9.64514555178932,2
56,20,10.2443569115301,2
56,21,9.732727339743,2
56,22,16.7442037078149,11
56,23,18.2893628114102,11
56,24,17.0161090599503,11
56,25,11.3548067563004,8
56,26,10.922764814442,8
56,27,10.7420719403688,8
56,28,10.8415523900171,8
56,29,11.2624369666224,8
56,30,10.4414869815277,8
56,31,9.21086529853557,9
56,32,8.18947388083571,9
56,33,8.82999693492986,9
56,34,7.74599206446384,9
56,35,9.20760721340411,9
56,36,9.28553531978585,9
56,37,8.48405453091054,9
56,38,8.11333799466119,9
56,39,9.06208753183677,9
56,40,7.3058983376388,10
56,41,8.1132007384011,10
56,42,6.78465951630707,10
56,43,7.57272597676352,10
56,44,6.71283512841697,10
56,45,12.0263416276686,8
56,46,10.8152505555147,8
56,47,11.4542360785237,8
56,48,10.837839480785,8
56,49,10.5832961038007,8
56,50,9.61154546102639,9
56,51,11.6564433493623,8
56,52,11.0634792642693,8
56,53,9.1211459619605,9
56,54,8.90048278039525,9
56,55,10.0539441863652,8
56,56,11.6669457974937,8
56,57,11.357033024869,8
56,58,10.777740531808,8
56,59,11.2893583214006,8
56,60,12.4164413792727,8
56,61,10.8256130486023,8
56,62,10.6269447777296,8
56,63,10.210690721542,8
56,64,10.7795141919345,8
56,65,11.3077298204059,8
56,66,11.2812257705122,8
56,67,11.5822809405301,8
56,68,9.04951989320635,9
56,69,8.55530053434969,9
56,70,10.1137828355771,9
56,71,11.3314383813708,8
56,72,12.1824169774958,8
56,73,8.47860749810298,9
56,74,9.531747401641,9
56,75,11.4142243413618,8
56,76,11.2575017304138,8
56,77,11.1830369467706,8
56,78,11.2488217650769,8
56,79,9.19294111736794,9
56,80,9.00234699505598,9
56,81,11.8387549669595,8
56,82,10.2506805045331,8
56,83,8.97809800958265,9
56,84,8.75985685768723,9
56,85,8.47528623265624,9
56,86,9.39840963717127,9
56,87,17.6743481400553,11
56,88,17.0905746107882,11
56,89,16.9246772812491,11
56,90,17.3657859019023,11
56,91,17.8346664340423,11
56,92,17.1216919166737,11
56,93,18.0610099068299,11
56,94,16.1193168965466,11
56,95,17.4107811444045,11
56,96,16.9080092426339,11
56,97,15.9118106995761,11
56,98,17.0359041183139,11
56,99,17.2636931481183,11
56,100,16.6390036302647,11
57,1,8.94115639650568,9
57,2,9.47725853365413,9
57,3,9.03493405874807,9
57,4,8.90949371325693,9
57,5,9.51941552645024,9
57,6,9.35559536652759,9
57,7,9.16091170803285,9
57,8,9.41829273051725,9
57,9,10.0335173951661,9
57,10,8.48993593260522,9
57,11,8.4296085480353,9
57,12,16.6325630307056,11
57,13,11.4837185371601,8
57,14,9.19875147980525,9
57,15,9.51541895838896,9
57,16,8.98079227145829,9
57,17,8.90421583301626,9
57,18,8.85741213607063,9
57,19,9.28931653412757,9
57,20,11.5549932386117,8
57,21,11.5421334988735,8
57,22,11.4835345576428,8
57,23,11.097220988624,8
57,24,11.4687851311208,8
57,25,10.6578218431251,8
57,26,8.96208166197562,9
57,27,9.86616078111481,9
57,28,9.58552711012201,9
57,29,9.59703631953899,9
57,30,10.4739318874631,8
57,31,11.0988931072527,8
57,32,11.0144391200827,8
57,33,10.8586789462463,8
57,34,10.1914638109632,2
57,35,9.84214834465672,2
57,36,9.90988273440995,2
57,37,10.2834487170176,2
57,38,10.9008568118115,2
57,39,9.83272587031885,2
57,40,10.7330430330906,2
57,41,9.93397086888897,2
57,42,10.016326179679,2
57,43,10.2507483530831,2
57,44,11.2591494821391,8
57,45,11.637369171479,8
57,46,10.8525829315787,8
57,47,9.43315388232605,9
57,48,9.17029994983923,9
57,49,8.99273604362672,9
57,50,10.2260819559528,8
57,51,9.71776288175774,9
57,52,8.81686782902757,9
57,53,9.02042312119207,9
57,54,9.76341874644559,9
57,55,10.7890200014743,8
57,56,10.7487637933021,8
57,57,9.0917565237986,9
57,58,9.33608965207292,9
57,59,10.6887685985461,8
57,60,10.8663939515076,8
57,61,8.37676520249675,9
57,62,8.61286015831379,9
57,63,10.8246391789312,8
57,64,9.12968717174282,9
57,65,9.38848309677414,9
57,66,8.84781836661082,9
57,67,9.06939517145992,9
57,68,9.1719906828062,9
57,69,9.94104712383992,9
57,70,9.07945759989667,9
57,71,9.11415099806917,9
57,72,9.56102312062886,9
57,73,9.27347801549951,9
57,74,9.58225385691593,9
57,75,9.66008086406602,9
57,76,10.7318942440281,8
57,77,10.7566156594431,8
57,78,11.5512763814415,8
57,79,11.0271279841427,8
57,80,10.4700268283602,8
57,81,11.5046533744976,8
57,82,9.10660580363008,9
57,83,8.57752761535618,9
57,84,9.23936949381818,9
57,85,9.4399420793335,9
57,86,10.3809032202778,8
57,87,11.5245450207541,8
57,88,11.243874006833,8
57,89,10.4384884811394,8
57,90,10.9500752177545,8
57,91,10.6168402997024,8
57,92,7.04567359196762,10
57,93,9.08158155312666,9
57,94,8.01809619561691,9
57,95,8.66879347060555,9
57,96,8.98202318370339,9
57,97,9.14615679960378,9
57,98,8.87326176969101,9
57,99,8.69067688911462,9
57,100,9.52423751409167,9
58,1,7.51657548602898,10
58,2,6.34791283523661,10
58,3,7.81484664624727,10
58,4,7.61016286899731,10
58,5,8.71712257781097,9
58,6,8.97956693507195,9
58,7,8.93002403151347,9
58,8,9.55729658957651,9
58,9,10.9983726624189,8
58,10,9.90208586665527,9
58,11,9.27375711898064,9
58,12,9.05895767513709,9
58,13,12.0566294656683,8
58,14,10.7166592825614,8
58,15,10.7406358496279,8
58,16,10.6299224638022,8
58,17,17.9733245615968,11
58,18,17.7792948465245,11
58,19,16.9491417951421,11
58,20,17.0346212460495,11
58,21,16.9524597540804,11
58,22,11.586568958451,8
58,23,10.3440449387979,8
58,24,11.0835057314755,8
58,25,11.053498923653,8
58,26,10.5260232593895,8
58,27,11.604144096031,8
58,28,11.013554488888,8
58,29,10.9701240228112,8
58,30,12.0506146881807,8
58,31,11.5359922102893,8
58,32,10.8207633512864,8
58,33,12.3333468614401,8
58,34,11.7685718559816,8
58,35,10.8546076019888,8
58,36,8.80456600472467,9
58,37,8.07944979145909,9
58,38,8.98390779483063,9
58,39,8.77002943690673,9
58,40,9.39158900798037,9
58,41,8.91662749304368,9
58,42,8.94249975600663,9
58,43,8.7664770107847,9
58,44,8.93971940212048,9
58,45,9.18086947451585,9
58,46,11.2865744627784,8
58,47,10.8069956720178,8
58,48,10.8611287349347,8
58,49,11.1332612036262,8
58,50,11.4077752459703,8
58,51,10.3654639227574,8
58,52,9.91035121280973,8
58,53,10.8528925193675,8
58,54,9.38585288961936,9
58,55,8.86860174324054,9
58,56,10.529847710158,8
58,57,9.22097032982616,9
58,58,8.51650128039334,9
58,59,9.32613125331795,9
58,60,8.40982818462072,9
58,61,11.04249382074,8
58,62,11.1949780328179,8
58,63,8.77777393890733,9
58,64,8.8908997255984,9
58,65,8.60484156321754,9
58,66,8.92065777351763,9
58,67,9.94444617407268,2
58,68,9.2052481080837,2
58,69,10.6044012494491,2
58,70,10.0269564996729,2
58,71,9.91708428138763,2
58,72,9.85084811933148,2
58,73,10.9712411192921,2
58,74,10.4818673052222,2
58,75,9.73926866607984,2
58,76,10.0551387833916,2
58,77,8.81044960875743,2
58,78,9.95224053946352,2
58,79,10.1204379076331,2
58,80,10.3307861110729,2
58,81,10.1750153602928,2
58,82,9.07989568400407,2
58,83,10.3436552042688,2
58,84,10.4629218868722,2
58,85,10.0978018422248,2
58,86,9.96486373397555,2
58,87,10.6284135799727,2
58,88,10.2440774203276,2
58,89,10.1862671698027,2
58,90,10.5123585103694,2
58,91,9.94147195949959,2
58,92,9.90498179174365,2
58,93,10.7142124290013,2
58,94,10.0822284575199,2
58,95,10.1841454992227,2
58,96,9.67030588076439,2
58,97,9.81788003146492,2
58,98,10.08357173784,2
58,99,9.61374336439447,2
58,100,10.7377314319579,2
59,1,9.8830445565667,2
59,2,9.91893781542859,2
59,3,10.0369995600027,2
59,4,9.70688954354311,2
59,5,10.2513697960449,2
59,6,9.68066911028675,2
59,7,9.9099718049157,2
59,8,10.0556445707394,2
59,9,10.4537243852054,2
59,10,10.4803703596514,2
59,11,10.1553721836474,2
59,12,9.78337630344646,2
59,13,10.1763139221435,2
59,14,9.93687462107355,2
59,15,10.1141127024264,2
59,16,9.9273020980234,2
59,17,9.98219868580029,2
59,18,9.99403552043946,2
59,19,10.352787954966,2
59,20,10.3630786687491,2
59,21,9.85242946325115,2
59,22,10.4218618786857,2
59,23,10.561036667701,2
59,24,9.74649462751205,2
59,25,10.097021876669,2
59,26,10.2541020665961,2
59,27,9.62294080381223,2
59,28,9.23104219952048,2
59,29,10.5059554557996,2
59,30,9.75027602640022,2
59,31,10.1445676107387,2
59,32,9.88046299763737,2
59,33,9.22823827447698,2
59,34,10.7313880864313,2
59,35,10.3174569700663,2
59,36,10.2276473304756,2
59,37,10.6150567629893,2
59,38,9.46049247547544,2
59,39,9.77061283375964,2
59,40,10.9424406161386,2
59,41,11.0895218258784,2
59,42,10.7083257960633,2
59,43,9.8726449688386,2
59,44,9.4465384392624,2
59,45,9.40610072970427,2
59,46,9.8694041990855,2
59,47,10.5761602558433,2
59,48,10.0826772167892,2
59,49,10.0893992013424,2
59,50,9.66465462100252,2
59,51,9.90710078304432,2
59,52,10.1016251570416,2
59,53,10.6615190808069,2
59,54,10.3437088380269,2
59,55,9.94561477664306,2
59,56,10.2515075797262,2
59,57,9.25042773587113,2
59,58,10.4272764997825,2
59,59,10.6703461043221,2
59,60,9.49043126053642,2
59,61,10.7692546898666,2
59,62,9.02871702475466,2
59,63,10.7441202851133,2
59,64,10.994883492448,2
59,65,10.9284521944131,2
59,66,9.49628626565332,2
59,67,9.63696692806141,2
59,68,9.8154782426087,2
59,69,9.89836588203919,2
59,70,10.1583425727783,2
59,71,9.6218350015573,2
59,72,9.66815485843446,2
59,73,9.64247057491298,2
59,74,9.76872770567654,2
59,75,10.6521320642049,2
59,76,10.3904915089321,2
59,77,10.0369929094208,2
59,78,9.46838845318129,2
59,79,9.82301411986444,2
59,80,9.36166786661532,2
59,81,10.9643997749652,2
59,82,9.58552031722229,2
59,83,9.77580492899328,2
59,84,10.7662021559681,2
59,85,9.89251997853553,2
59,86,9.93391382065963,2
59,87,9.42373526337228,2
59,88,9.698972571185,2
59,89,9.64083617881335,2
59,90,9.86331407810391,2
59,91,10.0637924454375,2
59,92,10.1613717962436,2
59,93,9.41368451163714,2
59,94,11.388142338189,2
59,95,9.52185398125862,2
59,96,9.40923046042625,2
59,97,9.57924815250387,2
59,98,9.19886142675098,2
59,99,9.3391269905379,2
59,100,9.54860283629623,2
60,1,15.0692600420154,3
60,2,15.3585454004421,3
60,3,13.6037208466857,6
60,4,13.3138231628043,6
60,5,12.6550550606175,6
60,6,13.1494374711406,6
60,7,12.807066143403,6
60,8,12.342178670021,6
60,9,13.4541241859216,6
60,10,15.7786868580941,3
60,11,14.839802809721,3
60,12,14.7173706292458,3
60,13,16.1833788698689,3
60,14,15.0141303361756,3
60,15,15.6446834410561,3
60,16,15.0535546839167,3
60,17,14.5745467977846,3
60,18,15.2497487069896,3
60,19,14.9656025449146,3
60,20,15.5282015823256,3
60,21,12.9988200832415,6
60,22,13.0637500608877,6
60,23,13.4050046516701,6
60,24,12.2564900097219,6
60,25,13.0137833905864,6
60,26,12.7440915597876,6
60,27,13.0198267969927,6
60,28,14.09136188373,3
60,29,14.9819236707395,3
60,30,14.6958271919115,3
60,31,13.273136760409,6
60,32,12.6378123194278,6
60,33,13.9464326801464,6
60,34,13.5526620653508,6
60,35,13.5118694841069,6
60,36,12.9462541627571,6
60,37,13.2055314953318,6
60,38,13.4375910681331,6
60,39,14.8634757838692,3
60,40,15.6882633644758,3
60,41,14.7649516165156,3
60,42,14.7624852837563,3
60,43,15.401564732197,3
60,44,14.7358237229848,3
60,45,15.2434067871556,3
60,46,12.479919196093,6
60,47,12.8415237110179,6
60,48,13.1031989880947,6
60,49,14.6412402868823,3
60,50,13.9246272067503,3
60,51,15.4801945528744,3
60,52,15.2428136671698,3
60,53,14.8497607629401,3
60,54,15.4408224781916,3
60,55,15.5947943132271,3
60,56,12.792128632424,6
60,57,12.923879590404,6
60,58,12.7980965911955,6
60,59,12.5639387014446,6
60,60,12.7358837665334,6
60,61,12.5449515993744,6
60,62,12.2623441138058,6
60,63,14.1262268908103,3
60,64,15.0673297658314,3
60,65,14.5472645377672,3
60,66,14.7954957771973,3
60,67,13.7799637746893,3
60,68,15.0544689608606,3
60,69,14.6336094432675,3
60,70,12.9022660281655,6
60,71,15.3772090811543,3
60,72,17.0239056684286,4
60,73,16.820988381303,4
60,74,16.1780231870985,4
60,75,16.8184448490038,4
60,76,16.9218921987607,4
60,77,15.9401336377322,4
60,78,16.3007307246517,4
60,79,17.1643295073521,4
60,80,17.1522207362327,4
60,81,17.1575301041524,4
60,82,16.2813750021414,4
60,83,17.1300957513744,4
60,84,16.7748772380363,4
60,85,17.6258716330922,4
60,86,16.8896629731451,4
60,87,16.7317613017423,4
60,88,15.888975570267,4
60,89,17.0445455757824,4
60,90,17.0077940552663,4
60,91,16.773913931702,4
60,92,16.8457345901927,4
60,93,19.2885293750464,5
60,94,18.8017646924166,5
60,95,18.2512071166175,5
60,96,19.6171100469251,5
60,97,19.0379496919581,5
60,98,18.5841250558568,5
60,99,19.2940259229191,5
60,100,18.9867640881547,5
61,1,18.7035607432263,5
61,2,19.7665929744574,5
61,3,18.3636700499951,5
61,4,19.4968960340989,5
61,5,19.1648658612166,5
61,6,18.594066508864,5
61,7,18.5348090080536,5
61,8,18.8861566639293,5
61,9,19.1505641108302,5
61,10,19.0057739820206,5
61,11,18.3556074924003,5
61,12,19.4521718610482,5
61,13,19.2122500058016,5
61,14,19.725270342169,5
61,15,18.0303692400082,5
61,16,18.7793004512999,5
61,17,19.0580065182806,5
61,18,18.6988668520746,5
61,19,18.8293877620817,5
61,20,19.3192029166925,5
61,21,18.5279640867836,5
61,22,18.7518780365058,5
61,23,18.8173562867766,5
61,24,18.5197389255802,5
61,25,18.4011309005597,5
61,26,18.453394779283,5
61,27,18.7620728199114,5
61,28,18.3495027571705,5
61,29,19.4005658812603,5
61,30,18.7592507442599,5
61,31,19.6737689859369,5
61,32,19.5009781155547,5
61,33,19.0335146624403,5
61,34,19.1623523349012,5
61,35,19.1081800297485,5
61,36,18.7073505922532,5
61,37,19.0238930365017,5
61,38,18.9565189274635,5
61,39,19.1639643586405,5
61,40,19.4465398240346,5
61,41,19.2140809318039,5
61,42,18.349049493052,5
61,43,18.6516154344857,5
61,44,19.1752700077067,5
61,45,19.8081646921293,5
61,46,18.3195998152656,5
61,47,19.0315434802913,5
61,48,18.7805172668354,5
61,49,18.5182921237063,5
61,50,19.3841219511845,5
61,51,18.266809768943,5
61,52,19.2105725484178,5
61,53,19.0418395644786,5
61,54,19.2257579651096,5
61,55,18.9269075766228,5
61,56,19.5158984845155,5
61,57,19.2786845820254,5
61,58,19.4235761529293,5
61,59,18.3683627870981,5
61,60,19.1739726222957,5
61,61,18.3504202987791,5
61,62,19.2523836076547,5
61,63,18.9283253791421,5
61,64,18.5803301170989,5
61,65,18.8220063290504,5
61,66,19.4198177856996,5
61,67,18.9861912546372,5
61,68,19.1933965857368,5
61,69,18.2961865012209,5
61,70,19.3976611848479,5
61,71,18.7502532039362,5
61,72,18.2238242774257,5
61,73,19.063546226428,5
61,74,19.5024446680438,5
61,75,18.7592518601989,5
61,76,19.4403812679084,5
61,77,19.275633160409,5
61,78,19.1040554034026,5
61,79,18.9612872037767,5
61,80,18.7728663755878,5
61,81,18.4266338332713,5
61,82,19.3416296495598,5
61,83,18.5848742856287,5
61,84,19.1715098448605,5
61,85,19.5341671781424,5
61,86,18.4937985769725,5
61,87,18.9544433004013,5
61,88,19.1185134533809,5
61,89,19.2993828276513,5
61,90,17.995007337493,5
61,91,19.9158175225727,5
61,92,18.4957333824963,5
61,93,17.8331465489171,5
61,94,19.8927246155901,5
61,95,18.6903834897774,5
61,96,18.783222329662,5
61,97,19.3660313243857,5
61,98,18.4360212580135,5
61,99,18.7176079790551,5
61,100,18.8376269738755,5
62,1,9.27226836553121,2
62,2,10.0289016551926,2
62,3,10.1569698635591,2
62,4,9.95700579266743,2
62,5,9.95608569724977,2
62,6,10.152529908524,2
62,7,10.0369361218231,2
62,8,9.98955556701685,2
62,9,10.0824442916226,2
62,10,10.9753475313215,2
62,11,10.1312482234741,2
62,12,10.6525163380849,2
62,13,8.80076739806095,2
62,14,10.0687383239447,2
62,15,10.0675300022963,2
62,16,10.0334492496729,2
62,17,10.4267862004363,2
62,18,9.81765838609567,2
62,19,9.80535543148068,2
62,20,10.1135955105205,2
62,21,9.83562478684539,2
62,22,10.7719438251973,2
62,23,10.6885699652112,2
62,24,9.30255436103452,2
62,25,10.3047560024196,2
62,26,10.8301007130723,2
62,27,9.43020115317155,2
62,28,9.3960019245764,2
62,29,9.60929927500449,2
62,30,10.6026846068299,2
62,31,9.75133146160002,2
62,32,10.1063094558179,2
62,33,10.2482352640927,2
62,34,10.1251298431259,2
62,35,10.502594889133,2
62,36,9.56696046689954,2
62,37,10.1372555699147,2
62,38,10.855472596009,2
62,39,10.1151355140661,2
62,40,10.4676435066236,2
62,41,10.1323152111448,2
62,42,9.60261035123445,2
62,43,9.94045814323611,2
62,44,9.07315744982301,2
62,45,9.80231173739802,2
62,46,10.113288211904,2
62,47,9.13729246779945,2
62,48,10.3350027563767,2
62,49,10.0263047482181,2
62,50,9.75347375880553,2
62,51,10.4938051578292,2
62,52,10.6178155976596,2
62,53,10.1705784399592,2
62,54,9.78206436166776,2
62,55,9.96911515225853,2
62,56,9.33855851843008,2
62,57,10.1330919613813,2
62,58,9.99165121608007,2
62,59,9.7822954859049,2
62,60,10.2235167222013,2
62,61,10.0525994384834,2
62,62,9.97891480966071,2
62,63,9.56338480946321,2
62,64,10.3986450090186,2
62,65,10.3188623134334,2
62,66,9.56121427249824,2
62,67,9.59226603607412,2
62,68,10.100739119163,2
62,69,9.71542528307631,2
62,70,10.5699935457342,2
62,71,10.1523422449232,2
62,72,10.4984112400891,2
62,73,8.83797826335622,2
62,74,9.61960040432866,2
62,75,10.6756067872369,2
62,76,10.8010476525624,2
62,77,9.97624186289677,2
62,78,9.89688194107542,2
62,79,10.0089060166713,2
62,80,10.4464429269656,2
62,81,10.1089492943304,2
62,82,10.5277696197719,2
62,83,9.91305188720194,2
62,84,11.2369385821382,2
62,85,10.1619095432333,2
62,86,9.66182689836525,2
62,87,10.5508027034995,2
62,88,9.66101635054146,2
62,89,9.71793396424774,2
62,90,9.82080909946093,2
62,91,9.16588592093193,2
62,92,10.7464950232752,2
62,93,9.55797679462034,2
62,94,10.4757928951201,2
62,95,10.0106503474546,2
62,96,9.71848093609357,2
62,97,10.9715151904706,2
62,98,9.99660241175558,2
62,99,10.6889765563865,2
62,100,9.37883289971404,2
63,1,17.3824259577666,4
63,2,17.0490931826694,4
63,3,16.0993582767097,4
63,4,16.8265889805617,4
63,5,17.6246623443737,4
63,6,16.8247285237598,4
63,7,17.2733701396987,4
63,8,17.7717122031056,4
63,9,13.1982042864223,6
63,10,13.6121259999786,6
63,11,13.7725272676788,6
63,12,13.174802778501,6
63,13,13.1602151598131,6
63,14,13.2220684010845,6
63,15,15.2783806541115,3
63,16,15.2684867800661,3
63,17,14.7407842468919,3
63,18,14.2987646793291,3
63,19,14.7638705921795,3
63,20,15.1923110222886,3
63,21,15.5219257050156,3
63,22,14.3173744115677,3
63,23,13.4547247129344,3
63,24,16.0077500521015,3
63,25,13.5114706906457,6
63,26,13.6694343252595,6
63,27,12.9550277269827,6
63,28,13.0307696605338,6
63,29,15.0945480452596,3
63,30,15.6542092541008,3
63,31,15.1871191207168,3
63,32,15.2473395748685,3
63,33,14.6312062785951,3
63,34,14.6738080662766,3
63,35,15.4810938518205,3
63,36,14.620133219093,3
63,37,15.1197900716663,3
63,38,14.7875952499359,3
63,39,14.5694933190209,3
63,40,15.3651851820915,3
63,41,15.4267787099181,3
63,42,14.3119224253227,3
63,43,14.7582482744428,3
63,44,15.3415045927618,3
63,45,15.6780059299098,3
63,46,14.8800065561096,3
63,47,13.5861180652496,6
63,48,13.1140573010427,6
63,49,13.5240239538188,6
63,50,13.6118175952216,6
63,51,13.0374146665731,6
63,52,12.890734137361,6
63,53,13.0597302086911,6
63,54,14.6820682046701,3
63,55,15.1542542320894,3
63,56,15.2974752655984,3
63,57,13.7204680041903,3
63,58,15.0345568166356,3
63,59,16.1338699220733,3
63,60,14.659276260592,3
63,61,15.1549979959171,3
63,62,12.9627966246652,6
63,63,13.3308628277781,6
63,64,12.7778354644609,6
63,65,11.8160092877606,6
63,66,13.3594884316756,6
63,67,14.8573462225726,3
63,68,14.6102732191369,3
63,69,15.106835814047,3
63,70,15.0294949711257,3
63,71,15.7585206993701,3
63,72,14.7931644329168,3
63,73,15.1881263234061,3
63,74,15.460191050682,3
63,75,15.9174738437018,3
63,76,15.0057436869663,3
63,77,14.5313625509523,3
63,78,12.9613379332902,6
63,79,14.1938740862621,6
63,80,12.7142543488361,6
63,81,13.472409365124,6
63,82,13.2770239730459,6
63,83,12.1159344128579,6
63,84,12.7696760746675,6
63,85,15.760226970107,3
63,86,15.3767371224369,3
63,87,12.2389337641412,6
63,88,12.676713575927,6
63,89,15.1986164453748,3
63,90,14.7198702538579,3
63,91,14.5816866974454,3
63,92,14.2060375504657,3
63,93,13.911745070485,6
63,94,12.8116254618005,6
63,95,12.7706720153211,6
63,96,15.1573699584845,3
63,97,16.1258401724772,3
63,98,15.1476259964103,3
63,99,14.976846539613,3
63,100,14.7081297412649,3
64,1,-0.427040951258991,1
64,2,-0.194474168980792,1
64,3,-0.471279577015791,1
64,4,0.473723855839455,1
64,5,0.701640714501426,1
64,6,0.407827607285553,1
64,7,0.444997121979768,1
64,8,-0.188577143277381,1
64,9,0.24194748874644,1
64,10,0.377143625419189,1
64,11,-0.668010834053266,1
64,12,0.741629980123718,1
64,13,0.577071187754473,1
64,14,-0.093976752480678,1
64,15,0.684448149849484,1
64,16,0.345265112369443,1
64,17,-0.750857753338669,1
64,18,1.00580274307745,1
64,19,-0.145892742729804,1
64,20,-0.439633680509622,1
64,21,-0.310497142177179,1
64,22,-0.0291487510046445,1
64,23,-0.0782817165109942,1
64,24,-0.804322558032651,1
64,25,0.0188673664485698,1
64,26,0.0627075987494558,1
64,27,-0.563420914745682,1
64,28,-1.02116444595835,1
64,29,-0.540763241835737,1
64,30,0.51387300069266,1
64,31,-1.06220535611989,1
64,32,-0.471871930458028,1
64,33,-0.0717275590924209,1
64,34,0.296760732246474,1
64,35,-0.663956978167147,1
64,36,0.0743942587748763,1
64,37,-0.233426660490522,1
64,38,-0.273577488396513,1
64,39,-0.732709307411565,1
64,40,0.029196290930543,1
64,41,0.952676420127117,1
64,42,0.374212763360051,1
64,43,-0.221004453304204,1
64,44,-0.880581232858279,1
64,45,-0.605469862759809,1
64,46,-0.331523575869042,1
64,47,-0.186856346619114,1
64,48,-0.233108405777469,1
64,49,0.037134163519602,1
64,50,-0.456694465018621,1
64,51,-0.445884033116573,1
64,52,-0.685020397374108,1
64,53,-0.0468764328542768,1
64,54,-1.18169858195193,1
64,55,-0.565171526613936,1
64,56,-0.800849005714157,1
64,57,-0.276361861162853,1
64,58,0.297348818765521,1
64,59,-0.60312181032963,1
64,60,-0.0226356742280446,1
64,61,0.198080407805196,1
64,62,0.392893915172116,1
64,63,0.245261740796901,1
64,64,0.438559494699798,1
64,65,0.105140960389133,1
64,66,0.0623010896120639,1
64,67,0.681581001599678,1
64,68,-0.283514758124497,1
64,69,-0.711016130747138,1
64,70,0.321346090838487,1
64,71,0.0525743750868827,1
64,72,-0.474667936115886,1
64,73,-0.0749079902575855,1
64,74,1.29613981698596,1
64,75,0.203442671474595,1
64,76,-0.46945992722203,1
64,77,1.33673274122526,1
64,78,0.285493578567336,1
64,79,0.820467959275279,1
64,80,-0.489570546201645,1
64,81,0.0245452721063796,1
64,82,-0.270640492225514,1
64,83,-0.791775084563256,1
64,84,-0.301528357023649,1
64,85,0.102863664443307,1
64,86,0.834988909812115,1
64,87,0.0103366457186649,1
64,88,0.267537217210027,1
64,89,0.182518575934364,1
64,90,-1.45889840923521,1
64,91,-0.132360129846588,1
64,92,0.486363163456425,1
64,93,-0.584606098895561,1
64,94,-0.354043514067879,1
64,95,0.107522427523703,1
64,96,-0.639272924597385,1
64,97,0.510895835699643,1
64,98,0.158394522700542,1
64,99,-0.129880360903626,1
64,100,0.338361939239833,1
65,1,15.0528313823052,3
65,2,14.9357926861709,3
65,3,15.2343325343657,3
65,4,15.5753863684016,3
65,5,14.3213554161865,3
65,6,15.1881445380343,3
65,7,14.7180849150072,3
65,8,14.9369109772152,3
65,9,11.8164186181749,6
65,10,13.5010736045967,6
65,11,12.29136839405,6
65,12,12.8449432047624,6
65,13,13.0647056321867,6
65,14,14.8217480502695,3
65,15,15.4488593339555,3
65,16,17.1435197887009,4
65,17,16.0410232338757,4
65,18,16.7550957459166,4
65,19,16.8324097879894,4
65,20,17.2151103427375,4
65,21,17.5306075659242,4
65,22,16.8047234558033,4
65,23,17.0823796163429,4
65,24,17.9261191116264,4
65,25,18.0322446134172,4
65,26,17.3535899111271,4
65,27,17.1599592618536,4
65,28,18.0355095218612,4
65,29,17.3809665689785,4
65,30,14.7715783395102,3
65,31,15.4714982423038,3
65,32,15.1443581721785,3
65,33,14.6804832015609,3
65,34,15.0971288585894,3
65,35,13.1980653726486,6
65,36,12.3898300966546,6
65,37,15.4598461549252,3
65,38,14.6911635567003,3
65,39,13.7157524070641,3
65,40,15.1908314458267,3
65,41,15.1885603346595,3
65,42,15.4554263704351,3
65,43,14.31072988724,3
65,44,14.9934055992266,3
65,45,14.7642440737138,3
65,46,12.8679266762,6
65,47,12.8953687688024,6
65,48,12.7773428326375,6
65,49,12.7726898065879,6
65,50,13.4811984174455,6
65,51,12.2399554330381,6
65,52,13.2242460806894,6
65,53,13.057782771632,6
65,54,13.0371575569359,6
65,55,12.7175312951285,6
65,56,12.3120553704046,6
65,57,12.7069878428099,6
65,58,12.9341737066909,6
65,59,12.7314083020692,6
65,60,13.0486151320822,6
65,61,13.433245718776,6
65,62,13.7277066097192,6
65,63,12.6170100941043,6
65,64,12.7793802900288,6
65,65,13.319656866701,3
65,66,15.2679314303392,3
65,67,15.8889839794804,3
65,68,13.1625949400856,6
65,69,13.3895029907375,6
65,70,13.4286119733483,6
65,71,13.1102295126258,6
65,72,12.876565385642,6
65,73,13.1397169493581,6
65,74,13.0978609372175,6
65,75,15.1497366037554,3
65,76,15.4914755828944,3
65,77,15.3719676715096,3
65,78,15.3239159041894,3
65,79,16.1427141614847,3
65,80,17.0643189525155,4
65,81,16.9763610365702,4
65,82,17.0549860346141,4
65,83,16.96315467709,4
65,84,17.3337877912498,4
65,85,14.7489768140078,3
65,86,14.2113460119128,3
65,87,14.3605283756472,3
65,88,15.870651851049,3
65,89,15.4245502717624,3
65,90,14.2932158725307,3
65,91,15.4380058207501,3
65,92,14.8155525134561,3
65,93,13.9817123581878,3
65,94,12.4681675943828,6
65,95,12.1532934436861,6
65,96,13.5308276348974,6
65,97,12.1830914754184,6
65,98,13.5800345740501,6
65,99,12.0741456417791,6
65,100,12.5114933117537,6
66,1,15.7082166242188,3
66,2,14.6347891213217,3
66,3,15.5419660027163,3
66,4,12.9880676447169,6
66,5,13.2281703631859,6
66,6,13.9298853337661,6
66,7,12.9401815274068,6
66,8,12.1501603103855,6
66,9,13.4721005095802,6
66,10,13.8525406163245,6
66,11,12.2778934780584,6
66,12,12.9815232134893,6
66,13,12.2381061215557,6
66,14,12.9604477543528,6
66,15,12.8119599227378,6
66,16,12.3243568139386,6
66,17,13.3699743851746,6
66,18,12.2658982580189,6
66,19,15.4216092726501,3
66,20,14.7687394235135,3
66,21,14.9672124982018,3
66,22,15.7550033213466,3
66,23,15.1973673543722,3
66,24,13.1549127570634,6
66,25,13.6451363882129,6
66,26,15.5378182489283,3
66,27,14.8313021202893,3
66,28,15.4424866643195,3
66,29,14.6608660341343,3
66,30,15.0537263781015,3
66,31,14.138529573455,3
66,32,16.9577102943164,4
66,33,17.119069573021,4
66,34,17.8189161553896,4
66,35,17.4705471484385,4
66,36,17.4725386791841,4
66,37,17.4500476239875,4
66,38,17.1617391706806,4
66,39,17.2820354290354,4
66,40,16.2142692608567,4
66,41,17.0188548572516,4
66,42,17.5545513302753,4
66,43,17.7982976760287,4
66,44,17.2314481471251,4
66,45,17.7117120510058,4
66,46,16.838442778936,4
66,47,17.6826432317878,4
66,48,17.3456825622405,4
66,49,17.0853911503928,4
66,50,17.0653640082172,4
66,51,16.7914144342352,4
66,52,15.8324827960812,4
66,53,16.4176544863373,4
66,54,17.2765300438961,4
66,55,16.9931004209817,4
66,56,17.0022781221651,4
66,57,16.7719253078018,4
66,58,19.8265935266406,5
66,59,19.0460712994544,5
66,60,18.8512006451191,5
66,61,18.839935678837,5
66,62,18.4422471851523,5
66,63,18.8172732970229,5
66,64,19.2796118782788,5
66,65,18.8897889381383,5
66,66,19.1446447916254,5
66,67,19.4124475955325,5
66,68,19.7874229935786,5
66,69,19.2205966413661,5
66,70,18.5698471703163,5
66,71,18.7312887072268,5
66,72,19.974609370895,5
66,73,19.3422447533615,5
66,74,18.4257964631592,5
66,75,18.6155847939584,5
66,76,18.5135345417763,5
66,77,18.7182246976229,5
66,78,18.9854159172912,5
66,79,18.9003591487244,5
66,80,18.8811646644808,5
66,81,19.2166051839701,5
66,82,19.327244133595,5
66,83,17.927058718511,5
66,84,19.6988263823959,5
66,85,19.1685870322223,5
66,86,18.7619577400793,5
66,87,19.6568859152875,5
66,88,18.5195116929677,5
66,89,19.6294275947491,5
66,90,19.2087391295852,5
66,91,19.7270656508868,5
66,92,18.5313903983415,5
66,93,18.5672286250223,5
66,94,18.6624880476071,5
66,95,19.590068740375,5
66,96,19.0080121015466,5
66,97,18.5558616912415,5
66,98,18.5749058287116,5
66,99,18.9017412658738,5
66,100,18.5768505061903,5
67,1,10.0824126102583,2
67,2,9.94074479616276,2
67,3,10.2203536415045,2
67,4,9.68014716003472,2
67,5,10.3271703455961,2
67,6,10.1219784704733,2
67,7,10.6679437179262,2
67,8,10.9797195986663,2
67,9,10.6125325562359,2
67,10,9.78120620575569,2
67,11,10.0149636474732,2
67,12,11.0731965266331,2
67,13,9.44374040884207,2
67,14,10.7010041489078,2
67,15,9.77877773021391,2
67,16,10.545410377747,2
67,17,10.992310476022,2
67,18,9.00936879657989,2
67,19,10.4226542244037,2
67,20,9.9765431855738,2
67,21,9.9949179293978,2
67,22,9.41003696231311,2
67,23,10.863025978716,2
67,24,10.3060924525326,2
67,25,9.86186498573262,2
67,26,9.77132684663063,2
67,27,9.63009176846,2
67,28,10.3763055154832,2
67,29,9.46256759975611,2
67,30,9.64955549395455,2
67,31,9.82808972550914,2
67,32,10.4013266994124,2
67,33,10.1823154503495,2
67,34,10.053928515493,2
67,35,10.3695127176012,2
67,36,9.73280897456712,2
67,37,10.4858703013592,2
67,38,9.30990517315252,2
67,39,10.7733538609972,2
67,40,10.489341768904,2
67,41,8.73661860225764,2
67,42,9.78832229001774,2
67,43,10.5215453772946,2
67,44,10.0734063321891,2
67,45,10.7607446234011,2
67,46,9.58484373986829,2
67,47,9.89330532298399,2
67,48,9.60258908882793,2
67,49,9.04992736979915,2
67,50,10.6751457073315,2
67,51,8.7540939705032,2
67,52,10.0188785995297,2
67,53,10.3343381429519,2
67,54,10.1472960681634,2
67,55,9.88603448309123,2
67,56,10.4210394564626,2
67,57,9.91685025506821,2
67,58,9.77999552797984,2
67,59,9.62688679750623,2
67,60,9.41076957108318,2
67,61,9.73588026687379,2
67,62,10.1555183294696,2
67,63,10.3756605261075,2
67,64,10.3310049778644,2
67,65,9.62498290272073,2
67,66,8.68665263409187,2
67,67,10.1454159010626,2
67,68,9.9260689962532,2
67,69,10.1398506616849,2
67,70,9.95355487130863,2
67,71,9.43254138003462,2
67,72,9.51857555464689,2
67,73,9.7905796719549,2
67,74,9.89966423802034,2
67,75,9.85939387896525,2
67,76,9.53165987072947,2
67,77,11.1400614372015,2
67,78,9.94238010354975,2
67,79,9.74337690252574,2
67,80,9.67916450787394,2
67,81,11.4481618401175,2
67,82,8.97983695633697,2
67,83,9.13648499602639,2
67,84,9.69656270877118,2
67,85,10.4078468529576,2
67,86,10.9501959418283,2
67,87,10.2118987175278,2
67,88,9.62567712719138,2
67,89,10.3890624468735,2
67,90,10.8180910984658,2
67,91,10.5476478599655,2
67,92,9.57334632183019,2
67,93,10.0232625928995,2
67,94,9.32333404983695,2
67,95,10.2529123261167,2
67,96,10.1775600480289,2
67,97,10.2423303201679,2
67,98,9.26220491571623,2
67,99,9.74001921603359,2
67,100,9.66297999302228,2
68,1,0.0998790693963342,1
68,2,0.258031325121725,1
68,3,0.212170983552633,1
68,4,-0.224270567748994,1
68,5,-0.793938553193873,1
68,6,-0.750121365168231,1
68,7,-0.398226406154579,1
68,8,-0.0215408483849804,1
68,9,-0.970887039165855,1
68,10,-0.437583498903172,1
68,11,-0.518368750966761,1
68,12,0.733172745837633,1
68,13,-0.333487371191111,1
68,14,-0.110775494290318,1
68,15,-0.162049222944256,1
68,16,-0.0296463550818751,1
68,17,-0.55681698333841,1
68,18,-0.083401036377076,1
68,19,-0.217392191446777,1
68,20,-0.290966484325031,1
68,21,0.892582823454363,1
68,22,0.0448384302814385,1
68,23,-0.0598444243561393,1
68,24,-0.504603374305671,1
68,25,-0.420614528958129,1
68,26,-0.0643742390106249,1
68,27,-0.545538200788544,1
68,28,1.09235881810278,1
68,29,-0.593819128044738,1
68,30,-0.431897198611802,1
68,31,-0.555637835972563,1
68,32,0.296456345285016,1
68,33,-0.177914184915401,1
68,34,-0.547324007959357,1
68,35,0.0256114903933345,1
68,36,-0.0162072710171277,1
68,37,0.442063554656759,1
68,38,-0.556163568399397,1
68,39,-0.254923175733548,1
68,40,0.216047573300754,1
68,41,0.0169910040041163,1
68,42,0.572939833058548,1
68,43,0.0997557929085792,1
68,44,0.172647937759391,1
68,45,0.286712677333058,1
68,46,0.310808665584997,1
68,47,0.13198275460257,1
68,48,-0.351357101005657,1
68,49,0.573613502194238,1
68,50,-1.18898469391118,1
68,51,-0.649852968095089,1
68,52,0.22909734173754,1
68,53,-0.992918422577681,1
68,54,0.72556237545898,1
68,55,-0.0225420514072957,1
68,56,-0.77248291828037,1
68,57,-0.0286194778461052,1
68,58,1.1364056584339,1
68,59,-0.213114845163999,1
68,60,-0.149473258822868,1
68,61,0.328312938207511,1
68,62,0.771572916323325,1
68,63,-1.21155959159298,1
68,64,0.169282052756309,1
68,65,-0.366512744996383,1
68,66,0.0611824814154654,1
68,67,0.0573328330811528,1
68,68,-0.00976904941388971,1
68,69,-0.450524086546657,1
68,70,-0.0889152613816736,1
68,71,0.130291600335445,1
68,72,-0.127199534885946,1
68,73,-0.0418264734366528,1
68,74,-0.577430584332106,1
68,75,-0.0394417605424152,1
68,76,0.127450431849432,1
68,77,0.0425169958688678,1
68,78,-0.614205105396803,1
68,79,-0.914675960960513,1
68,80,-0.845590175150079,1
68,81,-0.244610292538731,1
68,82,0.300772256803868,1
68,83,-0.186913865017531,1
68,84,-0.581494166372704,1
68,85,-0.208620151560227,1
68,86,0.77561014960579,1
68,87,-0.294380675224943,1
68,88,-0.242977834480407,1
68,89,-0.218838188831774,1
68,90,0.271537374797588,1
68,91,0.27991430463521,1
68,92,-0.281968448438805,1
68,93,-0.0602140606204483,1
68,94,-1.06079914671111,1
68,95,-0.648656168322201,1
68,96,-0.057562742647627,1
68,97,0.137518268789053,1
68,98,0.500115061555244,1
68,99,0.244980737679201,1
68,100,0.669563129443821,1
69,1,13.7587176707763,7
69,2,13.687874620477,7
69,3,13.7449194707259,7
69,4,14.3235335330299,7
69,5,14.8115875448255,7
69,6,13.9643370717965,7
69,7,13.973998300533,7
69,8,13.7884629805597,7
69,9,13.723272008462,7
69,10,13.6259757098033,7
69,11,14.3581912422286,7
69,12,13.6113688336204,7
69,13,14.7785561689815,7
69,14,12.936508239167,7
69,15,13.7632765863791,7
69,16,14.8532909755597,7
69,17,13.5830328938055,7
69,18,13.0402998834065,7
69,19,14.5619651986189,7
69,20,14.4437249236317,7
69,21,14.7092018553835,7
69,22,13.8748114698428,7
69,23,14.2526251166007,7
69,24,13.8821334226378,7
69,25,14.4838993109515,7
69,26,13.3647000420584,7
69,27,14.0149505519849,7
69,28,14.2446733884648,7
69,29,13.1826712569278,7
69,30,13.9054642163445,7
69,31,14.6741256604333,7
69,32,13.8015707722434,7
69,33,14.605167784654,7
69,34,13.7212786978505,7
69,35,13.4513844565322,7
69,36,14.809425331424,7
69,37,13.4408081888179,7
69,38,14.4319175678467,7
69,39,13.7378588896286,7
69,40,14.5475221084941,7
69,41,13.8140459509447,7
69,42,14.174266705514,7
69,43,13.613107010941,7
69,44,14.0163106229504,7
69,45,14.2613746431813,7
69,46,14.2445232938624,7
69,47,14.0575488917784,7
69,48,14.5623601453628,7
69,49,13.048324844303,7
69,50,13.3653359863608,7
69,51,14.263971361764,7
69,52,14.2696877810683,7
69,53,13.3433503851582,7
69,54,14.3197427476055,7
69,55,13.7661037966963,7
69,56,13.83301162453,7
69,57,13.5970920483114,7
69,58,14.633756294525,7
69,59,13.8721583884644,7
69,60,13.078596485996,7
69,61,14.3260160753763,7
69,62,14.7715584479081,7
69,63,13.7014457958715,7
69,64,14.3909896775957,7
69,65,14.2002537607076,7
69,66,13.6333461874516,7
69,67,13.6700659568401,7
69,68,15.4188111378954,7
69,69,13.8865569330114,7
69,70,14.1975390340952,7
69,71,14.5777202369951,7
69,72,14.6231439296476,7
69,73,13.4197582921293,7
69,74,14.1757246768743,7
69,75,14.4412965703729,7
69,76,13.6606590601966,7
69,77,13.9091790858967,7
69,78,13.9372470875156,7
69,79,13.7713520898583,7
69,80,13.9005070433662,7
69,81,13.4012461407488,7
69,82,13.50738518522,7
69,83,13.9009748756593,7
69,84,13.7168268139621,7
69,85,13.8682729228473,7
69,86,14.0914679189079,7
69,87,14.6361812931647,7
69,88,14.0677767491634,7
69,89,13.8046009434719,7
69,90,15.0280101487896,7
69,91,13.7871781239179,7
69,92,13.5082826937403,7
69,93,14.1704851989052,7
69,94,13.5413089329673,7
69,95,14.3194076679416,7
69,96,13.9061902141982,7
69,97,13.9133006875416,7
69,98,14.0833433196303,7
69,99,13.7903252987099,7
69,100,14.1317248893511,7
70,1,6.43110128056504,10
70,2,6.63254123333555,10
70,3,7.1427009401711,10
70,4,6.61699883628622,10
70,5,7.15600084850189,10
70,6,6.20406159174033,10
70,7,7.09385583327707,10
70,8,6.77871849731796,10
70,9,6.96506844664878,10
70,10,7.06012441233811,10
70,11,6.61309495824382,10
70,12,6.96520929418141,10
70,13,6.5841197923792,10
70,14,6.2852917976287,10
70,15,7.25455902801995,10
70,16,6.80202232223282,10
70,17,6.88961523072699,10
70,18,7.01456648096212,10
70,19,7.01622283896268,10
70,20,6.49322412634409,10
70,21,7.15606947383847,10
70,22,7.06804076170609,10
70,23,7.22274328701304,10
70,24,6.84495851761957,10
70,25,7.13911596931149,10
70,26,6.48871874611413,10
70,27,7.33294679153267,10
70,28,7.04728501716067,10
70,29,7.04059763703125,10
70,30,7.42429627809676,10
70,31,6.33100318901724,10
70,32,6.25491081440397,10
70,33,7.40736833386891,10
70,34,7.28561046263955,10
70,35,6.72404129957362,10
70,36,6.87163801348418,10
70,37,6.45715444073768,10
70,38,6.7768195254385,10
70,39,8.99898821281587,9
70,40,9.18837131534707,9
70,41,9.43226978195048,9
70,42,8.30586392873159,9
70,43,7.41664388953219,9
70,44,11.1647393063712,8
70,45,10.747956867378,8
70,46,10.7608631022808,8
70,47,10.8786117718364,8
70,48,10.3549358252244,8
70,49,10.9327267903275,8
70,50,7.96130115074347,10
70,51,6.98352232394223,10
70,52,7.41374838021569,10
70,53,5.91591684239486,10
70,54,6.87863688283855,10
70,55,5.51790490146412,10
70,56,6.72083501322854,10
70,57,7.85092017863388,10
70,58,6.92553441526719,10
70,59,6.85907725671017,10
70,60,7.88756381255203,10
70,61,6.35087729934518,10
70,62,6.97162705158974,10
70,63,6.65545082325017,10
70,64,6.86201096061519,10
70,65,6.69230087202665,10
70,66,7.45171375443476,10
70,67,7.41899507720424,10
70,68,6.93496131068648,10
70,69,7.21139761408043,10
70,70,6.38112646531468,10
70,71,8.21917600212397,10
70,72,6.99541621573594,10
70,73,6.97173717617779,10
70,74,7.26226550027378,10
70,75,6.77536353736991,10
70,76,7.11875160459708,10
70,77,7.17045542015397,10
70,78,6.59104207274241,10
70,79,6.57100903387018,10
70,80,6.73786454245184,10
70,81,6.14827817920981,10
70,82,7.05755255790986,10
70,83,6.55919245560998,10
70,84,6.6519295577644,10
70,85,6.74210678368829,10
70,86,6.74590030026646,10
70,87,6.82360410624615,10
70,88,5.46188686659602,10
70,89,7.57381798542923,10
70,90,6.52219378799998,10
70,91,6.3167972965239,10
70,92,7.12097265730533,10
70,93,6.88170058921992,10
70,94,7.4196086727132,10
70,95,7.56215610808599,10
70,96,6.47546529075822,10
70,97,6.79025920736965,10
70,98,7.59934392047319,10
70,99,7.53736102587273,10
70,100,11.6981767307423,8
71,1,10.3951547040942,2
71,2,9.87275878913828,2
71,3,10.2760071463295,2
71,4,10.0739050004838,2
71,5,9.98606944080075,2
71,6,10.0250951458842,2
71,7,10.1101585071338,2
71,8,9.19530500291525,2
71,9,9.66636828048362,2
71,10,10.1512323549938,2
71,11,11.369324556147,8
71,12,10.8500073390025,8
71,13,7.83294497184933,9
71,14,9.4109112448948,9
71,15,8.23901269828046,9
71,16,9.04910416983333,9
71,17,9.50153639843691,9
71,18,10.6087999633023,8
71,19,8.88637945486104,9
71,20,8.71387817975411,9
71,21,9.76761771893534,9
71,22,9.34585264300467,9
71,23,7.99116097804365,9
71,24,9.32475180453292,9
71,25,10.6831386230747,8
71,26,8.3856927064792,9
71,27,11.2849880927897,8
71,28,11.1572869045106,8
71,29,11.0750566236695,8
71,30,9.62242783573613,9
71,31,11.332429368346,8
71,32,11.7406619045257,8
71,33,11.7464104551426,8
71,34,10.6721343474869,8
71,35,11.3736556351711,8
71,36,10.4962989476874,8
71,37,11.3784629744341,8
71,38,10.574040218879,8
71,39,8.85888319258729,9
71,40,9.6974220886878,9
71,41,9.37055219631212,9
71,42,11.9415528428082,8
71,43,8.56730069219799,9
71,44,8.95467762041751,9
71,45,11.6121971675808,8
71,46,11.22234457573,8
71,47,8.46669783129287,9
71,48,9.12052360899306,9
71,49,9.27822677075924,9
71,50,9.29159681441611,9
71,51,9.3658367459171,9
71,52,9.52080759077124,9
71,53,9.92227192695574,9
71,54,9.64811696208157,9
71,55,9.8519072274405,9
71,56,8.7833348955836,9
71,57,9.67388550137526,9
71,58,10.9115425004783,8
71,59,10.6191623852343,8
71,60,11.3584554218139,8
71,61,9.3791720662131,9
71,62,8.92497911133992,9
71,63,9.61137421092337,9
71,64,9.51090671850918,9
71,65,11.2558629833418,8
71,66,10.544375966043,8
71,67,10.6064725954141,8
71,68,11.3488970021926,8
71,69,11.0503312557039,8
71,70,16.3458812850479,11
71,71,16.7585784854661,11
71,72,17.3340743723854,11
71,73,17.4745794386989,11
71,74,9.13144963541031,9
71,75,9.21698378612169,9
71,76,8.66745470023233,9
71,77,11.0220709274179,8
71,78,11.8424822843332,8
71,79,9.53844425293128,9
71,80,8.6502160577835,9
71,81,8.90437109139716,9
71,82,10.0966432035624,9
71,83,9.47792864024875,9
71,84,9.14654408357747,9
71,85,8.84244017504325,9
71,86,8.49381697088762,9
71,87,10.6285075728375,8
71,88,11.7639124938781,8
71,89,8.57516822642521,9
71,90,8.6012299153237,9
71,91,8.6852476982818,9
71,92,9.23049828259479,9
71,93,8.8585828209391,9
71,94,9.84778768805258,9
71,95,9.62598961155651,9
71,96,8.86481532673444,9
71,97,16.9039039943322,11
71,98,17.7574999626972,11
71,99,17.3127409480575,11
71,100,18.0111167752915,11
72,1,19.3939345139628,12
72,2,19.162801026873,12
72,3,19.0800845430637,12
72,4,19.1466636758011,12
72,5,18.8519781155033,12
72,6,18.5913604398382,12
72,7,19.0672257889979,12
72,8,19.9340733668342,12
72,9,19.0336757219357,12
72,10,18.2582763564327,12
72,11,18.3944746858575,12
72,12,19.1757375098094,12
72,13,18.8840748825994,12
72,14,19.4194428233743,12
72,15,18.9501525740948,12
72,16,18.5459983736417,12
72,17,17.731953137814,12
72,18,19.6902235655636,12
72,19,18.8703093923758,12
72,20,19.5926374884382,12
72,21,19.3050045730195,12
72,22,19.2464546551756,12
72,23,18.3268893637021,12
72,24,19.5631196928616,12
72,25,18.3680912379543,12
72,26,19.1922676451459,12
72,27,19.413314316829,12
72,28,19.0404541573757,12
72,29,18.9995001312423,12
72,30,19.136739212654,12
72,31,18.5212618795255,12
72,32,19.5234796674539,12
72,33,18.3121311991121,12
72,34,18.7465299167254,12
72,35,19.2252339687722,12
72,36,19.4292559806313,12
72,37,19.2004036305112,12
72,38,19.2325314218496,12
72,39,17.4620734383588,12
72,40,18.8402475389017,12
72,41,19.4599222735367,12
72,42,18.4162584380909,12
72,43,18.8158961748717,12
72,44,19.0024248722948,12
72,45,19.2710823354056,12
72,46,19.111948225144,12
72,47,18.7007177787316,12
72,48,18.8470687624944,12
72,49,18.5437075112295,12
72,50,18.8466931767775,12
72,51,18.3105217317371,12
72,52,18.2798945096555,12
72,53,18.2277088179348,12
72,54,18.8309335901018,12
72,55,19.4230590665183,12
72,56,18.3836662118362,12
72,57,18.8260686506727,12
72,58,19.7011967508797,12
72,59,19.0516640648005,12
72,60,19.676718898022,12
72,61,18.3177588787621,12
72,62,18.8893447154623,12
72,63,19.5571320211892,12
72,64,19.2318397468485,12
72,65,19.1528784411048,12
72,66,18.8604862381139,12
72,67,19.0032623334199,12
72,68,19.8201617105575,12
72,69,19.6205034509748,12
72,70,19.7846941662074,12
72,71,19.0587328844268,12
72,72,18.8553623934381,12
72,73,19.3761680594936,12
72,74,18.4868660628913,12
72,75,19.3220202294792,12
72,76,19.0825410739552,12
72,77,18.5599469687364,12
72,78,19.1742237083688,12
72,79,18.4995982824155,12
72,80,19.2543541987179,12
72,81,19.0776459086726,12
72,82,19.5145798463196,12
72,83,18.2476387378365,12
72,84,19.3878404447714,12
72,85,19.1436316709198,12
72,86,19.0062798436292,12
72,87,19.505119074627,12
72,88,18.9823453947389,12
72,89,18.9141897283613,12
72,90,18.1234040125599,12
72,91,19.7110553362575,12
72,92,18.8180554675469,12
72,93,18.4611145893656,12
72,94,18.5543742893904,12
72,95,18.490276437346,12
72,96,19.3171546618434,12
72,97,18.9958239277776,12
72,98,19.293874940991,12
72,99,19.5767564154667,12
72,100,19.0839135701428,12
73,1,0.738856638915651,1
73,2,0.189582115713851,1
73,3,0.193891550156515,1
73,4,0.147679347646328,1
73,5,0.570311015987645,1
73,6,0.838955995834994,1
73,7,0.0311602668102924,1
73,8,-0.175422476617485,1
73,9,0.211262118281237,1
73,10,0.720419165603427,1
73,11,-0.0654303890365766,1
73,12,-0.45472613350482,1
73,13,0.589198645254077,1
73,14,-0.55069077972985,1
73,15,0.791241061080952,1
73,16,-0.286720201236034,1
73,17,-0.525262934682853,1
73,18,-0.451283627308293,1
73,19,-0.424396995389607,1
73,20,-0.169923976385352,1
73,21,0.194282967115135,1
73,22,0.888441341619441,1
73,23,-0.291235206995956,1
73,24,0.297310134304121,1
73,25,-0.610726094928777,1
73,26,0.529195706141197,1
73,27,-0.305077864312622,1
73,28,-0.127110532637796,1
73,29,0.185926579293743,1
73,30,-0.90849585706289,1
73,31,0.6664575129515,1
73,32,-0.713028846223425,1
73,33,-0.346660685258783,1
73,34,-0.237581866402307,1
73,35,0.113235096346499,1
73,36,0.0488132513006667,1
73,37,-0.954841437785641,1
73,38,-1.03300121045214,1
73,39,-0.714638738190566,1
73,40,-0.666142722159616,1
73,41,-0.382752948647683,1
73,42,0.47572886803943,1
73,43,0.196113760628997,1
73,44,0.533576649766451,1
73,45,-0.74079993821911,1
73,46,0.125027490617524,1
73,47,-0.911577298146416,1
73,48,0.0997310330634933,1
73,49,-0.167055258633423,1
73,50,-0.274592409098438,1
73,51,-0.191996746336267,1
73,52,-0.0288958417178246,1
73,53,0.134128526481421,1
73,54,-0.678318770204473,1
73,55,0.106526752069435,1
73,56,-1.0603880260936,1
73,57,-0.737431710766799,1
73,58,0.183776390494038,1
73,59,-0.6265356898512,1
73,60,0.723694502676157,1
73,61,-0.200727572428599,1
73,62,0.0829053330327904,1
73,63,-0.0566772120219726,1
73,64,0.744526516085109,1
73,65,0.179627843378271,1
73,66,0.0609494663652012,1
73,67,-0.233455681831259,1
73,68,0.101046064735727,1
73,69,-0.811788700839792,1
73,70,-0.125231623198568,1
73,71,0.286778045412748,1
73,72,-0.964901686605128,1
73,73,-0.394122192890747,1
73,74,-0.238731946388311,1
73,75,0.416447549221768,1
73,76,-0.142996448196583,1
73,77,0.690149221964123,1
73,78,0.393259891431521,1
73,79,-0.085171449784761,1
73,80,-0.301374384671415,1
73,81,0.130563292750525,1
73,82,0.0255802083415533,1
73,83,-0.253606159864055,1
73,84,0.949876177479459,1
73,85,-1.25133205376948,1
73,86,-0.392596966545574,1
73,87,0.243255503306818,1
73,88,-0.0525165743651043,1
73,89,-0.0189039541447794,1
73,90,0.434278762167502,1
73,91,-0.154395597781224,1
73,92,-0.463594517987508,1
73,93,-0.654061678663937,1
73,94,0.201930350689866,1
73,95,-0.137821254142845,1
73,96,-0.101078365731474,1
73,97,0.237813140035847,1
73,98,0.425622776693618,1
73,99,-0.104613221447072,1
73,100,0.041618786014476,1
74,1,13.6118130579961,7
74,2,13.8396924327125,7
74,3,13.3660634239482,7
74,4,13.8007532496593,7
74,5,13.5801025323,7
74,6,13.3733304268416,7
74,7,14.2235438040148,7
74,8,13.4316160161917,7
74,9,14.7707989465366,7
74,10,13.6079309699197,7
74,11,14.8661384157018,7
74,12,14.36057229372,7
74,13,15.054156646637,7
74,14,14.6446149807676,7
74,15,13.6631611394306,7
74,16,13.6042260015856,7
74,17,14.6245483136497,7
74,18,13.7997573997436,7
74,19,13.9366265663999,7
74,20,15.4537908158179,7
74,21,14.0373750858278,7
74,22,13.6317121241192,7
74,23,14.2569696790019,7
74,24,13.1593469747426,7
74,25,13.6512367088117,7
74,26,13.0533190020623,7
74,27,13.2608688562613,7
74,28,13.9070602944189,7
74,29,14.5250014686863,7
74,30,13.5792068179431,7
74,31,13.7711299121673,7
74,32,14.0043064178165,7
74,33,13.5566347831985,7
74,34,14.0111245605347,7
74,35,13.5689132440116,7
74,36,13.676418205404,7
74,37,14.2972313169369,7
74,38,13.2084420956854,7
74,39,14.8093524894595,7
74,40,13.5194381030579,7
74,41,14.1484396875018,7
74,42,14.471507013671,7
74,43,13.5329913001496,7
74,44,13.7829924543134,7
74,45,13.9731281163557,7
74,46,14.2429878790802,7
74,47,14.0057456266331,7
74,48,14.266007759896,7
74,49,13.9232717724295,7
74,50,13.7490154473791,7
74,51,13.5884730509974,7
74,52,14.8795013095714,7
74,53,14.2802720604361,7
74,54,15.3527817081849,7
74,55,13.6081679114006,7
74,56,14.2131194158125,7
74,57,14.4468371910052,7
74,58,14.0513158275283,7
74,59,13.6639234412727,7
74,60,13.9837320048233,7
74,61,14.3689342478013,7
74,62,14.430350236434,7
74,63,14.2790759658472,7
74,64,13.6154048550585,7
74,65,14.2146669742555,7
74,66,14.492182138925,7
74,67,13.8986477526629,7
74,68,13.7734277259054,7
74,69,13.4459205406624,7
74,70,13.760040547598,7
74,71,13.7636182213942,7
74,72,13.00946978965,7
74,73,14.5754728230645,7
74,74,13.8793493133516,7
74,75,13.6639772481256,7
74,76,13.594924649491,7
74,77,14.5739159037516,7
74,78,13.9288601647312,7
74,79,13.9292931735222,7
74,80,14.8160426295525,7
74,81,13.0708131427135,7
74,82,12.7866073589553,7
74,83,14.4685991348495,7
74,84,14.5240754536572,7
74,85,14.6374106177349,7
74,86,15.2657179956874,7
74,87,14.8266866088471,7
74,88,14.0409266548752,7
74,89,14.4734555992519,7
74,90,13.3205772369715,7
74,91,14.1659493744257,7
74,92,14.8903892526031,7
74,93,14.6278756886062,7
74,94,13.9258513921636,7
74,95,13.0614203322048,7
74,96,13.7625780457877,7
74,97,13.8982410911039,7
74,98,14.5766228596312,7
74,99,13.154435034506,7
74,100,14.6015697228925,7
75,1,12.7828513995122,6
75,2,12.481780910405,6
75,3,12.524045865582,6
75,4,12.7688434924319,6
75,5,12.3713744891519,6
75,6,12.9988348732719,6
75,7,12.9471492990688,6
75,8,14.7995648272875,3
75,9,16.5306656963801,4
75,10,16.9341043639245,4
75,11,16.508713914462,4
75,12,16.4797731832174,4
75,13,17.2764826718175,4
75,14,17.1264499984095,4
75,15,17.4903346821991,4
75,16,16.859263696167,4
75,17,14.6094423858151,3
75,18,14.9100728602522,3
75,19,14.6542347270234,3
75,20,14.0092633467181,3
75,21,15.2531865910722,3
75,22,14.6604125360232,3
75,23,14.5720902533218,3
75,24,14.9278824470861,3
75,25,12.4649654274463,6
75,26,14.898345876983,3
75,27,15.0936097323668,3
75,28,14.6818373834513,3
75,29,14.918229248825,3
75,30,14.8603616608972,3
75,31,13.3227296916826,6
75,32,15.0813723271181,3
75,33,14.7033527968436,3
75,34,15.8171611749792,3
75,35,15.0043765920701,3
75,36,14.5154155482766,3
75,37,17.6842956106214,4
75,38,17.0349550951569,4
75,39,17.1456460678016,4
75,40,17.3942232077817,4
75,41,16.3184899167073,4
75,42,17.0293608690964,4
75,43,17.1323819221178,4
75,44,16.8192536517783,4
75,45,16.4985069462356,4
75,46,17.0911792365996,4
75,47,16.6676491039087,4
75,48,17.3443891237457,4
75,49,16.9013277196034,4
75,50,17.2653538835481,4
75,51,17.3960509253043,4
75,52,17.4091104342886,4
75,53,17.2008941525772,4
75,54,17.4212233137828,4
75,55,16.6173024081914,4
75,56,16.5136380188185,4
75,57,16.8313952677201,4
75,58,16.6997093205773,4
75,59,16.9788946407056,4
75,60,17.8070233304996,4
75,61,16.236318023542,4
75,62,17.18474434172,4
75,63,17.4222525786824,4
75,64,16.2458152531122,4
75,65,16.390453445743,4
75,66,16.7193128211097,4
75,67,16.4314923614485,4
75,68,17.3033254535618,4
75,69,17.1427658831048,4
75,70,17.1637294652042,4
75,71,17.6738056304219,4
75,72,16.5097519067574,4
75,73,16.7492798646502,4
75,74,16.6859956448218,4
75,75,17.2228617210066,4
75,76,16.6739983930852,4
75,77,15.60924632634,3
75,78,15.2921424336308,3
75,79,15.8056550860851,3
75,80,13.9694807294365,6
75,81,12.4560055693428,6
75,82,14.9043374287924,3
75,83,14.927143701382,3
75,84,15.0050726071193,3
75,85,14.9264313573338,3
75,86,12.5122188629962,6
75,87,12.0929103763158,6
75,88,12.6704366233299,6
75,89,14.870679137609,3
75,90,14.8421239721444,3
75,91,14.6806801507057,3
75,92,14.6162979302939,3
75,93,14.7920671050412,3
75,94,15.3480648406002,3
75,95,15.1583412077175,3
75,96,17.7142518778832,4
75,97,16.8557076698145,4
75,98,17.4306855863211,4
75,99,16.7946794953255,4
75,100,17.8233255582206,4
76,1,18.9686883276245,12
76,2,18.3345265226067,12
76,3,19.3736431099485,12
76,4,19.0540756436437,12
76,5,19.572731697217,12
76,6,19.3013759742525,12
76,7,18.6025558836436,12
76,8,18.5934719958049,12
76,9,17.9675246081901,12
76,10,18.4870700878198,12
76,11,19.1180022840053,12
76,12,18.6267950167238,12
76,13,18.3157331672773,12
76,14,18.8154969284074,12
76,15,19.0351127547232,12
76,16,18.5326622488156,12
76,17,18.6614392232754,12
76,18,18.9024919448594,12
76,19,19.1559569312926,12
76,20,19.5650182558207,12
76,21,18.8225831100221,12
76,22,19.8687654211005,12
76,23,18.0810607117839,12
76,24,18.3265686854445,12
76,25,19.1561614217067,12
76,26,18.2363996717052,12
76,27,18.7403094480321,12
76,28,19.3328760521098,12
76,29,18.6959702865601,12
76,30,18.1730524432801,12
76,31,18.7366767394341,12
76,32,19.1210666501339,12
76,33,19.520371942406,12
76,34,19.5286765089924,12
76,35,18.7851697561044,12
76,36,19.3562286137033,12
76,37,19.3396364103043,12
76,38,19.0068746474764,12
76,39,19.0051150274565,12
76,40,19.0363010885867,12
76,41,18.2770210048463,12
76,42,18.7338654409352,12
76,43,19.0128586935098,12
76,44,19.1697035979474,12
76,45,18.7598495058643,12
76,46,19.6687084920578,12
76,47,18.811232891753,12
76,48,18.8745112664746,12
76,49,19.263905816812,12
76,50,19.3350098561835,12
76,51,19.317076856144,12
76,52,19.4120432706202,12
76,53,19.4703559758394,12
76,54,18.7293679036878,12
76,55,20.2546053925686,12
76,56,19.2054629994911,12
76,57,19.3177745867931,12
76,58,18.4905695229613,12
76,59,18.9749164979471,12
76,60,18.8126618581532,12
76,61,18.7030079007832,12
76,62,18.5787488900047,12
76,63,19.5916731797069,12
76,64,18.3832643774119,12
76,65,19.835861188776,12
76,66,19.8593921709614,12
76,67,18.8446202871554,12
76,68,18.5552631181843,12
76,69,19.9841893823924,12
76,70,19.4015495703911,12
76,71,19.5544788542014,12
76,72,19.3117526127049,12
76,73,18.8278552958852,12
76,74,19.2885554458175,12
76,75,18.9772491232555,12
76,76,18.4819356358072,12
76,77,19.1318168668747,12
76,78,19.100616865174,12
76,79,19.0676962442807,12
76,80,19.1585621606739,12
76,81,18.9739958760148,12
76,82,19.5442541809815,12
76,83,18.8910543099569,12
76,84,18.5277844441236,12
76,85,18.9309659797976,12
76,86,18.38749405347,12
76,87,18.6222596047369,12
76,88,19.0420884591388,12
76,89,18.1427041932266,12
76,90,18.9702859520496,12
76,91,18.8792035972162,12
76,92,19.5894204321376,12
76,93,19.9416846543711,12
76,94,18.4553594195993,12
76,95,19.7448675321761,12
76,96,19.2364261684902,12
76,97,19.2340358474823,12
76,98,18.7591103559537,12
76,99,19.2176362517654,12
76,100,18.9136994212837,12
77,1,9.3861317431674,2
77,2,10.958066652204,2
77,3,9.25004747348232,2
77,4,9.61392528405693,2
77,5,10.576618190429,2
77,6,9.44766204429575,2
77,7,10.1341911161853,2
77,8,10.3686406195463,2
77,9,10.0318174253973,2
77,10,11.5758506640162,2
77,11,10.1967943359538,2
77,12,10.1012952925615,2
77,13,10.3154895602742,2
77,14,9.01270385394651,2
77,15,9.2646876535681,2
77,16,10.2299289114855,2
77,17,9.53194005803861,2
77,18,9.17097404117331,2
77,19,10.3914396886905,2
77,20,9.58373075417756,2
77,21,9.38107886273111,2
77,22,10.342186782935,2
77,23,10.1743974444096,2
77,24,9.60238706809635,2
77,25,10.3631461952938,2
77,26,9.91485593712261,2
77,27,9.40617568334766,2
77,28,9.42619242175615,2
77,29,9.80510190788428,2
77,30,9.81502834740461,2
77,31,10.2439786404636,2
77,32,9.14673000979431,2
77,33,9.69715195946806,2
77,34,9.6200908996353,2
77,35,10.3614756825177,2
77,36,9.54562970915092,2
77,37,9.7063517133642,2
77,38,10.2808339346333,2
77,39,9.33618899543155,2
77,40,10.1908133382078,2
77,41,10.7105205605896,2
77,42,10.6529717368393,9
77,43,8.08417120636212,9
77,44,8.9661532565061,9
77,45,8.36956684875268,9
77,46,8.99134313918473,9
77,47,9.77293855389244,9
77,48,10.0930243058763,9
77,49,8.58330276718209,9
77,50,10.2422738881861,8
77,51,10.4269844898284,8
77,52,10.9027959224914,8
77,53,9.06009008136344,9
77,54,8.83069598883178,9
77,55,8.74303324623845,9
77,56,9.87881464991002,9
77,57,8.28592950749426,9
77,58,11.7744038767786,8
77,59,11.034704128814,8
77,60,11.3216420430162,8
77,61,9.00061231561719,9
77,62,9.68696057336979,9
77,63,9.33423901645568,9
77,64,8.7072512130804,9
77,65,8.98486535712649,9
77,66,9.0159767248103,9
77,67,17.1333091929205,11
77,68,16.661345888671,11
77,69,17.2615654515255,11
77,70,16.4403616898298,11
77,71,17.0041616951504,11
77,72,16.4501432984817,11
77,73,17.2202172939236,11
77,74,17.5145352420865,11
77,75,16.717300915083,11
77,76,16.6759974417027,11
77,77,16.4513221411403,11
77,78,16.0388267587364,11
77,79,18.0605756978815,11
77,80,17.0044142645126,11
77,81,17.7162061595462,11
77,82,16.662545510371,11
77,83,17.0506873120454,11
77,84,16.7648066595291,11
77,85,17.2347105139273,11
77,86,17.6391388750451,11
77,87,17.6793336045239,11
77,88,16.8078551174192,11
77,89,16.633802787923,11
77,90,16.6522500191769,11
77,91,17.1863576961055,11
77,92,16.8025434392091,11
77,93,16.921880773015,11
77,94,16.2072658443419,11
77,95,15.924574155502,11
77,96,17.2589370682486,11
77,97,16.6820506089924,11
77,98,16.1173054028586,11
77,99,16.7547420751027,11
77,100,16.8810492556928,11
78,1,16.7495435816299,4
78,2,16.6095333261633,4
78,3,16.9975512238722,4
78,4,16.9184031481026,4
78,5,16.2836296695659,4
78,6,16.8155236405182,4
78,7,16.1043453530328,4
78,8,17.244677175359,4
78,9,17.2093812411184,4
78,10,17.1083851567023,4
78,11,17.1872292867628,4
78,12,16.757350329963,4
78,13,17.6507211513393,4
78,14,16.8521658545757,4
78,15,17.5887865069932,4
78,16,17.9599185935366,4
78,17,17.3483386867936,4
78,18,15.7828609610607,3
78,19,13.1180480848502,6
78,20,13.1189655960824,6
78,21,15.5862819432539,3
78,22,14.87856373132,3
78,23,15.3602903155833,3
78,24,15.0608245383091,3
78,25,14.816325858079,3
78,26,13.336652777525,6
78,27,12.5844060919425,6
78,28,13.1392930032391,6
78,29,12.9295518160275,6
78,30,12.6351819971854,6
78,31,12.194807733066,6
78,32,15.3057392508646,3
78,33,15.3214145094776,3
78,34,14.694956480739,3
78,35,14.8458048858996,3
78,36,15.4906597736493,3
78,37,14.2186899255837,3
78,38,14.6215688566315,3
78,39,14.6738823926013,3
78,40,15.0607698042989,3
78,41,14.8377674794757,3
78,42,14.7671815576313,3
78,43,15.2543180243467,3
78,44,12.9395386871569,6
78,45,13.8201777442622,6
78,46,12.0885103818068,6
78,47,13.7110277992379,6
78,48,12.5920739891366,6
78,49,12.5817714625142,6
78,50,12.9517582652114,6
78,51,14.8463313951173,3
78,52,14.8354298369815,3
78,53,14.9116052957855,3
78,54,12.8663001907508,6
78,55,13.7449428197522,6
78,56,12.6624712558842,6
78,57,12.5589814307641,6
78,58,15.5696203770016,3
78,59,14.9710396187962,3
78,60,16.0842574810989,3
78,61,14.6375962791868,3
78,62,17.1021054322787,4
78,63,16.8704386374187,4
78,64,15.5781385358521,3
78,65,15.3552611997094,3
78,66,15.1339038570489,3
78,67,14.8086012046735,3
78,68,12.99615931823,6
78,69,13.298100811074,6
78,70,12.5436082820002,6
78,71,12.6091138722169,6
78,72,12.9034745627329,6
78,73,12.9703256763232,6
78,74,12.1297701086092,6
78,75,13.6831118052661,6
78,76,13.1351700366911,6
78,77,13.1576142120814,6
78,78,13.5374632984252,6
78,79,12.2812486591732,6
78,80,12.8425490903687,6
78,81,14.3364748253941,6
78,82,15.3239913422988,3
78,83,17.7069226775423,4
78,84,16.4321067993785,4
78,85,17.4854913541696,4
78,86,17.35540217115,4
78,87,17.090200618109,4
78,88,17.0951186075812,4
78,89,17.5166115220007,4
78,90,17.1869324635098,4
78,91,17.3400662727077,4
78,92,17.3503498176863,4
78,93,17.2096090134001,4
78,94,16.4829799653215,4
78,95,17.706735561565,4
78,96,18.4970996521089,4
78,97,17.0088834277606,4
78,98,16.601970065198,4
78,99,17.3976571959798,4
78,100,17.081778880878,4
79,1,17.4543432091553,11
79,2,16.8374431712131,11
79,3,17.3631696575028,11
79,4,16.2851650783969,11
79,5,17.2602711379554,11
79,6,16.9114539941096,11
79,7,16.4359545610649,11
79,8,16.3682889489482,11
79,9,17.0514717012598,11
79,10,11.7555456044548,8
79,11,10.5123241547227,8
79,12,11.2388027992192,8
79,13,8.49993075109122,9
79,14,9.11373032078132,9
79,15,10.7593013386372,8
79,16,11.3196367544031,8
79,17,16.511989442592,11
79,18,16.9345573564469,11
79,19,16.6244838439069,11
79,20,16.6121031717307,11
79,21,16.4927597471854,11
79,22,16.0517615125983,11
79,23,17.0417836811419,11
79,24,17.2807185420657,11
79,25,16.9448475864842,11
79,26,17.0079386844724,11
79,27,15.806489388921,11
79,28,16.3157840086046,11
79,29,17.4207394415897,11
79,30,17.3958482999135,11
79,31,16.8066448041971,11
79,32,17.9391305699184,11
79,33,16.9469368993239,11
79,34,15.6047631073829,11
79,35,17.1897406996018,11
79,36,10.9917524092635,8
79,37,10.0207570967101,9
79,38,8.80448732359946,9
79,39,11.5412384173003,8
79,40,10.1923131800707,8
79,41,11.6800864734896,8
79,42,8.10629054224445,9
79,43,10.949104374649,8
79,44,11.2832210860598,8
79,45,11.3366450254787,8
79,46,8.83610308371336,9
79,47,9.27430519793892,2
79,48,9.40527761988639,2
79,49,9.25371248421628,2
79,50,9.67160337189132,2
79,51,9.82256482055795,2
79,52,10.2471499147349,2
79,53,9.26283295343026,2
79,54,10.0449195581715,2
79,55,9.46583708670807,2
79,56,10.3062030612508,2
79,57,8.61458598239774,2
79,58,10.7243091715412,2
79,59,11.0803861940798,2
79,60,9.18518196544036,2
79,61,9.76293005192711,2
79,62,10.6374181481634,2
79,63,9.9962968157883,2
79,64,10.0792221650446,2
79,65,9.51735638581734,2
79,66,9.74569203448952,2
79,67,9.64464449222179,2
79,68,9.78668839972159,2
79,69,9.03751710767932,2
79,70,9.74669148063281,2
79,71,9.73351407091954,2
79,72,10.0753151417871,2
79,73,9.70665455213975,2
79,74,10.2796240775474,2
79,75,9.69547037389086,2
79,76,8.64380531012907,2
79,77,9.98596994696638,2
79,78,10.8993902887789,2
79,79,9.40950711680774,2
79,80,9.17738103782265,2
79,81,9.53201201186003,2
79,82,10.0439571187157,2
79,83,9.33439233171224,2
79,84,10.2650331495678,2
79,85,9.74242264745503,2
79,86,10.1823146059334,2
79,87,9.30988669072078,2
79,88,9.77252801591516,2
79,89,9.39481189247213,2
79,90,10.3691443724293,2
79,91,10.4879206145613,2
79,92,9.7549437995011,2
79,93,10.4816225594627,2
79,94,10.7554730087001,2
79,95,9.85142842218734,2
79,96,10.4892644113653,2
79,97,9.76746793328603,2
79,98,9.34545237293892,2
79,99,10.1990225262744,2
79,100,9.53944564365196,9
80,1,14.2221749335425,3
80,2,14.0514631094919,3
80,3,16.4757981235393,3
80,4,15.5694358206822,3
80,5,14.5473708039571,3
80,6,15.8198369393385,4
80,7,16.947987046187,4
80,8,17.5246717072137,4
80,9,17.2127893775571,4
80,10,16.6845499908851,4
80,11,17.2623434421112,4
80,12,16.9389944432946,4
80,13,15.938644162648,4
80,14,16.8387007854438,4
80,15,15.8972287619245,3
80,16,14.6306548239206,3
80,17,14.5135969396366,3
80,18,14.4951510642657,3
80,19,15.0864252481321,3
80,20,15.5707955145678,3
80,21,17.5754337482671,4
80,22,16.8700624464465,4
80,23,17.0324531993925,4
80,24,16.8324057577767,4
80,25,16.7299532195181,4
80,26,16.344850973489,4
80,27,16.6196493296711,4
80,28,17.0877511349599,4
80,29,16.2016744140694,4
80,30,17.4875956068471,4
80,31,16.7890635991796,4
80,32,17.1488520061182,4
80,33,17.2639780654515,4
80,34,14.8663861226248,3
80,35,17.4657387863064,4
80,36,16.9591798524463,4
80,37,17.0854989025555,4
80,38,17.2188491019551,4
80,39,17.6250136701074,4
80,40,17.5498706884995,4
80,41,16.4126665690414,4
80,42,16.9121761893648,4
80,43,17.317799049445,4
80,44,17.3407644214583,4
80,45,16.4271492994982,4
80,46,18.2719275135563,4
80,47,16.8316879411807,4
80,48,16.5524206307154,4
80,49,17.451357776719,4
80,50,16.7275227661552,4
80,51,17.9213551644322,4
80,52,17.4374713920876,4
80,53,16.5222534910417,4
80,54,17.419123626494,4
80,55,17.5651123326333,4
80,56,16.2617064250886,4
80,57,17.4270801339298,4
80,58,17.830449046811,4
80,59,17.293482255142,4
80,60,16.5429527666037,4
80,61,16.3508693028196,4
80,62,17.2820221770168,4
80,63,17.7872883504126,4
80,64,16.8510676076599,4
80,65,16.8646052675655,4
80,66,16.7100291631954,4
80,67,16.8623673886798,4
80,68,14.0010033351618,6
80,69,12.7380015447556,6
80,70,12.9294221419049,6
80,71,12.4003163041996,6
80,72,13.0536863599805,6
80,73,13.0216448729108,6
80,74,12.6511732691516,6
80,75,13.1137735251034,6
80,76,14.5233051757349,6
80,77,12.3015248732008,6
80,78,13.4830808555273,6
80,79,13.488242675068,6
80,80,12.5191258434672,6
80,81,12.4377574500968,6
80,82,12.4389496085421,6
80,83,12.5597708299611,6
80,84,12.9760319873237,6
80,85,13.7779232206994,6
80,86,13.3850478968734,6
80,87,13.4337802096015,6
80,88,13.1876733361481,6
80,89,13.1215886611262,6
80,90,13.079990975939,6
80,91,13.4700542781495,6
80,92,15.5303771761104,3
80,93,14.7809484893711,3
80,94,15.2717915224684,3
80,95,15.0551542960923,3
80,96,15.8981225724024,3
80,97,14.886075889913,3
80,98,15.5393222972771,3
80,99,15.1558570956277,3
80,100,14.7480766580834,3
81,1,16.2972321421459,11
81,2,17.5498324994569,11
81,3,17.5674710440774,11
81,4,17.2999088497116,11
81,5,16.5743000561691,11
81,6,11.2591375404368,8
81,7,10.7212265339571,8
81,8,11.3227250809699,8
81,9,9.09146089620734,9
81,10,9.87696794796016,9
81,11,11.3371520977761,8
81,12,11.6159601402691,8
81,13,11.2336128244483,8
81,14,11.039241350593,8
81,15,9.16752568348608,9
81,16,9.8750997760354,9
81,17,11.0032493669248,8
81,18,10.456509743494,8
81,19,10.2236420790669,8
81,20,11.4022224963665,8
81,21,11.2344554398976,8
81,22,11.1483749555057,8
81,23,10.3541834374974,8
81,24,9.20350871549925,9
81,25,9.30287286395071,9
81,26,8.90705085897024,9
81,27,8.70900225883328,9
81,28,8.55908355889969,9
81,29,10.2787556146361,8
81,30,11.3726708392269,8
81,31,8.9180807111224,9
81,32,9.05363767533333,9
81,33,11.0067710295465,8
81,34,11.6747495075489,8
81,35,11.524922244698,8
81,36,11.1605696673196,8
81,37,11.4043099480319,8
81,38,10.7808574447916,8
81,39,10.8814732688725,8
81,40,10.7165807228917,8
81,41,9.7282227409453,8
81,42,9.45236043748059,9
81,43,9.01442004102697,9
81,44,8.45551341150695,9
81,45,9.69995421329142,9
81,46,10.3022631168038,8
81,47,8.64433904745253,9
81,48,11.1703121803021,8
81,49,11.5587121336492,8
81,50,9.24927822874995,9
81,51,9.7931827787291,9
81,52,6.06833466304335,10
81,53,7.90577839184885,10
81,54,7.65317630342638,10
81,55,7.86561624312269,10
81,56,6.98352280659929,10
81,57,6.80816526384246,10
81,58,7.56481450247346,10
81,59,7.19243279804027,10
81,60,6.49081123989966,10
81,61,6.19823273932886,10
81,62,6.94041864252466,10
81,63,7.00086664390554,10
81,64,7.03434846444827,10
81,65,6.39169464871617,10
81,66,7.17267874455341,10
81,67,8.1060731923579,10
81,68,7.51041069893797,10
81,69,6.69419183862378,10
81,70,7.78255035879783,10
81,71,7.71641276690966,10
81,72,6.56107901351542,10
81,73,6.75900782029587,10
81,74,6.64421573737352,10
81,75,6.4860266728864,10
81,76,7.02489259980759,10
81,77,6.51062856030381,10
81,78,7.57054235944952,10
81,79,7.24692837801722,10
81,80,7.27959569661771,10
81,81,6.65405579369701,10
81,82,7.59648989973477,10
81,83,7.22355485978579,10
81,84,7.34013991432735,10
81,85,7.09106429754033,10
81,86,7.05593609652593,10
81,87,7.4407725563566,10
81,88,6.79944434428917,10
81,89,6.96647186734997,10
81,90,6.90353327387742,10
81,91,7.65558387842461,10
81,92,6.19499428524921,10
81,93,5.59304953556109,10
81,94,6.01617654318882,10
81,95,7.65025904518101,10
81,96,7.2726686140348,10
81,97,7.15732323392017,10
81,98,6.00331866553488,10
81,99,6.78278570139114,10
81,100,7.47492815116648,10
82,1,14.0028637272682,7
82,2,14.5206407067723,7
82,3,12.8396687261758,7
82,4,14.0356031868724,7
82,5,14.2951414843456,7
82,6,14.1954811326204,7
82,7,14.3091148469033,7
82,8,14.2376505230473,7
82,9,13.7029231446119,7
82,10,13.6679299408992,7
82,11,13.9795130713905,7
82,12,13.5573678241734,7
82,13,13.2258445819343,7
82,14,13.4511752046355,7
82,15,13.7518100310803,7
82,16,14.893382054196,7
82,17,13.8693779001508,7
82,18,14.3225948970064,7
82,19,14.357362356059,7
82,20,14.2914210326788,7
82,21,14.1148969313945,7
82,22,13.5096070576882,7
82,23,13.8234158137664,7
82,24,13.1552907347059,7
82,25,14.9945839617569,7
82,26,15.1817500529583,7
82,27,14.0605194195438,7
82,28,13.9860268962462,7
82,29,13.7607811333202,7
82,30,12.8962869008684,7
82,31,14.1885824249507,7
82,32,13.8999453876638,7
82,33,14.2045475222044,7
82,34,13.9914922968921,7
82,35,13.7557578795109,7
82,36,13.2939596755213,7
82,37,14.7321303503011,7
82,38,14.0418245097018,7
82,39,14.6500177273183,7
82,40,14.5872429830533,7
82,41,13.6647171020064,7
82,42,14.4406372484629,7
82,43,14.2309090137097,7
82,44,13.6604596466731,7
82,45,13.8437801333096,7
82,46,14.3181532863339,7
82,47,14.7966018729253,7
82,48,13.6705462756084,7
82,49,13.7519111077352,7
82,50,13.2959064014317,7
82,51,13.7656535162965,7
82,52,14.006712091386,7
82,53,13.9327343976422,7
82,54,13.2152702549959,7
82,55,13.6993319979462,7
82,56,14.3760877540825,7
82,57,14.0069729609885,7
82,58,13.8658312340844,7
82,59,14.3487701783011,7
82,60,13.0029160760157,7
82,61,14.2084636312168,7
82,62,13.7340637879542,7
82,63,13.9125003665835,7
82,64,14.1868852058897,7
82,65,14.5179857039777,7
82,66,13.3250842404646,7
82,67,14.4043067301783,7
82,68,13.6528800870272,7
82,69,14.4064981208675,7
82,70,14.9406564780606,7
82,71,13.97673984798,7
82,72,13.4034877386024,7
82,73,13.3093860229119,7
82,74,13.7816414937155,7
82,75,14.2602572872148,7
82,76,14.0440766321426,7
82,77,14.3712102661198,7
82,78,14.230076368999,7
82,79,13.9246006991458,7
82,80,14.6755875848579,7
82,81,14.1446571540614,7
82,82,13.8735043290319,7
82,83,14.4862359984753,7
82,84,13.3487151824085,7
82,85,12.950919807025,7
82,86,15.0022157843379,7
82,87,13.8694155978879,7
82,88,13.2982068417804,7
82,89,13.6721941311009,7
82,90,14.331831323082,7
82,91,13.8046463558431,7
82,92,13.7788198721546,7
82,93,14.0010383196816,7
82,94,14.3200467181037,7
82,95,14.6490287236582,7
82,96,14.6486771647029,7
82,97,14.1136843547236,7
82,98,14.4913655714466,7
82,99,14.6544032038925,7
82,100,14.0692490348385,7
83,1,16.6915516303264,4
83,2,16.871705826494,4
83,3,16.9440529833278,4
83,4,15.1625810771139,3
83,5,15.701531226079,3
83,6,14.7058588319054,3
83,7,15.7995114435002,3
83,8,15.0253289452374,3
83,9,14.369041903299,3
83,10,13.286998583149,6
83,11,12.588204721933,6
83,12,12.263192011473,6
83,13,13.0882382157497,6
83,14,13.2141432195432,6
83,15,13.0551105043227,6
83,16,12.9046002303184,6
83,17,12.7029755787355,6
83,18,13.0290904320569,6
83,19,12.8343475661611,6
83,20,12.9942527680217,6
83,21,13.5297391175879,6
83,22,13.115029621607,6
83,23,13.2236104486443,6
83,24,11.8964391756347,6
83,25,13.2515558012322,6
83,26,12.2870524171376,6
83,27,15.0917456999989,3
83,28,15.0061179329887,3
83,29,12.9606286514415,6
83,30,13.2409744946894,6
83,31,13.1434019062979,6
83,32,13.4536302766376,6
83,33,12.8801760350006,6
83,34,12.9624269660854,6
83,35,16.1175371128703,3
83,36,15.3256760135981,3
83,37,12.9224754562933,6
83,38,12.9943742169471,6
83,39,12.9178092544567,6
83,40,12.239503904606,6
83,41,12.7794519465337,6
83,42,12.7737511531256,6
83,43,12.8518514858684,6
83,44,14.0104707007717,6
83,45,13.3475053966125,6
83,46,12.7060215252019,6
83,47,14.9160249596365,3
83,48,14.7375232122131,3
83,49,14.7546418535487,3
83,50,12.638476900096,6
83,51,12.5097787518904,6
83,52,14.180371268058,6
83,53,12.7938771152119,6
83,54,13.2921932570948,6
83,55,12.9130023467858,6
83,56,14.1852285690359,6
83,57,13.4804824383277,6
83,58,13.1226207939261,6
83,59,12.8719646155488,6
83,60,12.5148013164153,6
83,61,12.7235445722429,6
83,62,13.5176488841931,6
83,63,12.1244375855434,6
83,64,12.7990396468243,6
83,65,13.1252536155962,6
83,66,13.1377828248024,6
83,67,12.1341235894412,6
83,68,12.6106442304753,6
83,69,12.0183770948542,6
83,70,13.2152097804458,6
83,71,12.6768605927444,6
83,72,12.3873823021749,6
83,73,13.900853550771,6
83,74,13.0239493566619,6
83,75,14.8066208147991,3
83,76,15.8602480893574,3
83,77,14.2172407104188,3
83,78,15.1059044546206,3
83,79,14.6547335247051,3
83,80,12.6195068306291,6
83,81,13.1528838207286,6
83,82,12.9226763794401,6
83,83,13.2286374532031,6
83,84,13.1127821957828,6
83,85,12.1349039717547,6
83,86,13.2894851438176,6
83,87,15.2121717798289,3
83,88,15.0221110993184,3
83,89,14.1487354924179,3
83,90,16.1435579484509,3
83,91,14.9629388209205,3
83,92,15.3960136993606,3
83,93,14.8772340950851,3
83,94,15.2291072250374,3
83,95,14.8577494607444,3
83,96,14.6983487601528,3
83,97,12.883320261023,6
83,98,13.1466373337431,6
83,99,12.8132340362038,6
83,100,13.0828255415675,6
84,1,10.444208565777,2
84,2,10.6132671435687,2
84,3,10.0032636687638,2
84,4,10.2360434692937,2
84,5,9.53558081708221,2
84,6,10.0409741087111,2
84,7,9.19888274347599,2
84,8,10.0430349076889,2
84,9,9.31425214122139,2
84,10,10.2359313020507,2
84,11,9.8871610971737,2
84,12,9.60990795607623,2
84,13,9.48892096988125,2
84,14,9.88083083004828,2
84,15,9.76965644950557,2
84,16,9.67875635202578,2
84,17,9.7112765219284,2
84,18,9.91065692124055,2
84,19,10.0280959414005,2
84,20,10.1994023479211,2
84,21,9.83067600278381,2
84,22,9.48886040479099,2
84,23,10.0993861415018,2
84,24,9.86872528101185,2
84,25,9.6978486160679,2
84,26,10.2264499707952,2
84,27,9.6890769247033,2
84,28,10.3529046616021,2
84,29,10.6122782431222,2
84,30,9.63606356273067,2
84,31,10.5844924270134,2
84,32,10.7866372138895,2
84,33,9.04077543823865,2
84,34,9.70841102656037,2
84,35,9.78351974804078,2
84,36,10.6993261274656,2
84,37,8.85385336587303,2
84,38,10.4956602199895,2
84,39,10.6631283864862,2
84,40,9.84598974817385,2
84,41,9.61720257604597,2
84,42,10.6329499121997,2
84,43,9.84543401032406,2
84,44,9.36437303435117,2
84,45,10.097096588343,2
84,46,8.93949526973531,2
84,47,10.1349837573301,2
84,48,10.888956358146,2
84,49,9.53851226835648,2
84,50,10.1243548112876,2
84,51,8.91978245227722,2
84,52,10.5328845718765,2
84,53,9.89283067677528,2
84,54,10.4168219655995,2
84,55,9.3632435236218,2
84,56,9.94945751760551,2
84,57,10.6493515592678,2
84,58,9.26349864871413,2
84,59,10.2233790945129,2
84,60,8.50045711960465,9
84,61,9.62170310030839,9
84,62,8.72509086263183,9
84,63,11.3373737661209,8
84,64,11.408765721824,8
84,65,11.0949958236475,8
84,66,10.5030896630317,8
84,67,9.01415750435855,9
84,68,9.05365359049951,9
84,69,8.33778762313267,9
84,70,10.9452956818047,8
84,71,8.72806723332257,9
84,72,8.40930327640044,9
84,73,8.91265381088062,9
84,74,11.066816920386,8
84,75,17.5429015583445,11
84,76,16.6746196694156,11
84,77,16.0709078377323,11
84,78,17.4932460477244,11
84,79,16.6643332343847,11
84,80,17.0762895825994,11
84,81,17.750119713212,11
84,82,16.8798353771026,11
84,83,16.946460018419,11
84,84,17.7483076032082,11
84,85,18.1306554423535,11
84,86,16.9179571232944,11
84,87,16.8015549520222,11
84,88,17.2104330940733,11
84,89,16.3849924024968,11
84,90,16.7951007814288,11
84,91,16.6446225182739,11
84,92,16.8211970753559,11
84,93,10.5654113850316,8
84,94,11.0507894107069,8
84,95,10.7769931418411,8
84,96,11.4492638820308,8
84,97,18.0631435152699,11
84,98,16.0657397113788,11
84,99,8.64293816010544,9
84,100,11.0354006238189,8
85,1,-0.323540280908952,1
85,2,0.456076292995756,1
85,3,-0.62360352436011,1
85,4,-0.507287156417193,1
85,5,-0.240857546398657,1
85,6,0.244387113546569,1
85,7,-0.534503784678952,1
85,8,-6.93632205219386e-05,1
85,9,-0.780446720420358,1
85,10,-0.0698509952504982,1
85,11,0.825733949359029,1
85,12,0.861179055047409,1
85,13,0.0388887338873488,1
85,14,-0.569418975601039,1
85,15,-0.10055324299055,1
85,16,0.158093623140669,1
85,17,-1.20800498105719,1
85,18,0.392108411385553,1
85,19,0.402519875144821,1
85,20,-0.289358885867553,1
85,21,0.818590120590747,1
85,22,-0.877589218860761,1
85,23,-0.341634567121429,1
85,24,-0.403832559770951,1
85,25,0.119920807502696,1
85,26,-0.775508538996174,1
85,27,-0.786896369115177,1
85,28,-0.497376126110795,1
85,29,-0.238528617386894,1
85,30,0.546399534800395,1
85,31,-0.0422402932741972,1
85,32,0.0444386528844279,1
85,33,0.0993511674504828,1
85,34,0.553059095211633,1
85,35,0.146123661514323,1
85,36,-0.706359554641267,1
85,37,0.789421399895485,1
85,38,0.684481320482788,1
85,39,0.597373076335467,1
85,40,-0.0183178766174249,1
85,41,0.434342167416089,1
85,42,0.337766628078436,1
85,43,0.951427699950244,1
85,44,0.181173633508834,1
85,45,0.371363139921273,1
85,46,-0.342507925289556,1
85,47,-0.0649867901223924,1
85,48,0.432272532640181,1
85,49,0.276976192516405,1
85,50,-0.465096759001837,1
85,51,-0.0978395760327984,1
85,52,0.200574397965775,1
85,53,-0.229480304017397,1
85,54,1.05958334283293,1
85,55,-0.211263760291115,1
85,56,-0.0194050794780883,1
85,57,0.81337762693053,1
85,58,-0.439561074816841,1
85,59,-0.160993092779631,1
85,60,0.105487399841777,1
85,61,-0.824289692916206,1
85,62,-0.776699599875222,1
85,63,0.542850640496502,1
85,64,-0.408499563283285,1
85,65,-0.037947001948601,1
85,66,-0.449399315932524,1
85,67,0.0594170890786185,1
85,68,-0.165222023072964,1
85,69,0.322389364889693,1
85,70,-0.412164158690226,1
85,71,-0.384111877765947,1
85,72,-0.192786140627765,1
85,73,0.306798458414556,1
85,74,0.793554941035138,1
85,75,0.22061540414969,1
85,76,0.00500613818386134,1
85,77,-0.0156129099071436,1
85,78,-0.132111508504935,1
85,79,0.0674816281406939,1
85,80,0.0828547686950225,1
85,81,-0.617315683636136,1
85,82,0.679299780792056,1
85,83,1.06697962396577,1
85,84,-0.461472349455059,1
85,85,1.31714293072115,1
85,86,0.815315240026084,1
85,87,0.279648143079031,1
85,88,0.0548302154616573,1
85,89,-0.486418818069192,1
85,90,0.733222721319065,1
85,91,-0.0118200678621905,1
85,92,-0.366683724043477,1
85,93,-0.0420723254500504,1
85,94,-0.94689170456898,1
85,95,-0.647940462469956,1
85,96,0.148954238056661,1
85,97,-0.0789283330403501,1
85,98,0.68672756762695,1
85,99,0.129003560476626,1
85,100,-0.273456468526313,1
86,1,19.7070052277659,12
86,2,18.9256938014302,12
86,3,18.7681582139596,12
86,4,19.3005931321344,12
86,5,19.6189212204648,12
86,6,19.6970134498452,12
86,7,18.2723404995263,12
86,8,19.5218787231899,12
86,9,18.568495563309,12
86,10,19.3558343131702,12
86,11,19.78463032746,12
86,12,19.4415092454901,12
86,13,17.9455418494268,12
86,14,18.2129448276496,12
86,15,18.9640195436894,12
86,16,18.5176184965579,12
86,17,19.1394291058786,12
86,18,19.4176689678159,12
86,19,19.1992068312057,12
86,20,18.8421640229234,12
86,21,19.3703442534074,12
86,22,19.1865836263016,12
86,23,18.6172185764317,12
86,24,18.4764104966459,12
86,25,19.3010456816302,12
86,26,19.541058992604,12
86,27,18.4689805706009,12
86,28,19.2624873586632,12
86,29,18.5154170814109,12
86,30,19.6272706262065,12
86,31,19.2104121607855,12
86,32,18.9288058125462,12
86,33,18.7902995632539,12
86,34,19.2259859375338,12
86,35,18.6044749067101,12
86,36,19.9192742030163,12
86,37,19.3692749177051,12
86,38,18.75105593713,12
86,39,19.5398269177576,12
86,40,19.5554748556078,12
86,41,18.4954973542409,12
86,42,18.5868727969019,12
86,43,18.7698322543259,12
86,44,18.9311540627303,12
86,45,18.825760591211,12
86,46,19.1586952993848,12
86,47,18.8496264497052,12
86,48,19.3044485599769,12
86,49,18.3798720954987,12
86,50,18.5985135416206,12
86,51,19.2138800104885,12
86,52,19.3906084280075,12
86,53,18.5948997818112,12
86,54,19.2384120803632,12
86,55,19.4223204816669,12
86,56,18.6120832761675,12
86,57,20.1464240632297,12
86,58,18.603412670685,12
86,59,18.6305963176453,12
86,60,18.1881536592828,12
86,61,18.3480702818617,12
86,62,18.5999519063556,12
86,63,18.8940497865831,12
86,64,19.4308690429345,12
86,65,20.1320971197557,12
86,66,19.2715432205316,12
86,67,18.5742253857136,12
86,68,19.7107679955835,12
86,69,19.6458949200691,12
86,70,19.1375695627455,12
86,71,19.1039858811472,12
86,72,19.0541152534103,12
86,73,18.5532017558403,12
86,74,19.1756322453429,12
86,75,18.9650755236638,12
86,76,19.5115887607644,12
86,77,19.4152466940103,12
86,78,18.3999505290113,12
86,79,17.8329262572513,12
86,80,19.9516628054765,12
86,81,18.985420369175,12
86,82,19.8498832953484,12
86,83,18.8340206382948,12
86,84,19.3011413782931,12
86,85,19.3809325393728,12
86,86,19.1445228503384,12
86,87,19.317300663136,12
86,88,18.6651064183222,12
86,89,18.4692312730587,12
86,90,19.170431816463,12
86,91,19.0259202624433,12
86,92,19.1781549590823,12
86,93,19.9766013138011,12
86,94,18.913767006773,12
86,95,18.5865650868405,12
86,96,19.2637077875328,12
86,97,19.4938136454275,12
86,98,19.3317675309975,12
86,99,19.7112742213017,12
86,100,20.0920259171952,12
87,1,9.28166312493638,2
87,2,9.46607723857836,2
87,3,9.70218229297292,2
87,4,10.4565879337873,2
87,5,10.2464121692402,2
87,6,9.30737078284244,2
87,7,10.3989815337588,2
87,8,10.1735134022447,2
87,9,10.8339641317902,2
87,10,10.5508581306595,2
87,11,9.85231921097685,2
87,12,9.82978203653486,2
87,13,9.12305275970269,2
87,14,9.3427376487216,2
87,15,10.1109559105083,2
87,16,9.48255827544873,2
87,17,10.3093609220649,2
87,18,9.94594157164555,2
87,19,10.256581553481,2
87,20,10.9838476504574,2
87,21,10.2867414138116,2
87,22,10.7172743829465,2
87,23,10.1122518189424,2
87,24,10.2623903949931,2
87,25,9.74517911684877,2
87,26,9.78013725391726,2
87,27,9.89488855623061,2
87,28,9.25620202677325,2
87,29,9.05754832964012,2
87,30,9.89133816810492,2
87,31,10.7111622544228,2
87,32,9.54351747578825,2
87,33,10.0212669319123,2
87,34,10.0635525245148,2
87,35,10.4861628944568,2
87,36,9.81522555474652,2
87,37,10.4161073851461,2
87,38,10.1946765924606,2
87,39,10.0356924060366,2
87,40,9.72856173314241,2
87,41,10.3152701682459,2
87,42,9.27027832496813,2
87,43,9.86748915823099,2
87,44,10.7801436566703,2
87,45,8.94046526028753,9
87,46,8.94593695575808,9
87,47,11.5264047970607,8
87,48,11.1977292458067,8
87,49,9.25175077239168,9
87,50,11.038533964117,8
87,51,9.16940123095117,9
87,52,8.88363304955189,9
87,53,8.65857765853174,9
87,54,10.9755654586941,8
87,55,11.0095826503095,8
87,56,10.6639123545197,8
87,57,11.3747539516213,8
87,58,11.0967964461479,8
87,59,8.68184438953567,9
87,60,9.17691808795233,9
87,61,10.3018443483135,8
87,62,8.49773206223999,9
87,63,9.17280282417595,9
87,64,9.13594023143373,9
87,65,9.22902096605119,9
87,66,11.1898459771842,8
87,67,8.889787634344,9
87,68,9.01170336014045,9
87,69,11.4366779963962,8
87,70,11.3745235766629,8
87,71,9.03756794540426,9
87,72,8.64953672048076,9
87,73,8.19328586859452,9
87,74,9.17751191585597,9
87,75,11.1987050297936,8
87,76,11.3954847909862,8
87,77,11.9278753767884,8
87,78,10.6594969652719,8
87,79,8.74220973806185,9
87,80,9.36519948426806,9
87,81,10.047046059811,8
87,82,9.27046115753231,9
87,83,11.5486318694379,8
87,84,11.270473013703,8
87,85,11.2285189532189,8
87,86,10.4865518316099,8
87,87,9.78654068988646,2
87,88,10.4888958493091,2
87,89,10.6373285705792,2
87,90,10.4383355624209,2
87,91,9.89384563589114,2
87,92,10.2486003044939,2
87,93,10.5034212586474,2
87,94,10.3683416143852,2
87,95,10.5655845342257,2
87,96,9.77763587855843,2
87,97,10.1707686442383,2
87,98,10.1206253717891,2
87,99,10.50874613905,2
87,100,9.41792479026602,2
88,1,9.29181324724614,9
88,2,8.37948752485435,9
88,3,8.81487685367716,9
88,4,8.46845342165625,9
88,5,11.1972684965294,8
88,6,9.64207515789899,9
88,7,8.50300250295444,9
88,8,8.28073878916693,9
88,9,11.5740282179204,8
88,10,8.38866533764283,9
88,11,9.88218077077994,9
88,12,8.26289523041449,9
88,13,11.0893499411044,8
88,14,16.9012848662115,11
88,15,16.4583422176376,11
88,16,16.4313460296756,11
88,17,16.7765158218369,11
88,18,17.2472744890118,11
88,19,16.6779475496637,11
88,20,17.1148195994594,11
88,21,16.2716756467631,11
88,22,17.4056265963392,11
88,23,17.0429746366986,11
88,24,17.3353572422829,11
88,25,17.4600943795949,11
88,26,17.1995993741112,11
88,27,17.122083925082,11
88,28,16.4733544801591,11
88,29,16.6294430432846,11
88,30,15.9670749727103,11
88,31,17.0173335679382,11
88,32,16.4996142858564,11
88,33,17.6273654534226,11
88,34,16.8173007492057,11
88,35,16.9781596216928,11
88,36,17.3828981891938,11
88,37,11.6622204450832,8
88,38,11.550354410063,8
88,39,9.20671452357857,9
88,40,9.39958209344109,9
88,41,9.25235111255609,9
88,42,9.69240923509396,9
88,43,9.11665793780893,9
88,44,8.4531295887666,9
88,45,11.3607204148191,8
88,46,11.222640811234,8
88,47,11.018930110598,8
88,48,11.15367081954,8
88,49,10.9379162605254,8
88,50,9.69264885133001,2
88,51,9.88989360567501,2
88,52,10.3232510812902,2
88,53,9.39679485319453,2
88,54,10.3211753409148,2
88,55,10.3532844737197,2
88,56,9.61803799322835,2
88,57,10.3636447971673,2
88,58,10.9682252233655,2
88,59,10.6206798521837,2
88,60,10.3627293216168,2
88,61,9.87698629686927,2
88,62,9.61095799733643,2
88,63,10.3789940280389,2
88,64,9.94855252059023,2
88,65,10.7617117572076,2
88,66,9.81217123138898,2
88,67,9.9040691699883,2
88,68,9.59647828975967,2
88,69,10.7937322039588,8
88,70,11.3885798518612,8
88,71,9.5770236884234,9
88,72,9.27907018300841,9
88,73,9.18050424764364,9
88,74,8.53145690937206,9
88,75,9.49575120565826,9
88,76,10.276099429548,8
88,77,8.1690449281841,9
88,78,8.27214295980054,9
88,79,8.74611939396154,9
88,80,11.3130520453555,8
88,81,7.71148685962482,9
88,82,9.62167951219459,9
88,83,9.80489054362174,9
88,84,10.6320240115851,8
88,85,11.538673011626,8
88,86,10.8988469061987,8
88,87,10.7481529535527,8
88,88,11.5416756761294,8
88,89,11.5221510175323,8
88,90,11.224924373056,8
88,91,11.6859702677604,8
88,92,10.6802144490202,8
88,93,11.7970084819766,8
88,94,11.0546074318736,8
88,95,11.2617064494204,8
88,96,11.055962722854,8
88,97,8.94385134223934,9
88,98,9.82823297157053,9
88,99,16.9389021218919,11
88,100,16.2747357008898,11
89,1,16.0366384272931,3
89,2,14.5943738467588,3
89,3,15.5853714485678,3
89,4,13.6570139231364,6
89,5,12.9528897588401,6
89,6,12.7198373069406,6
89,7,12.726620694461,6
89,8,12.2458780353805,6
89,9,13.0895187967024,6
89,10,13.1228000643736,6
89,11,14.1023437651695,6
89,12,13.1211162374976,6
89,13,12.9161067018108,6
89,14,13.6413525802367,6
89,15,12.2420824911652,6
89,16,12.8753044233125,6
89,17,12.652248030091,6
89,18,12.2270931436444,6
89,19,13.2879052419763,6
89,20,14.3861045775858,6
89,21,13.7158416513885,6
89,22,13.1610937249836,6
89,23,12.3022561504612,6
89,24,13.0311640364835,6
89,25,12.8423928313722,6
89,26,14.7879070358253,3
89,27,14.486613417415,3
89,28,15.0316576987009,3
89,29,14.9701069186872,3
89,30,15.2233623440266,3
89,31,14.9750844749028,3
89,32,14.7071476448772,3
89,33,15.1367169878898,3
89,34,15.9001959166619,3
89,35,15.1644806532016,3
89,36,16.3807846582933,3
89,37,11.8657210579237,6
89,38,13.3069826901727,6
89,39,12.4744970641773,6
89,40,12.6194635442674,6
89,41,13.5168394669594,6
89,42,12.5516556318672,6
89,43,13.2491041539139,6
89,44,13.1724822359851,6
89,45,12.7495685577,6
89,46,12.7934700772162,6
89,47,12.6508122346272,6
89,48,12.3697316306293,6
89,49,14.155532003231,3
89,50,15.5926226444457,3
89,51,15.6611936529044,3
89,52,14.9437083095776,3
89,53,15.2597156549583,3
89,54,15.7542865082315,3
89,55,14.384154178042,3
89,56,15.5329820688718,3
89,57,16.204694014112,3
89,58,15.0436432731382,3
89,59,12.5005079993719,6
89,60,13.4549967921438,6
89,61,13.035984118389,6
89,62,13.1585051483058,6
89,63,13.1127827352852,6
89,64,12.8676452801821,6
89,65,13.4268006505201,6
89,66,13.2651381636879,6
89,67,12.3339264198752,6
89,68,13.4564610800785,6
89,69,13.3402868287536,6
89,70,16.9195034354662,4
89,71,16.5417383212226,4
89,72,17.1479609577433,4
89,73,17.388957098916,4
89,74,17.0512238172939,4
89,75,16.6187284003347,4
89,76,16.5337614219898,4
89,77,17.1649802351499,4
89,78,16.1464661199503,4
89,79,17.4247651818822,4
89,80,16.6417337036462,4
89,81,17.0533506475307,4
89,82,17.2157374529893,4
89,83,16.9297178182812,4
89,84,16.873475472869,4
89,85,16.8149037507365,4
89,86,16.899525653402,4
89,87,17.0686174589137,4
89,88,17.1700744264641,4
89,89,16.4766437996119,4
89,90,16.791588539364,4
89,91,16.4769694170858,4
89,92,16.9160067456995,4
89,93,17.6916565094321,4
89,94,17.5213026878397,4
89,95,16.5030829812604,4
89,96,17.3469510558037,4
89,97,15.9680518253783,4
89,98,16.7225325587182,4
89,99,16.891386679372,4
89,100,16.8744424763094,4
90,1,-0.765763998509913,1
90,2,0.234660519629589,1
90,3,0.183774713399798,1
90,4,-0.569563263297792,1
90,5,-0.152368197029784,1
90,6,0.25655062144305,1
90,7,0.160433873885284,1
90,8,0.974080462826587,1
90,9,-0.13530819285329,1
90,10,0.375899483044526,1
90,11,-0.415363439262041,1
90,12,0.186216340915979,1
90,13,0.26028390624485,1
90,14,-1.16683971064391,1
90,15,0.723315020403978,1
90,16,-0.758673356828477,1
90,17,-0.852059327849962,1
90,18,0.396201314731892,1
90,19,0.752950282113859,1
90,20,0.44298636781302,1
90,21,-0.365175266340249,1
90,22,0.414816814726534,1
90,23,-0.627482499722001,1
90,24,-0.125183666732991,1
90,25,0.36809480751236,1
90,26,0.0798736799547179,1
90,27,1.25623923610186,1
90,28,0.54445366634893,1
90,29,-0.619334722512624,1
90,30,0.727162133412205,1
90,31,0.262562045725434,1
90,32,-0.702457455005158,1
90,33,-0.411323973367172,1
90,34,0.0216765283880828,1
90,35,-0.0797702623449351,1
90,36,0.535332667631171,1
90,37,0.72544450286944,1
90,38,0.243012059689914,1
90,39,0.148947717205143,1
90,40,0.531667278835588,1
90,41,-0.169285230808934,1
90,42,0.358631211418043,1
90,43,-0.0973208465369981,1
90,44,-0.349595621802799,1
90,45,-1.01205102684371,1
90,46,0.695206894851203,1
90,47,0.065279972601986,1
90,48,-0.481832866489961,1
90,49,0.508653230029331,1
90,50,0.11364914248855,1
90,51,-0.351860030152318,1
90,52,0.445941922501464,1
90,53,-0.715985832239917,1
90,54,0.505971345154677,1
90,55,-1.38551167153464,1
90,56,-0.367843161031855,1
90,57,-0.171619698012182,1
90,58,-0.363122261037603,1
90,59,0.232789861795921,1
90,60,-0.41388292227069,1
90,61,0.193957984410051,1
90,62,0.131006653131151,1
90,63,-0.367385726676143,1
90,64,-0.174253596486531,1
90,65,-0.763899125386633,1
90,66,-0.0470257315238317,1
90,67,0.629448922615842,1
90,68,-0.395832969494932,1
90,69,-0.227919097907987,1
90,70,0.701929564725674,1
90,71,0.259099861443218,1
90,72,0.952193446855638,1
90,73,-0.0485919001140959,1
90,74,0.0839594010771278,1
90,75,1.43447483372501,1
90,76,-1.14700240712107,1
90,77,1.241117758081,1
90,78,-1.17662655001587,1
90,79,0.47233630511519,1
90,80,0.36300462862024,1
90,81,0.386431793440274,1
90,82,0.139426322085874,1
90,83,-1.01014679703775,1
90,84,-0.797862664444691,1
90,85,-0.0634782037434974,1
90,86,-0.100907914734599,1
90,87,0.310872300352909,1
90,88,0.34087558143255,1
90,89,-0.219019152423924,1
90,90,-0.0194308117672456,1
90,91,-0.38851592844147,1
90,92,-0.297025343845474,1
90,93,-0.0993600157970152,1
90,94,0.447044508538622,1
90,95,-0.281742877887415,1
90,96,0.304890498335865,1
90,97,-0.341384266346887,1
90,98,0.669480021458153,1
90,99,0.0236790419185665,1
90,100,-0.515597505020272,1
91,1,15.0050025003412,3
91,2,14.7368626734778,3
91,3,14.4464923069228,3
91,4,12.781968562178,6
91,5,13.0687380050404,6
91,6,13.7001972851104,6
91,7,13.6931211904352,6
91,8,12.5393175343273,6
91,9,12.8860733140834,6
91,10,14.8693685865862,3
91,11,14.7409780427735,3
91,12,15.0157418757814,3
91,13,14.6341593031916,3
91,14,14.7744485217037,3
91,15,15.7850074616307,3
91,16,15.74085844512,3
91,17,15.282823857069,3
91,18,14.3990068729713,3
91,19,15.0356006747747,3
91,20,14.7739428828558,3
91,21,13.2009338636846,6
91,22,13.6192519229413,6
91,23,15.062606729776,3
91,24,14.9236774002918,3
91,25,15.9716947810279,3
91,26,14.614584890059,3
91,27,14.8973897519246,3
91,28,15.0999967905925,3
91,29,13.0454230343227,6
91,30,13.1178410009362,6
91,31,13.2473060148152,6
91,32,12.4047090550171,6
91,33,15.8043762261758,3
91,34,15.3495026372166,3
91,35,14.8338645780745,3
91,36,15.7281015138565,3
91,37,14.1825133881202,3
91,38,12.8738505314135,6
91,39,13.4506844223111,6
91,40,12.538759567724,6
91,41,12.9392012488204,6
91,42,13.9972358666651,6
91,43,13.1524282232715,6
91,44,13.126834576126,6
91,45,13.1928176156191,6
91,46,12.9634531115532,6
91,47,12.4391493292835,6
91,48,13.3829393371491,6
91,49,13.0025825511262,6
91,50,13.0224464297028,6
91,51,13.1433182173534,6
91,52,12.6738226589859,6
91,53,12.9199037696561,6
91,54,13.0348669928437,6
91,55,12.9376856412066,6
91,56,12.7461326086923,6
91,57,13.3571232884156,6
91,58,12.4953179510454,6
91,59,14.313219639676,3
91,60,15.1600413066406,3
91,61,16.1454442972626,3
91,62,14.6913906050379,3
91,63,14.9411599928646,3
91,64,14.6014874306476,3
91,65,13.0488347065211,3
91,66,14.801643778243,3
91,67,14.8807391622586,3
91,68,14.0198074436724,3
91,69,15.2806490232296,3
91,70,15.2214650006357,3
91,71,15.2281469490405,3
91,72,14.7422671846177,3
91,73,15.236528634605,3
91,74,14.1024499934461,3
91,75,15.3460628755647,3
91,76,14.8394075501751,3
91,77,14.4089029532545,3
91,78,15.4414968866667,3
91,79,13.7639051932311,3
91,80,14.9153156495025,3
91,81,15.4427847615685,3
91,82,15.33667573384,3
91,83,14.7138598640296,3
91,84,15.8489190147791,3
91,85,15.6359407693791,3
91,86,14.3664119993272,3
91,87,14.8081886563205,3
91,88,14.940495416855,3
91,89,12.468421740234,6
91,90,13.5948691790238,6
91,91,12.1712556150113,6
91,92,12.4248922235381,6
91,93,13.7143512253384,6
91,94,14.8979660229612,3
91,95,14.3788858819994,3
91,96,15.5120510872648,3
91,97,15.2745281456312,3
91,98,15.5725532467496,3
91,99,16.3866274677564,3
91,100,13.1571051555716,6
92,1,16.9867790519777,4
92,2,17.5571816494234,4
92,3,17.4545085659362,4
92,4,16.9504376367083,4
92,5,16.3252404979356,4
92,6,16.8071569779702,4
92,7,16.5300530127229,4
92,8,16.9317122307807,4
92,9,16.5857395710301,4
92,10,17.4099002736164,4
92,11,15.190685992773,3
92,12,12.7644013299834,6
92,13,13.0051095672728,6
92,14,11.8852200260064,6
92,15,12.9845590424281,6
92,16,11.5767022102315,6
92,17,13.6898879663418,6
92,18,13.57131116786,6
92,19,13.3003565994523,6
92,20,13.0047632328592,6
92,21,12.4276707620991,6
92,22,13.0561904328349,6
92,23,11.5969412760026,6
92,24,12.8208598046934,6
92,25,12.6430179568725,6
92,26,14.5130669241053,3
92,27,14.6972273077159,3
92,28,14.6560500771948,3
92,29,12.8653872911394,6
92,30,13.6402986873884,6
92,31,15.0042846502036,3
92,32,15.3724134081082,3
92,33,14.8918493769937,3
92,34,13.2486891958135,6
92,35,11.97734467506,6
92,36,12.4007916988246,6
92,37,12.1588680292093,6
92,38,13.5184377640205,6
92,39,12.5768123747623,6
92,40,11.9949259799792,6
92,41,12.7983911550525,6
92,42,13.2276515616958,6
92,43,13.2085305137776,6
92,44,12.9663367692778,6
92,45,13.5027940838112,6
92,46,13.3847088718247,6
92,47,13.1028297870914,6
92,48,12.5520463991153,6
92,49,12.5230966561854,6
92,50,12.8569773631583,6
92,51,13.3461474530409,6
92,52,12.8932884684147,6
92,53,13.5813033068859,6
92,54,13.6628682941778,6
92,55,13.0103392077229,6
92,56,12.4548525546824,6
92,57,12.3626399262917,6
92,58,13.5388934098831,6
92,59,12.4046277421449,6
92,60,13.7921585972036,6
92,61,13.4292811394186,6
92,62,13.1614209719574,6
92,63,13.0949037579638,6
92,64,13.2076988301764,6
92,65,13.2615121366539,6
92,66,13.5896403894728,6
92,67,14.8953540975858,3
92,68,15.2810149105625,3
92,69,14.6481988756261,3
92,70,15.1652607554624,3
92,71,14.6820361634714,3
92,72,15.3087714775733,3
92,73,14.6844219372197,3
92,74,14.2285387548756,3
92,75,14.7897219251289,3
92,76,14.5373314731314,3
92,77,14.5698564223648,3
92,78,14.8360583842036,3
92,79,15.8166234470048,3
92,80,17.2164427741743,4
92,81,17.3960620587211,4
92,82,16.9827219173335,4
92,83,16.9772588279411,4
92,84,17.2410056421801,4
92,85,17.1883936309192,4
92,86,16.9389702646704,4
92,87,16.6074507080124,4
92,88,17.1949748771659,4
92,89,17.3082542929053,4
92,90,17.0409008060365,4
92,91,17.0913185597494,4
92,92,17.6286851401889,4
92,93,16.1634138023115,4
92,94,16.405798431569,4
92,95,17.1921277876372,4
92,96,17.1261557514508,4
92,97,16.5027467008433,4
92,98,16.5728280217854,4
92,99,17.4253934266316,4
92,100,17.2631739803611,4
93,1,7.51931879881512,10
93,2,7.02519986896132,10
93,3,6.95586957138514,10
93,4,6.93007792639199,10
93,5,6.09629891130001,10
93,6,7.04680357926669,10
93,7,7.12444092912989,10
93,8,6.19281320222729,10
93,9,5.74563141869343,10
93,10,6.15259902614743,10
93,11,7.39986619063375,10
93,12,6.8353564059037,10
93,13,7.03938863888643,10
93,14,6.66865198876952,10
93,15,6.17683354144793,10
93,16,7.73875007917313,10
93,17,7.79731972837079,10
93,18,7.2405854302249,10
93,19,6.34492494151187,10
93,20,6.76416659340452,10
93,21,7.33968091823442,10
93,22,6.68360600343743,10
93,23,7.69245958706551,10
93,24,6.62202091823254,10
93,25,6.16261937649653,10
93,26,6.77699562153708,10
93,27,7.01244498083151,10
93,28,6.84089895939311,10
93,29,6.1373632260273,10
93,30,7.08784295560889,10
93,31,7.4342462555409,10
93,32,6.71520959206606,10
93,33,7.36137938370175,10
93,34,7.32843944015133,10
93,35,7.08064921324083,10
93,36,6.97650018459445,10
93,37,7.28824526340826,10
93,38,7.74634598805982,10
93,39,7.27409026925757,10
93,40,7.75027158864047,10
93,41,6.57280770464421,10
93,42,7.00180995655775,10
93,43,7.78524427399177,10
93,44,6.83745313542638,10
93,45,6.92682827788882,10
93,46,6.7054731106293,10
93,47,8.09720230723005,10
93,48,6.75118110061861,10
93,49,6.76243328965727,10
93,50,6.83298045219756,10
93,51,7.13360357088846,10
93,52,5.70184980886199,10
93,53,7.08923070659078,10
93,54,7.48030752474186,10
93,55,7.72771513816951,10
93,56,7.03354075017057,10
93,57,7.25750368280689,10
93,58,6.47474852865057,10
93,59,6.94396645861547,10
93,60,6.17676590147358,10
93,61,6.66100774609154,10
93,62,6.81239359490882,10
93,63,6.92301850583187,10
93,64,7.87187590240783,10
93,65,6.97441440083491,10
93,66,7.46640655198542,10
93,67,6.78728292590448,10
93,68,6.95190973294079,10
93,69,6.75883450509907,10
93,70,7.19689313632123,10
93,71,7.04934270351193,10
93,72,7.29015724476217,10
93,73,7.78907706199052,10
93,74,6.9915715645246,10
93,75,7.14474245300023,10
93,76,7.67722041426839,10
93,77,6.86143652112135,10
93,78,7.09951802322366,10
93,79,7.59914057577205,10
93,80,7.15735879363608,10
93,81,6.93345249425922,10
93,82,6.68236025338196,10
93,83,6.30644026234677,10
93,84,6.75772127686101,10
93,85,7.17624019692929,10
93,86,6.80799443520599,10
93,87,7.16362486772936,10
93,88,7.88771215811779,10
93,89,7.079948493861,10
93,90,6.77572345370412,10
93,91,6.6321736787248,10
93,92,7.51112443268258,10
93,93,6.08374436384959,10
93,94,7.40594710244009,10
93,95,6.90289325650876,10
93,96,7.18258325646509,10
93,97,7.47076351926221,10
93,98,7.39145623845556,10
93,99,6.74162039015451,10
93,100,7.23352488584817,10
94,1,9.44049182568744,2
94,2,10.6681848868898,2
94,3,10.1721486562183,2
94,4,9.72822170475725,2
94,5,9.70578587356579,2
94,6,10.0836049305778,2
94,7,9.72801988188442,2
94,8,9.62003452347651,2
94,9,9.59836942230546,2
94,10,10.2068600891061,2
94,11,10.3820356542934,8
94,12,11.3548883048263,8
94,13,10.6518549965303,8
94,14,16.956854678977,11
94,15,17.2979435203894,11
94,16,17.2157389743521,11
94,17,17.3295736530266,11
94,18,17.511227713719,11
94,19,17.3123289014847,11
94,20,16.3735914220027,11
94,21,17.0471539991885,11
94,22,16.9990462810322,11
94,23,19.0286809940983,11
94,24,17.305356103223,11
94,25,17.0675915454905,11
94,26,16.9822503289484,11
94,27,17.3135399412034,11
94,28,17.4234308463222,11
94,29,17.3772534362305,11
94,30,16.9171344285855,11
94,31,17.6828208305219,11
94,32,16.8119664916168,11
94,33,16.4918575957755,11
94,34,17.4174267144098,11
94,35,17.697177218218,11
94,36,10.7294387150141,8
94,37,10.6504307349746,8
94,38,10.9474353010814,8
94,39,10.2048009461704,8
94,40,11.4469938618789,8
94,41,11.5806186048422,8
94,42,10.8032581967193,8
94,43,10.9281951841288,8
94,44,11.2290445962066,8
94,45,11.2514467920498,8
94,46,10.7884589068877,8
94,47,9.67506505400615,8
94,48,9.0350447280943,9
94,49,11.6828237785547,8
94,50,9.86323161354206,9
94,51,9.05968793016696,9
94,52,9.48034795185481,9
94,53,9.1220460228597,9
94,54,8.73655333961297,9
94,55,8.69736005214039,9
94,56,8.54553430258357,9
94,57,11.4617546480015,8
94,58,10.8082157111317,8
94,59,9.63339301864121,9
94,60,8.77891541289884,9
94,61,9.15438991274349,9
94,62,8.93809768727719,9
94,63,8.9738043308879,9
94,64,10.6357210409524,8
94,65,11.8695044750393,8
94,66,12.0438207708891,8
94,67,11.1949705033104,8
94,68,10.2312358659847,8
94,69,10.2751035811157,8
94,70,11.4962867433547,8
94,71,11.1370992956448,8
94,72,10.6191936649942,8
94,73,8.87315874300159,9
94,74,11.3043624476528,8
94,75,9.41652733163735,9
94,76,9.07119070952023,9
94,77,11.1180801823117,8
94,78,11.0650802485452,8
94,79,8.33044257078924,9
94,80,9.2214789591715,9
94,81,8.09032341694072,9
94,82,8.81806917297324,9
94,83,8.57672643322613,9
94,84,9.77771281948213,9
94,85,8.80386015127833,9
94,86,8.71079626557676,9
94,87,9.61304905156162,9
94,88,9.2775830070515,9
94,89,9.0868650078701,9
94,90,8.93064548211894,9
94,91,10.7416509278187,8
94,92,10.3220213612909,8
94,93,9.1789036187725,9
94,94,9.40458007294492,9
94,95,8.90172999335584,9
94,96,8.97875074420959,9
94,97,9.04220101709869,9
94,98,8.24585540872141,9
94,99,9.01101154767881,9
94,100,11.1899821200838,8
95,1,18.7148471993371,5
95,2,19.4533922893895,5
95,3,19.3263912085292,5
95,4,19.2458086329657,5
95,5,17.9170226376402,5
95,6,18.7795284026325,5
95,7,18.960163193846,5
95,8,18.9662044695728,5
95,9,19.5775380759953,5
95,10,19.1403349175816,5
95,11,18.9248044465183,5
95,12,19.6748603140687,5
95,13,18.512455178355,5
95,14,19.4411678209489,5
95,15,19.3682377966901,5
95,16,19.0584282439482,5
95,17,19.1295327456622,5
95,18,18.6460859081823,5
95,19,19.2875507586908,5
95,20,18.7606908235106,5
95,21,18.9537233933568,5
95,22,18.8821527425865,5
95,23,19.1617392779691,5
95,24,17.8481508011996,5
95,25,19.5190862196668,5
95,26,18.7381359958965,5
95,27,18.9714323083294,5
95,28,18.2763851891809,5
95,29,18.1521749548092,5
95,30,18.458446224426,5
95,31,19.3138604785599,5
95,32,19.7489837535282,5
95,33,19.1529060902613,5
95,34,19.2459133693262,5
95,35,19.2981772017868,5
95,36,18.7985666933253,5
95,37,19.3814383011505,5
95,38,18.2811580221232,5
95,39,19.4231495489459,5
95,40,19.3369860816513,5
95,41,18.0900360311815,5
95,42,19.1466201143329,5
95,43,18.9038553609559,5
95,44,18.9306815435027,5
95,45,18.620884867967,5
95,46,18.7723367325683,5
95,47,18.7104106671896,5
95,48,18.5356463834084,5
95,49,18.7166059009447,5
95,50,19.399519838573,5
95,51,19.2826870084662,5
95,52,19.5454371921297,5
95,53,18.5094933816831,5
95,54,19.002959276028,5
95,55,19.465033826499,5
95,56,18.823429937817,5
95,57,19.4315455768907,5
95,58,19.4738245107757,5
95,59,18.8627628557083,5
95,60,18.9460410550473,5
95,61,18.8081731583906,5
95,62,19.0982221675308,5
95,63,18.5333076508846,5
95,64,18.5205247165457,5
95,65,19.1150448462688,5
95,66,19.3113295539124,5
95,67,19.4872955107379,5
95,68,19.0664333682551,5
95,69,18.3367554948676,5
95,70,18.2084055687298,5
95,71,17.8973432866009,5
95,72,19.9706755466393,5
95,73,18.0186521837302,5
95,74,19.4386316830831,5
95,75,19.054468025648,5
95,76,19.0831158528773,5
95,77,19.5319722892218,5
95,78,20.0744410922232,5
95,79,18.9185420134796,5
95,80,18.8783591604946,5
95,81,19.076067146621,5
95,82,18.394519166609,5
95,83,18.6153655344762,5
95,84,18.94676103137,5
95,85,19.0177982034481,5
95,86,18.4021870544586,5
95,87,19.2686885478653,5
95,88,19.3896303860851,5
95,89,19.1941874058193,5
95,90,18.1141021596062,5
95,91,19.1000663137691,5
95,92,19.3856948306529,5
95,93,18.8507054857983,5
95,94,19.2582911400937,5
95,95,18.8611350310543,5
95,96,19.5584577724817,5
95,97,18.9942296344564,5
95,98,19.0777888194838,5
95,99,18.0473395702163,5
95,100,18.9095665179587,5
96,1,7.34312298929561,10
96,2,7.21172325849441,10
96,3,6.93994221300439,10
96,4,7.54349947978525,10
96,5,6.07500189762025,10
96,6,7.19918624389168,10
96,7,6.1953365092584,10
96,8,7.16920974675113,10
96,9,6.89641770450418,10
96,10,8.88857027866096,9
96,11,8.98291458228085,9
96,12,9.10479429241539,9
96,13,11.6592998090613,8
96,14,9.88048812348712,8
96,15,10.7317544350929,8
96,16,11.1249218771606,8
96,17,11.4296799204061,8
96,18,11.3115182243743,8
96,19,8.13351282232451,9
96,20,8.95896925156997,9
96,21,8.46224896773713,9
96,22,9.16776413650935,9
96,23,8.3446184482671,9
96,24,8.65922432266238,9
96,25,10.1702816213647,9
96,26,8.73234816245156,9
96,27,9.25087312435804,9
96,28,9.09927203592972,9
96,29,8.4537482730603,9
96,30,8.33300077365124,9
96,31,10.5495026350615,8
96,32,11.568985205969,8
96,33,11.4341593866662,8
96,34,10.1899429616208,8
96,35,11.3457312730209,8
96,36,9.18360817738851,9
96,37,9.0561436255712,9
96,38,10.8514250542381,8
96,39,17.2357201907748,11
96,40,16.9981576987838,11
96,41,17.3947432380587,11
96,42,16.6156014638559,11
96,43,16.306692300754,11
96,44,17.2907860264975,11
96,45,9.78916576061628,9
96,46,9.38705551876437,9
96,47,11.3341848880442,8
96,48,11.0250496968305,8
96,49,11.0334702155636,8
96,50,7.88889079588982,9
96,51,10.3467009849388,8
96,52,8.94697601626254,9
96,53,11.5150747908542,8
96,54,8.33862391323763,9
96,55,9.32273217550338,9
96,56,9.30948645025252,9
96,57,11.3790358196405,8
96,58,9.33223880154528,9
96,59,9.9909577545465,9
96,60,9.19961542584233,9
96,61,8.47004528263061,9
96,62,8.4522438100085,9
96,63,10.7834536672601,8
96,64,10.4377690277779,8
96,65,8.81985011952249,9
96,66,10.1082992095826,9
96,67,10.4123270885343,8
96,68,11.5310534589632,8
96,69,10.8932802685696,8
96,70,11.8149765724409,8
96,71,10.8101530732668,8
96,72,11.8158465835481,8
96,73,10.7908057484278,8
96,74,10.9163677887699,8
96,75,10.5980079019381,8
96,76,11.4046757157444,8
96,77,8.81083868943917,9
96,78,8.4725725478955,9
96,79,8.19286342845914,9
96,80,9.16847052027259,9
96,81,11.0295242089356,8
96,82,9.09050265096206,9
96,83,8.92234403847218,9
96,84,9.64571638732995,9
96,85,8.36990881381204,9
96,86,8.86540843489378,9
96,87,8.66027880258596,9
96,88,9.33108107982947,9
96,89,8.62376574141397,9
96,90,8.44496781232325,9
96,91,11.5036701359173,8
96,92,10.8378954230459,8
96,93,10.9234820231238,8
96,94,10.6397692950722,8
96,95,8.78090155213555,9
96,96,8.59106938282842,9
96,97,8.98354585007703,9
96,98,9.20807801802315,9
96,99,8.35126790144031,9
96,100,11.0151220281665,8
97,1,16.9990661875832,11
97,2,17.7592941556517,11
97,3,16.6444345018363,11
97,4,17.9154912690581,11
97,5,17.0748526068641,11
97,6,17.2356538521798,11
97,7,16.3768695465522,11
97,8,17.2122954337393,11
97,9,17.1543016669226,11
97,10,15.9809999942461,11
97,11,16.9217873067752,11
97,12,17.8133005494184,11
97,13,16.8448107084211,11
97,14,17.4079368623538,11
97,15,17.1538412400277,11
97,16,16.9013109296843,11
97,17,17.1168991055026,11
97,18,17.5448111633268,11
97,19,17.0717119707601,11
97,20,16.7524328460819,11
97,21,17.1732123499736,11
97,22,16.920367975446,11
97,23,16.8519877571618,11
97,24,16.3312608874869,11
97,25,16.8748952524687,11
97,26,16.7743505770807,11
97,27,17.0058131765502,11
97,28,16.6406259214594,11
97,29,16.9252684652068,11
97,30,17.8098315560817,11
97,31,11.5241457783135,8
97,32,10.7667362065981,8
97,33,9.17256680404429,9
97,34,9.79084993592632,9
97,35,9.05123224458497,9
97,36,8.70596939216195,9
97,37,8.70830534211954,9
97,38,10.5609396106623,8
97,39,11.432228988544,8
97,40,10.618923273552,8
97,41,9.16874228225007,9
97,42,8.92689914775449,9
97,43,10.9690974162341,8
97,44,10.4322737079357,8
97,45,15.987339717229,11
97,46,16.6027371860505,11
97,47,17.5176679452458,11
97,48,16.9149624727139,11
97,49,16.727793032608,11
97,50,16.5348760592113,11
97,51,16.7787084865235,11
97,52,16.3547004143357,11
97,53,17.5532166609951,11
97,54,18.4932836390558,11
97,55,16.8251692546195,11
97,56,17.1437577339386,11
97,57,17.0647174557164,11
97,58,17.0812489964671,11
97,59,10.290598948642,8
97,60,11.6119304685353,8
97,61,11.5880769422391,8
97,62,11.5467884843232,8
97,63,10.4045069808465,8
97,64,8.92696544566236,9
97,65,9.58717254153927,9
97,66,7.98438830329345,9
97,67,8.78363891423457,9
97,68,8.8544340534203,9
97,69,9.668729773799,9
97,70,8.68573667683082,9
97,71,10.7865359331072,8
97,72,11.6028593571668,8
97,73,11.2677611853149,8
97,74,7.30225994661017,9
97,75,11.1381130976773,8
97,76,10.2365938950953,8
97,77,10.97277772366,8
97,78,8.67855602604777,9
97,79,8.88076048599435,9
97,80,7.79175065013937,9
97,81,8.78454820987953,9
97,82,11.2929134276808,8
97,83,10.6001293171206,8
97,84,10.0181332330569,8
97,85,10.3115011159097,8
97,86,11.0523909832928,8
97,87,11.178698356541,8
97,88,10.9717654597523,8
97,89,11.1994669623655,8
97,90,10.9859872263654,8
97,91,10.6678299507044,8
97,92,16.8349331343018,11
97,93,17.729774154828,11
97,94,15.9641695616151,11
97,95,16.7142308452867,11
97,96,10.6222049551045,8
97,97,11.8162841002152,8
97,98,11.7892281728119,8
97,99,11.8003818738758,8
97,100,11.8144930425625,8
98,1,19.5338140145815,12
98,2,18.9300561364616,12
98,3,18.9834166533325,12
98,4,19.3136935040235,12
98,5,19.8071750841674,12
98,6,18.2698639819804,12
98,7,18.7979211499255,12
98,8,18.7647515401117,12
98,9,18.8361220195504,12
98,10,20.1038565009292,12
98,11,20.1015379358036,12
98,12,18.8771481472168,12
98,13,19.3134035753835,12
98,14,18.5653834764103,12
98,15,18.7228449079801,12
98,16,18.04967883178,12
98,17,19.3640058422417,12
98,18,18.8323321230911,12
98,19,18.7072365156762,12
98,20,19.6614143524454,12
98,21,18.8795992245225,12
98,22,19.6445118555257,12
98,23,19.3208776017387,12
98,24,18.4530287039373,12
98,25,19.1862982328582,12
98,26,18.5174874638195,12
98,27,19.9636788341414,12
98,28,19.1357598862654,12
98,29,19.5993466993809,12
98,30,19.2796288671627,12
98,31,19.5801862267129,12
98,32,18.0718203486616,12
98,33,18.7182883946928,12
98,34,19.0940218195067,12
98,35,18.947926647919,12
98,36,18.8176853526898,12
98,37,19.7407306132801,12
98,38,19.959542313901,12
98,39,19.2963069627099,12
98,40,19.0266057671018,12
98,41,18.2673600831111,12
98,42,18.4279773146552,12
98,43,19.3659656620034,12
98,44,18.470186592008,12
98,45,19.0709993155419,12
98,46,19.1081005911269,12
98,47,19.408004640286,12
98,48,18.8435915576439,12
98,49,19.609297655567,12
98,50,19.6745307780742,12
98,51,18.8365546748688,12
98,52,19.4877175440204,12
98,53,18.0015279275193,12
98,54,18.4467005372237,12
98,55,19.3406497314256,12
98,56,18.7943528876968,12
98,57,18.8033249406519,12
98,58,18.8852948030501,12
98,59,18.551804115332,12
98,60,18.3157336601408,12
98,61,18.7931552151401,12
98,62,19.302342018549,12
98,63,18.8460972285486,12
98,64,19.2981776039997,12
98,65,18.8968779182799,12
98,66,19.381085597577,12
98,67,18.9029647383172,12
98,68,17.5160808473894,12
98,69,18.165496811134,12
98,70,19.6731595710582,12
98,71,19.0241273247077,12
98,72,19.9004166784722,12
98,73,19.0502905824826,12
98,74,18.3651513780872,12
98,75,18.0614033432386,12
98,76,18.4781335840063,12
98,77,19.3445056575023,12
98,78,19.0995801482797,12
98,79,19.1275677144366,12
98,80,18.5358357086357,12
98,81,19.299719387044,12
98,82,18.9514425792525,12
98,83,19.4389768535079,12
98,84,19.187056696214,12
98,85,18.8850606460603,12
98,86,19.3023278421446,12
98,87,19.0943077363664,12
98,88,18.0131079565468,12
98,89,18.9964815110469,12
98,90,19.2380195704919,12
98,91,19.7731776396554,12
98,92,19.5672843203313,12
98,93,18.7437433433638,12
98,94,18.6694377668531,12
98,95,18.6515846315203,12
98,96,18.4674399823608,12
98,97,18.6046415883943,12
98,98,18.9296849765585,12
98,99,19.7618254038852,12
98,100,18.7344281009603,12
99,1,8.08469106600821,10
99,2,7.02420155865892,10
99,3,7.1855865170406,10
99,4,7.16089791457207,10
99,5,7.22037455102642,10
99,6,6.16800312386952,10
99,7,6.69454702608376,10
99,8,7.43477165454481,10
99,9,7.12766249280086,10
99,10,7.02904570580979,10
99,11,6.88228556041059,10
99,12,6.49288922509024,10
99,13,7.07075801077092,10
99,14,6.59205726157231,10
99,15,6.40988449694558,10
99,16,7.80762828977782,10
99,17,6.57826638577357,10
99,18,6.5954295492697,10
99,19,7.05060132815077,10
99,20,6.8637778946156,10
99,21,7.22166162954895,10
99,22,7.18163816099996,10
99,23,7.114587272766,10
99,24,6.72492103816224,10
99,25,7.39153898758655,10
99,26,7.2745189889289,10
99,27,6.59117592270464,10
99,28,7.2796143127445,10
99,29,7.75885149822159,10
99,30,7.17734923267939,10
99,31,6.99126401460416,10
99,32,7.5386574618215,10
99,33,6.87996472985407,10
99,34,7.69977541586544,10
99,35,6.51693596165231,10
99,36,7.07565585468246,10
99,37,8.04290718105161,10
99,38,6.76197693912348,10
99,39,7.48367356416772,10
99,40,6.31633511916553,10
99,41,6.64503958859749,10
99,42,6.77890438032027,10
99,43,7.0294394471515,10
99,44,6.75913445956577,10
99,45,7.13016813268044,10
99,46,6.765217269594,10
99,47,7.03643379746697,10
99,48,7.09618316507273,10
99,49,6.41871380804334,10
99,50,7.07883547989597,10
99,51,7.11570100864925,10
99,52,6.95343650927335,10
99,53,6.73377976113403,10
99,54,6.84605457987385,10
99,55,8.30958676398979,10
99,56,7.68300525396117,10
99,57,7.04602695155912,10
99,58,6.8681337432085,10
99,59,6.40405317152283,10
99,60,6.84395330982071,10
99,61,7.7103681579648,10
99,62,6.54994285581088,10
99,63,6.60787782548269,10
99,64,7.43161272139884,10
99,65,6.79544050464829,10
99,66,6.60387704063235,10
99,67,6.70690152088282,10
99,68,7.31950350775394,10
99,69,6.87367157852383,10
99,70,7.20883811165615,10
99,71,7.89653050848818,10
99,72,7.34659827467614,10
99,73,6.12648180739786,10
99,74,7.00400987900545,10
99,75,6.88244624524652,10
99,76,6.94117009729725,10
99,77,7.56431523480217,10
99,78,7.14538441984602,10
99,79,7.18434535307988,10
99,80,7.06466913796336,10
99,81,7.78782726035656,10
99,82,6.97054424448248,10
99,83,7.22895705416971,10
99,84,7.31073913555733,10
99,85,6.70704214648933,10
99,86,7.85015710017288,10
99,87,7.05221237618099,10
99,88,7.41477179612967,10
99,89,7.31690891384625,10
99,90,6.81086523779672,10
99,91,7.5797913118285,10
99,92,6.82887004329344,10
99,93,6.89729459355804,10
99,94,7.17550179076739,10
99,95,7.26037324521062,10
99,96,7.66411530477883,10
99,97,7.17157993694447,10
99,98,7.46510535247072,10
99,99,6.55996022068714,10
99,100,7.02298844131424,10
100,1,16.9404137853508,4
100,2,17.0487025279133,4
100,3,17.1048142335982,4
100,4,16.9711014245688,4
100,5,14.9208482019236,3
100,6,15.1173726108417,3
100,7,14.4992323934116,3
100,8,15.163775825704,3
100,9,15.7053618373378,3
100,10,15.0541724321195,3
100,11,15.2387029509439,3
100,12,15.1182534472764,3
100,13,15.3247934259368,3
100,14,15.3413695547193,3
100,15,14.6374485780453,3
100,16,14.6884655789043,3
100,17,14.9366799927636,3
100,18,15.4148586997206,3
100,19,15.4330815839438,3
100,20,14.1182405967658,3
100,21,14.6682346358697,3
100,22,15.0127343552555,3
100,23,15.1748656447392,3
100,24,14.4665858661957,3
100,25,15.1087304117271,3
100,26,13.7316975982353,6
100,27,13.1470923506456,6
100,28,13.2647617326521,6
100,29,12.8245684441108,6
100,30,13.1542520443763,6
100,31,12.8413751939999,6
100,32,13.5316252444847,6
100,33,12.4154599691172,6
100,34,13.1229103097128,6
100,35,13.5090019999574,6
100,36,13.252413212061,6
100,37,11.9348347420165,6
100,38,12.6991556534022,6
100,39,13.286768743153,6
100,40,13.264652503618,6
100,41,12.6172015638676,6
100,42,13.2074044199076,6
100,43,13.1753377031052,6
100,44,12.8485619920556,6
100,45,13.2554396126294,6
100,46,13.8374644073155,6
100,47,13.4255948542189,6
100,48,13.4561557768959,6
100,49,12.6486490900359,6
100,50,12.9485896182118,6
100,51,13.5545326898998,6
100,52,13.4481196987607,6
100,53,13.4614121748357,6
100,54,12.9224459701126,6
100,55,13.5226279310487,6
100,56,12.7859554118588,6
100,57,14.0303891413648,3
100,58,15.1523549622835,3
100,59,14.6829152620991,3
100,60,16.2737753709381,3
100,61,14.4899356745322,3
100,62,15.7293112541602,3
100,63,14.8986212746606,3
100,64,15.3240478147959,3
100,65,15.0730668878884,3
100,66,14.802872580343,3
100,67,15.8489923828707,3
100,68,15.2623523632506,3
100,69,15.4705509798595,3
100,70,14.9974082921843,3
100,71,13.7406294338871,6
100,72,12.3691298758092,6
100,73,13.4024871597045,6
100,74,13.9644236024758,6
100,75,13.2134427777721,6
100,76,13.3686189024,6
100,77,13.7976674457325,6
100,78,13.3994896123965,6
100,79,14.5597159209109,3
100,80,14.6609864395404,3
100,81,14.6511371386146,3
100,82,14.5291993051815,3
100,83,12.7794207135416,6
100,84,11.5003407259939,6
100,85,13.0477158824666,6
100,86,14.5377767088295,3
100,87,14.6369280939797,3
100,88,15.2754780373492,3
100,89,15.3483767538634,3
100,90,15.2339449853532,3
100,91,17.4846508689449,4
100,92,16.4052023140873,4
100,93,16.2414359793825,4
100,94,17.1947268529735,4
100,95,17.0974216204529,4
100,96,16.5708041076898,4
100,97,16.9357500547514,4
100,98,17.2951307063557,4
100,99,17.6858041557074,4
100,100,17.2207750430426,4
